$ vite build && python3 scripts/patch_nitro_ssr_cycle.py
The plugin "vite-tsconfig-paths" is detected. Vite now supports tsconfig paths resolution natively via the resolve.tsconfigPaths option. You can remove the plugin and set resolve.tsconfigPaths: true in your Vite config instead.
vite v8.2.1 building client environment for production...
[2Ktransforming...[plugin tanstack-start-core::server-fn:client] /home/ubuntu/dioris-audit-repo/src/core/services/tenant.functions.ts:41:30 createServerFn().inputValidator() is deprecated. Use createServerFn().validator() instead.
[plugin tanstack-start-core::server-fn:client] /home/ubuntu/dioris-audit-repo/src/core/services/tenant.functions.ts:241:36 createServerFn().inputValidator() is deprecated. Use createServerFn().validator() instead.
[plugin tanstack-start-core::server-fn:client] /home/ubuntu/dioris-audit-repo/src/core/services/tenant.functions.ts:284:29 createServerFn().inputValidator() is deprecated. Use createServerFn().validator() instead.
[plugin tanstack-start-core::server-fn:client] /home/ubuntu/dioris-audit-repo/src/core/services/tenant.functions.ts:316:33 createServerFn().inputValidator() is deprecated. Use createServerFn().validator() instead.
[plugin tanstack-start-core::server-fn:client] /home/ubuntu/dioris-audit-repo/src/core/services/tenant.functions.ts:345:32 createServerFn().inputValidator() is deprecated. Use createServerFn().validator() instead.
[plugin tanstack-start-core::server-fn:client] /home/ubuntu/dioris-audit-repo/src/core/services/tenant.functions.ts:378:33 createServerFn().inputValidator() is deprecated. Use createServerFn().validator() instead.
[plugin tanstack-start-core::server-fn:client] /home/ubuntu/dioris-audit-repo/src/core/services/tenant.functions.ts:395:33 createServerFn().inputValidator() is deprecated. Use createServerFn().validator() instead.
[plugin tanstack-start-core::server-fn:client] /home/ubuntu/dioris-audit-repo/src/lib/public-blog.functions.ts:80:34 createServerFn().inputValidator() is deprecated. Use createServerFn().validator() instead.
[plugin tanstack-start-core::server-fn:client] /home/ubuntu/dioris-audit-repo/src/lib/planner-projects.functions.ts:63:27 createServerFn().inputValidator() is deprecated. Use createServerFn().validator() instead.
[plugin tanstack-start-core::server-fn:client] /home/ubuntu/dioris-audit-repo/src/lib/planner-projects.functions.ts:77:33 createServerFn().inputValidator() is deprecated. Use createServerFn().validator() instead.
[plugin tanstack-start-core::server-fn:client] /home/ubuntu/dioris-audit-repo/src/lib/planner-projects.functions.ts:106:30 createServerFn().inputValidator() is deprecated. Use createServerFn().validator() instead.
[plugin tanstack-start-core::server-fn:client] /home/ubuntu/dioris-audit-repo/src/lib/planner-projects.functions.ts:131:33 createServerFn().inputValidator() is deprecated. Use createServerFn().validator() instead.
[plugin tanstack-start-core::server-fn:client] /home/ubuntu/dioris-audit-repo/src/lib/planner-projects.functions.ts:153:30 createServerFn().inputValidator() is deprecated. Use createServerFn().validator() instead.
[plugin tanstack-start-core::server-fn:client] /home/ubuntu/dioris-audit-repo/src/lib/checkout.functions.ts:86:34 createServerFn().inputValidator() is deprecated. Use createServerFn().validator() instead.
[plugin tanstack-start-core::server-fn:client] /home/ubuntu/dioris-audit-repo/src/lib/checkout.functions.ts:159:33 createServerFn().inputValidator() is deprecated. Use createServerFn().validator() instead.
[plugin tanstack-start-core::server-fn:client] /home/ubuntu/dioris-audit-repo/src/modules/planner/domains/catalog/library.admin.functions.ts:35:35 createServerFn().inputValidator() is deprecated. Use createServerFn().validator() instead.
[plugin tanstack-start-core::server-fn:client] /home/ubuntu/dioris-audit-repo/src/modules/planner/domains/catalog/library.admin.functions.ts:61:34 createServerFn().inputValidator() is deprecated. Use createServerFn().validator() instead.
[plugin tanstack-start-core::server-fn:client] /home/ubuntu/dioris-audit-repo/src/modules/planner/domains/catalog/library.admin.functions.ts:140:37 createServerFn().inputValidator() is deprecated. Use createServerFn().validator() instead.
[plugin tanstack-start-core::server-fn:client] /home/ubuntu/dioris-audit-repo/src/modules/planner/domains/catalog/library.admin.functions.ts:162:36 createServerFn().inputValidator() is deprecated. Use createServerFn().validator() instead.
[plugin tanstack-start-core::server-fn:client] /home/ubuntu/dioris-audit-repo/src/modules/planner/domains/catalog/library.admin.functions.ts:184:36 createServerFn().inputValidator() is deprecated. Use createServerFn().validator() instead.
[plugin tanstack-start-core::server-fn:client] /home/ubuntu/dioris-audit-repo/src/modules/planner/domains/catalog/library.admin.functions.ts:208:36 createServerFn().inputValidator() is deprecated. Use createServerFn().validator() instead.
[plugin tanstack-start-core::server-fn:client] /home/ubuntu/dioris-audit-repo/src/modules/planner/domains/catalog/library.admin.functions.ts:232:36 createServerFn().inputValidator() is deprecated. Use createServerFn().validator() instead.
[plugin tanstack-start-core::server-fn:client] /home/ubuntu/dioris-audit-repo/src/modules/planner/domains/catalog/library.admin.functions.ts:251:36 createServerFn().inputValidator() is deprecated. Use createServerFn().validator() instead.
[plugin tanstack-start-core::server-fn:client] /home/ubuntu/dioris-audit-repo/src/modules/planner/domains/catalog/library.admin.functions.ts:301:37 createServerFn().inputValidator() is deprecated. Use createServerFn().validator() instead.
[plugin tanstack-start-core::server-fn:client] /home/ubuntu/dioris-audit-repo/src/modules/planner/domains/catalog/library.admin.functions.ts:427:39 createServerFn().inputValidator() is deprecated. Use createServerFn().validator() instead.
[plugin tanstack-start-core::server-fn:client] /home/ubuntu/dioris-audit-repo/src/lib/planner-production.functions.ts:71:37 createServerFn().inputValidator() is deprecated. Use createServerFn().validator() instead.
[plugin tanstack-start-core::server-fn:client] /home/ubuntu/dioris-audit-repo/src/lib/planner-production.functions.ts:97:35 createServerFn().inputValidator() is deprecated. Use createServerFn().validator() instead.
[plugin tanstack-start-core::server-fn:client] /home/ubuntu/dioris-audit-repo/src/lib/planner-production.functions.ts:185:38 createServerFn().inputValidator() is deprecated. Use createServerFn().validator() instead.
[plugin tanstack-start-core::server-fn:client] /home/ubuntu/dioris-audit-repo/src/lib/planner-production.functions.ts:273:41 createServerFn().inputValidator() is deprecated. Use createServerFn().validator() instead.
[plugin tanstack-start-core::server-fn:client] /home/ubuntu/dioris-audit-repo/src/lib/planner-production.functions.ts:306:43 createServerFn().inputValidator() is deprecated. Use createServerFn().validator() instead.
[plugin tanstack-start-core::server-fn:client] /home/ubuntu/dioris-audit-repo/src/lib/planner-production.functions.ts:327:31 createServerFn().inputValidator() is deprecated. Use createServerFn().validator() instead.
[plugin tanstack-start-core::server-fn:client] /home/ubuntu/dioris-audit-repo/src/lib/planner-production.functions.ts:378:38 createServerFn().inputValidator() is deprecated. Use createServerFn().validator() instead.
[plugin tanstack-start-core::server-fn:client] /home/ubuntu/dioris-audit-repo/src/lib/planner-production.functions.ts:420:28 createServerFn().inputValidator() is deprecated. Use createServerFn().validator() instead.
[plugin tanstack-start-core::server-fn:client] /home/ubuntu/dioris-audit-repo/src/lib/admin-billing.functions.ts:86:38 createServerFn().inputValidator() is deprecated. Use createServerFn().validator() instead.
[plugin tanstack-start-core::server-fn:client] /home/ubuntu/dioris-audit-repo/src/lib/admin-blog.functions.ts:100:36 createServerFn().inputValidator() is deprecated. Use createServerFn().validator() instead.
[plugin tanstack-start-core::server-fn:client] /home/ubuntu/dioris-audit-repo/src/lib/admin-blog.functions.ts:158:36 createServerFn().inputValidator() is deprecated. Use createServerFn().validator() instead.
[plugin tanstack-start-core::server-fn:client] /home/ubuntu/dioris-audit-repo/src/lib/planner-assets.functions.ts:28:33 createServerFn().inputValidator() is deprecated. Use createServerFn().validator() instead.
[plugin tanstack-start-core::server-fn:client] /home/ubuntu/dioris-audit-repo/src/lib/planner-assets.functions.ts:45:34 createServerFn().inputValidator() is deprecated. Use createServerFn().validator() instead.
[plugin tanstack-start-core::server-fn:client] /home/ubuntu/dioris-audit-repo/src/lib/planner-assets.functions.ts:96:27 createServerFn().inputValidator() is deprecated. Use createServerFn().validator() instead.
[plugin tanstack-start-core::server-fn:client] /home/ubuntu/dioris-audit-repo/src/lib/planner-assets.functions.ts:120:25 createServerFn().inputValidator() is deprecated. Use createServerFn().validator() instead.
[plugin tanstack-start-core::server-fn:client] /home/ubuntu/dioris-audit-repo/src/lib/planner-assets.functions.ts:174:33 createServerFn().inputValidator() is deprecated. Use createServerFn().validator() instead.
[plugin tanstack-start-core::server-fn:client] /home/ubuntu/dioris-audit-repo/src/lib/planner-assets.functions.ts:243:36 createServerFn().inputValidator() is deprecated. Use createServerFn().validator() instead.
[plugin tanstack-start-core::server-fn:client] /home/ubuntu/dioris-audit-repo/src/lib/planner-assets.functions.ts:302:32 createServerFn().inputValidator() is deprecated. Use createServerFn().validator() instead.
[plugin tanstack-start-core::server-fn:client] /home/ubuntu/dioris-audit-repo/src/lib/planner-assets.functions.ts:335:34 createServerFn().inputValidator() is deprecated. Use createServerFn().validator() instead.
[plugin tanstack-start-core::server-fn:client] /home/ubuntu/dioris-audit-repo/src/lib/planner-assets.functions.ts:391:35 createServerFn().inputValidator() is deprecated. Use createServerFn().validator() instead.
[plugin tanstack-start-core::server-fn:client] /home/ubuntu/dioris-audit-repo/src/lib/planner-assets.functions.ts:425:32 createServerFn().inputValidator() is deprecated. Use createServerFn().validator() instead.
[plugin tanstack-start-core::server-fn:client] /home/ubuntu/dioris-audit-repo/src/lib/planner-assets.functions.ts:445:29 createServerFn().inputValidator() is deprecated. Use createServerFn().validator() instead.
[plugin tanstack-start-core::server-fn:client] /home/ubuntu/dioris-audit-repo/src/lib/planner-assets.functions.ts:491:34 createServerFn().inputValidator() is deprecated. Use createServerFn().validator() instead.
[plugin tanstack-start-core::server-fn:client] /home/ubuntu/dioris-audit-repo/src/lib/planner-ai.functions.ts:74:31 createServerFn().inputValidator() is deprecated. Use createServerFn().validator() instead.
[plugin tanstack-start-core::server-fn:client] /home/ubuntu/dioris-audit-repo/src/lib/planner-ai.functions.ts:99:32 createServerFn().inputValidator() is deprecated. Use createServerFn().validator() instead.
[plugin tanstack-start-core::server-fn:client] /home/ubuntu/dioris-audit-repo/src/lib/planner-ai.functions.ts:152:29 createServerFn().inputValidator() is deprecated. Use createServerFn().validator() instead.
[plugin tanstack-start-core::server-fn:client] /home/ubuntu/dioris-audit-repo/src/lib/planner-ai.functions.ts:220:32 createServerFn().inputValidator() is deprecated. Use createServerFn().validator() instead.
[plugin tanstack-start-core::server-fn:client] /home/ubuntu/dioris-audit-repo/src/lib/planner-ai.functions.ts:238:32 createServerFn().inputValidator() is deprecated. Use createServerFn().validator() instead.
[plugin tanstack-start-core::server-fn:client] /home/ubuntu/dioris-audit-repo/src/lib/planner-ai.functions.ts:266:32 createServerFn().inputValidator() is deprecated. Use createServerFn().validator() instead.
[plugin tanstack-start-core::server-fn:client] /home/ubuntu/dioris-audit-repo/src/lib/planner-ai.functions.ts:368:33 createServerFn().inputValidator() is deprecated. Use createServerFn().validator() instead.
[plugin tanstack-start-core::server-fn:client] /home/ubuntu/dioris-audit-repo/src/lib/planner-ai.functions.ts:430:29 createServerFn().inputValidator() is deprecated. Use createServerFn().validator() instead.
[plugin tanstack-start-core::server-fn:client] /home/ubuntu/dioris-audit-repo/src/lib/planner-ai.functions.ts:454:31 createServerFn().inputValidator() is deprecated. Use createServerFn().validator() instead.
[plugin tanstack-start-core::server-fn:client] /home/ubuntu/dioris-audit-repo/src/lib/planner-ai.functions.ts:478:31 createServerFn().inputValidator() is deprecated. Use createServerFn().validator() instead.
[plugin tanstack-start-core::server-fn:client] /home/ubuntu/dioris-audit-repo/src/lib/planner-ai.functions.ts:493:29 createServerFn().inputValidator() is deprecated. Use createServerFn().validator() instead.
[plugin tanstack-start-core::server-fn:client] /home/ubuntu/dioris-audit-repo/src/lib/planner-quotes.functions.ts:87:27 createServerFn().inputValidator() is deprecated. Use createServerFn().validator() instead.
[plugin tanstack-start-core::server-fn:client] /home/ubuntu/dioris-audit-repo/src/lib/planner-quotes.functions.ts:112:25 createServerFn().inputValidator() is deprecated. Use createServerFn().validator() instead.
[plugin tanstack-start-core::server-fn:client] /home/ubuntu/dioris-audit-repo/src/lib/planner-quotes.functions.ts:206:28 createServerFn().inputValidator() is deprecated. Use createServerFn().validator() instead.
[plugin tanstack-start-core::server-fn:client] /home/ubuntu/dioris-audit-repo/src/lib/planner-quotes.functions.ts:276:28 createServerFn().inputValidator() is deprecated. Use createServerFn().validator() instead.
[plugin tanstack-start-core::server-fn:client] /home/ubuntu/dioris-audit-repo/src/lib/planner-quotes.functions.ts:353:31 createServerFn().inputValidator() is deprecated. Use createServerFn().validator() instead.
[plugin tanstack-start-core::server-fn:client] /home/ubuntu/dioris-audit-repo/src/lib/planner-quotes.functions.ts:376:28 createServerFn().inputValidator() is deprecated. Use createServerFn().validator() instead.
[plugin tanstack-start-core::server-fn:client] /home/ubuntu/dioris-audit-repo/src/lib/planner-quotes.functions.ts:391:38 createServerFn().inputValidator() is deprecated. Use createServerFn().validator() instead.
[plugin tanstack-start-core::server-fn:client] /home/ubuntu/dioris-audit-repo/src/lib/planner-render.functions.ts:77:31 createServerFn().inputValidator() is deprecated. Use createServerFn().validator() instead.
[plugin tanstack-start-core::server-fn:client] /home/ubuntu/dioris-audit-repo/src/lib/planner-render.functions.ts:99:29 createServerFn().inputValidator() is deprecated. Use createServerFn().validator() instead.
[plugin tanstack-start-core::server-fn:client] /home/ubuntu/dioris-audit-repo/src/lib/planner-render.functions.ts:165:33 createServerFn().inputValidator() is deprecated. Use createServerFn().validator() instead.
[plugin tanstack-start-core::server-fn:client] /home/ubuntu/dioris-audit-repo/src/lib/planner-render.functions.ts:248:32 createServerFn().inputValidator() is deprecated. Use createServerFn().validator() instead.
[plugin tanstack-start-core::server-fn:client] /home/ubuntu/dioris-audit-repo/src/lib/planner-render.functions.ts:264:32 createServerFn().inputValidator() is deprecated. Use createServerFn().validator() instead.
[plugin tanstack-start-core::server-fn:client] /home/ubuntu/dioris-audit-repo/src/lib/planner-render.functions.ts:279:34 createServerFn().inputValidator() is deprecated. Use createServerFn().validator() instead.
[plugin tanstack-start-core::server-fn:client] /home/ubuntu/dioris-audit-repo/src/lib/planner-render.functions.ts:341:37 createServerFn().inputValidator() is deprecated. Use createServerFn().validator() instead.
[plugin tanstack-start-core::server-fn:client] /home/ubuntu/dioris-audit-repo/src/lib/planner-materials.functions.ts:53:37 createServerFn().inputValidator() is deprecated. Use createServerFn().validator() instead.
[plugin tanstack-start-core::server-fn:client] /home/ubuntu/dioris-audit-repo/src/lib/planner-materials.functions.ts:115:43 createServerFn().inputValidator() is deprecated. Use createServerFn().validator() instead.
[plugin tanstack-start-core::server-fn:client] /home/ubuntu/dioris-audit-repo/src/lib/planner-materials.functions.ts:146:43 createServerFn().inputValidator() is deprecated. Use createServerFn().validator() instead.
[plugin tanstack-start-core::server-fn:client] /home/ubuntu/dioris-audit-repo/src/core/ai/ai.functions.ts:62:31 createServerFn().inputValidator() is deprecated. Use createServerFn().validator() instead.
[plugin tanstack-start-core::server-fn:client] /home/ubuntu/dioris-audit-repo/src/core/ai/ai.functions.ts:89:31 createServerFn().inputValidator() is deprecated. Use createServerFn().validator() instead.
[plugin tanstack-start-core::server-fn:client] /home/ubuntu/dioris-audit-repo/src/core/ai/ai.functions.ts:116:36 createServerFn().inputValidator() is deprecated. Use createServerFn().validator() instead.
[plugin tanstack-start-core::server-fn:client] /home/ubuntu/dioris-audit-repo/src/core/cicd/cicd.functions.ts:112:38 createServerFn().inputValidator() is deprecated. Use createServerFn().validator() instead.
[plugin tanstack-start-core::server-fn:client] /home/ubuntu/dioris-audit-repo/src/core/cicd/cicd.functions.ts:144:38 createServerFn().inputValidator() is deprecated. Use createServerFn().validator() instead.
[plugin tanstack-start-core::server-fn:client] /home/ubuntu/dioris-audit-repo/src/core/cicd/cicd.functions.ts:200:35 createServerFn().inputValidator() is deprecated. Use createServerFn().validator() instead.
[plugin tanstack-start-core::server-fn:client] /home/ubuntu/dioris-audit-repo/src/core/cicd/cicd.functions.ts:233:35 createServerFn().inputValidator() is deprecated. Use createServerFn().validator() instead.
[plugin tanstack-start-core::server-fn:client] /home/ubuntu/dioris-audit-repo/src/core/cicd/cicd.functions.ts:262:32 createServerFn().inputValidator() is deprecated. Use createServerFn().validator() instead.
[plugin tanstack-start-core::server-fn:client] /home/ubuntu/dioris-audit-repo/src/core/cicd/cicd.functions.ts:304:33 createServerFn().inputValidator() is deprecated. Use createServerFn().validator() instead.
[plugin tanstack-start-core::server-fn:client] /home/ubuntu/dioris-audit-repo/src/core/cicd/cicd.functions.ts:331:35 createServerFn().inputValidator() is deprecated. Use createServerFn().validator() instead.
[plugin tanstack-start-core::server-fn:client] /home/ubuntu/dioris-audit-repo/src/core/cicd/cicd.functions.ts:349:34 createServerFn().inputValidator() is deprecated. Use createServerFn().validator() instead.
[plugin tanstack-start-core::server-fn:client] /home/ubuntu/dioris-audit-repo/src/core/cicd/cicd.functions.ts:381:34 createServerFn().inputValidator() is deprecated. Use createServerFn().validator() instead.
[plugin tanstack-start-core::server-fn:client] /home/ubuntu/dioris-audit-repo/src/core/cicd/cicd.functions.ts:404:35 createServerFn().inputValidator() is deprecated. Use createServerFn().validator() instead.
[plugin tanstack-start-core::server-fn:client] /home/ubuntu/dioris-audit-repo/src/core/cicd/cicd.functions.ts:433:35 createServerFn().inputValidator() is deprecated. Use createServerFn().validator() instead.
[plugin tanstack-start-core::server-fn:client] /home/ubuntu/dioris-audit-repo/src/core/cache/cache.functions.ts:176:37 createServerFn().inputValidator() is deprecated. Use createServerFn().validator() instead.
[plugin tanstack-start-core::server-fn:client] /home/ubuntu/dioris-audit-repo/src/core/cache/cache.functions.ts:209:37 createServerFn().inputValidator() is deprecated. Use createServerFn().validator() instead.
[plugin tanstack-start-core::server-fn:client] /home/ubuntu/dioris-audit-repo/src/core/cache/cache.functions.ts:234:30 createServerFn().inputValidator() is deprecated. Use createServerFn().validator() instead.
[plugin tanstack-start-core::server-fn:client] /home/ubuntu/dioris-audit-repo/src/core/cache/cache.functions.ts:255:33 createServerFn().inputValidator() is deprecated. Use createServerFn().validator() instead.
[plugin tanstack-start-core::server-fn:client] /home/ubuntu/dioris-audit-repo/src/core/cache/cache.functions.ts:274:32 createServerFn().inputValidator() is deprecated. Use createServerFn().validator() instead.
[plugin tanstack-start-core::server-fn:client] /home/ubuntu/dioris-audit-repo/src/core/cache/cache.functions.ts:319:28 createServerFn().inputValidator() is deprecated. Use createServerFn().validator() instead.
[plugin tanstack-start-core::server-fn:client] /home/ubuntu/dioris-audit-repo/src/core/api-gateway/api-gateway.functions.ts:166:29 createServerFn().inputValidator() is deprecated. Use createServerFn().validator() instead.
[plugin tanstack-start-core::server-fn:client] /home/ubuntu/dioris-audit-repo/src/core/api-gateway/api-gateway.functions.ts:192:29 createServerFn().inputValidator() is deprecated. Use createServerFn().validator() instead.
[plugin tanstack-start-core::server-fn:client] /home/ubuntu/dioris-audit-repo/src/core/api-gateway/api-gateway.functions.ts:204:29 createServerFn().inputValidator() is deprecated. Use createServerFn().validator() instead.
[plugin tanstack-start-core::server-fn:client] /home/ubuntu/dioris-audit-repo/src/core/api-gateway/api-gateway.functions.ts:230:35 createServerFn().inputValidator() is deprecated. Use createServerFn().validator() instead.
[plugin tanstack-start-core::server-fn:client] /home/ubuntu/dioris-audit-repo/src/core/api-gateway/api-gateway.functions.ts:257:31 createServerFn().inputValidator() is deprecated. Use createServerFn().validator() instead.
[plugin tanstack-start-core::server-fn:client] /home/ubuntu/dioris-audit-repo/src/core/api-gateway/api-gateway.functions.ts:297:36 createServerFn().inputValidator() is deprecated. Use createServerFn().validator() instead.
[plugin tanstack-start-core::server-fn:client] /home/ubuntu/dioris-audit-repo/src/core/api-gateway/api-gateway.functions.ts:330:33 createServerFn().inputValidator() is deprecated. Use createServerFn().validator() instead.
[plugin tanstack-start-core::server-fn:client] /home/ubuntu/dioris-audit-repo/src/core/api-gateway/api-gateway.functions.ts:361:33 createServerFn().inputValidator() is deprecated. Use createServerFn().validator() instead.
[plugin tanstack-start-core::server-fn:client] /home/ubuntu/dioris-audit-repo/src/core/api-gateway/api-gateway.functions.ts:373:33 createServerFn().inputValidator() is deprecated. Use createServerFn().validator() instead.
[plugin tanstack-start-core::server-fn:client] /home/ubuntu/dioris-audit-repo/src/core/recovery/recovery.functions.ts:119:37 createServerFn().inputValidator() is deprecated. Use createServerFn().validator() instead.
[plugin tanstack-start-core::server-fn:client] /home/ubuntu/dioris-audit-repo/src/core/recovery/recovery.functions.ts:153:37 createServerFn().inputValidator() is deprecated. Use createServerFn().validator() instead.
[plugin tanstack-start-core::server-fn:client] /home/ubuntu/dioris-audit-repo/src/core/recovery/recovery.functions.ts:175:39 createServerFn().inputValidator() is deprecated. Use createServerFn().validator() instead.
[plugin tanstack-start-core::server-fn:client] /home/ubuntu/dioris-audit-repo/src/core/recovery/recovery.functions.ts:202:39 createServerFn().inputValidator() is deprecated. Use createServerFn().validator() instead.
[plugin tanstack-start-core::server-fn:client] /home/ubuntu/dioris-audit-repo/src/core/recovery/recovery.functions.ts:244:37 createServerFn().inputValidator() is deprecated. Use createServerFn().validator() instead.
[plugin tanstack-start-core::server-fn:client] /home/ubuntu/dioris-audit-repo/src/core/recovery/recovery.functions.ts:291:39 createServerFn().inputValidator() is deprecated. Use createServerFn().validator() instead.
[plugin tanstack-start-core::server-fn:client] /home/ubuntu/dioris-audit-repo/src/core/recovery/recovery.functions.ts:324:35 createServerFn().inputValidator() is deprecated. Use createServerFn().validator() instead.
[plugin tanstack-start-core::server-fn:client] /home/ubuntu/dioris-audit-repo/src/core/recovery/recovery.functions.ts:342:40 createServerFn().inputValidator() is deprecated. Use createServerFn().validator() instead.
[plugin tanstack-start-core::server-fn:client] /home/ubuntu/dioris-audit-repo/src/core/recovery/recovery.functions.ts:391:35 createServerFn().inputValidator() is deprecated. Use createServerFn().validator() instead.
[plugin tanstack-start-core::server-fn:client] /home/ubuntu/dioris-audit-repo/src/core/recovery/recovery.functions.ts:425:35 createServerFn().inputValidator() is deprecated. Use createServerFn().validator() instead.
[plugin tanstack-start-core::server-fn:client] /home/ubuntu/dioris-audit-repo/src/core/recovery/recovery.functions.ts:438:34 createServerFn().inputValidator() is deprecated. Use createServerFn().validator() instead.
[plugin tanstack-start-core::server-fn:client] /home/ubuntu/dioris-audit-repo/src/core/security/security.functions.ts:111:37 createServerFn().inputValidator() is deprecated. Use createServerFn().validator() instead.
[plugin tanstack-start-core::server-fn:client] /home/ubuntu/dioris-audit-repo/src/core/security/security.functions.ts:153:38 createServerFn().inputValidator() is deprecated. Use createServerFn().validator() instead.
[plugin tanstack-start-core::server-fn:client] /home/ubuntu/dioris-audit-repo/src/core/security/security.functions.ts:175:37 createServerFn().inputValidator() is deprecated. Use createServerFn().validator() instead.
[plugin tanstack-start-core::server-fn:client] /home/ubuntu/dioris-audit-repo/src/core/security/security.functions.ts:199:39 createServerFn().inputValidator() is deprecated. Use createServerFn().validator() instead.
[plugin tanstack-start-core::server-fn:client] /home/ubuntu/dioris-audit-repo/src/core/security/security.functions.ts:224:34 createServerFn().inputValidator() is deprecated. Use createServerFn().validator() instead.
[plugin tanstack-start-core::server-fn:client] /home/ubuntu/dioris-audit-repo/src/core/security/security.functions.ts:260:34 createServerFn().inputValidator() is deprecated. Use createServerFn().validator() instead.
[plugin tanstack-start-core::server-fn:client] /home/ubuntu/dioris-audit-repo/src/core/security/security.functions.ts:286:34 createServerFn().inputValidator() is deprecated. Use createServerFn().validator() instead.
[plugin tanstack-start-core::server-fn:client] /home/ubuntu/dioris-audit-repo/src/core/security/security.functions.ts:314:39 createServerFn().inputValidator() is deprecated. Use createServerFn().validator() instead.
[plugin tanstack-start-core::server-fn:client] /home/ubuntu/dioris-audit-repo/src/core/security/security.functions.ts:341:39 createServerFn().inputValidator() is deprecated. Use createServerFn().validator() instead.
[plugin tanstack-start-core::server-fn:client] /home/ubuntu/dioris-audit-repo/src/core/quality/quality.functions.ts:104:35 createServerFn().inputValidator() is deprecated. Use createServerFn().validator() instead.
[plugin tanstack-start-core::server-fn:client] /home/ubuntu/dioris-audit-repo/src/core/quality/quality.functions.ts:140:35 createServerFn().inputValidator() is deprecated. Use createServerFn().validator() instead.
[plugin tanstack-start-core::server-fn:client] /home/ubuntu/dioris-audit-repo/src/core/quality/quality.functions.ts:174:33 createServerFn().inputValidator() is deprecated. Use createServerFn().validator() instead.
[plugin tanstack-start-core::server-fn:client] /home/ubuntu/dioris-audit-repo/src/core/quality/quality.functions.ts:201:38 createServerFn().inputValidator() is deprecated. Use createServerFn().validator() instead.
[plugin tanstack-start-core::server-fn:client] /home/ubuntu/dioris-audit-repo/src/core/quality/quality.functions.ts:250:34 createServerFn().inputValidator() is deprecated. Use createServerFn().validator() instead.
[plugin tanstack-start-core::server-fn:client] /home/ubuntu/dioris-audit-repo/src/core/quality/quality.functions.ts:284:34 createServerFn().inputValidator() is deprecated. Use createServerFn().validator() instead.
[plugin tanstack-start-core::server-fn:client] /home/ubuntu/dioris-audit-repo/src/core/jobs/job.functions.ts:282:27 createServerFn().inputValidator() is deprecated. Use createServerFn().validator() instead.
[plugin tanstack-start-core::server-fn:client] /home/ubuntu/dioris-audit-repo/src/core/jobs/job.functions.ts:292:26 createServerFn().inputValidator() is deprecated. Use createServerFn().validator() instead.
[plugin tanstack-start-core::server-fn:client] /home/ubuntu/dioris-audit-repo/src/core/jobs/job.functions.ts:300:25 createServerFn().inputValidator() is deprecated. Use createServerFn().validator() instead.
[plugin tanstack-start-core::server-fn:client] /home/ubuntu/dioris-audit-repo/src/core/jobs/job.functions.ts:308:26 createServerFn().inputValidator() is deprecated. Use createServerFn().validator() instead.
[plugin tanstack-start-core::server-fn:client] /home/ubuntu/dioris-audit-repo/src/core/jobs/job.functions.ts:323:28 createServerFn().inputValidator() is deprecated. Use createServerFn().validator() instead.
[plugin tanstack-start-core::server-fn:client] /home/ubuntu/dioris-audit-repo/src/core/jobs/job.functions.ts:355:27 createServerFn().inputValidator() is deprecated. Use createServerFn().validator() instead.
[plugin tanstack-start-core::server-fn:client] /home/ubuntu/dioris-audit-repo/src/core/jobs/job.functions.ts:382:27 createServerFn().inputValidator() is deprecated. Use createServerFn().validator() instead.
[plugin tanstack-start-core::server-fn:client] /home/ubuntu/dioris-audit-repo/src/core/jobs/job.functions.ts:401:34 createServerFn().inputValidator() is deprecated. Use createServerFn().validator() instead.
[plugin tanstack-start-core::server-fn:client] /home/ubuntu/dioris-audit-repo/src/core/jobs/job.functions.ts:409:27 createServerFn().inputValidator() is deprecated. Use createServerFn().validator() instead.
[plugin tanstack-start-core::server-fn:client] /home/ubuntu/dioris-audit-repo/src/core/notifications/notifications.functions.ts:70:38 createServerFn().inputValidator() is deprecated. Use createServerFn().validator() instead.
[plugin tanstack-start-core::server-fn:client] /home/ubuntu/dioris-audit-repo/src/core/notifications/notifications.functions.ts:87:37 createServerFn().inputValidator() is deprecated. Use createServerFn().validator() instead.
[plugin tanstack-start-core::server-fn:client] /home/ubuntu/dioris-audit-repo/src/core/notifications/notifications.functions.ts:96:40 createServerFn().inputValidator() is deprecated. Use createServerFn().validator() instead.
[plugin tanstack-start-core::server-fn:client] /home/ubuntu/dioris-audit-repo/src/core/events/events.functions.ts:24:30 createServerFn().inputValidator() is deprecated. Use createServerFn().validator() instead.
[plugin tanstack-start-core::server-fn:client] /home/ubuntu/dioris-audit-repo/src/core/events/events.functions.ts:49:27 createServerFn().inputValidator() is deprecated. Use createServerFn().validator() instead.
[plugin tanstack-start-core::server-fn:client] /home/ubuntu/dioris-audit-repo/src/core/events/events.functions.ts:112:37 createServerFn().inputValidator() is deprecated. Use createServerFn().validator() instead.
[plugin tanstack-start-core::server-fn:client] /home/ubuntu/dioris-audit-repo/src/core/integrations/integrations.functions.ts:125:34 createServerFn().inputValidator() is deprecated. Use createServerFn().validator() instead.
[plugin tanstack-start-core::server-fn:client] /home/ubuntu/dioris-audit-repo/src/core/integrations/integrations.functions.ts:151:34 createServerFn().inputValidator() is deprecated. Use createServerFn().validator() instead.
[plugin tanstack-start-core::server-fn:client] /home/ubuntu/dioris-audit-repo/src/core/integrations/integrations.functions.ts:261:32 createServerFn().inputValidator() is deprecated. Use createServerFn().validator() instead.
[plugin tanstack-start-core::server-fn:client] /home/ubuntu/dioris-audit-repo/src/core/integrations/integrations.functions.ts:291:32 createServerFn().inputValidator() is deprecated. Use createServerFn().validator() instead.
[plugin tanstack-start-core::server-fn:client] /home/ubuntu/dioris-audit-repo/src/core/integrations/integrations.functions.ts:311:30 createServerFn().inputValidator() is deprecated. Use createServerFn().validator() instead.
[plugin tanstack-start-core::server-fn:client] /home/ubuntu/dioris-audit-repo/src/core/integrations/integrations.functions.ts:324:35 createServerFn().inputValidator() is deprecated. Use createServerFn().validator() instead.
[plugin tanstack-start-core::server-fn:client] /home/ubuntu/dioris-audit-repo/src/core/observability/observability.functions.ts:18:25 createServerFn().inputValidator() is deprecated. Use createServerFn().validator() instead.
[plugin tanstack-start-core::server-fn:client] /home/ubuntu/dioris-audit-repo/src/core/observability/observability.functions.ts:46:27 createServerFn().inputValidator() is deprecated. Use createServerFn().validator() instead.
[plugin tanstack-start-core::server-fn:client] /home/ubuntu/dioris-audit-repo/src/core/observability/observability.functions.ts:70:26 createServerFn().inputValidator() is deprecated. Use createServerFn().validator() instead.
[plugin tanstack-start-core::server-fn:client] /home/ubuntu/dioris-audit-repo/src/core/observability/observability.functions.ts:181:29 createServerFn().inputValidator() is deprecated. Use createServerFn().validator() instead.
[plugin tanstack-start-core::server-fn:client] /home/ubuntu/dioris-audit-repo/src/core/observability/observability.functions.ts:221:36 createServerFn().inputValidator() is deprecated. Use createServerFn().validator() instead.
[plugin tanstack-start-core::server-fn:client] /home/ubuntu/dioris-audit-repo/src/core/configuration/configuration.functions.ts:43:38 createServerFn().inputValidator() is deprecated. Use createServerFn().validator() instead.
[plugin tanstack-start-core::server-fn:client] /home/ubuntu/dioris-audit-repo/src/core/configuration/configuration.functions.ts:97:27 createServerFn().inputValidator() is deprecated. Use createServerFn().validator() instead.
[plugin tanstack-start-core::server-fn:client] /home/ubuntu/dioris-audit-repo/src/core/configuration/configuration.functions.ts:128:27 createServerFn().inputValidator() is deprecated. Use createServerFn().validator() instead.
[plugin tanstack-start-core::server-fn:client] /home/ubuntu/dioris-audit-repo/src/core/configuration/configuration.functions.ts:161:34 createServerFn().inputValidator() is deprecated. Use createServerFn().validator() instead.
[plugin tanstack-start-core::server-fn:client] /home/ubuntu/dioris-audit-repo/src/core/configuration/configuration.functions.ts:187:32 createServerFn().inputValidator() is deprecated. Use createServerFn().validator() instead.
[plugin tanstack-start-core::server-fn:client] /home/ubuntu/dioris-audit-repo/src/core/configuration/configuration.functions.ts:215:31 createServerFn().inputValidator() is deprecated. Use createServerFn().validator() instead.
[plugin tanstack-start-core::server-fn:client] /home/ubuntu/dioris-audit-repo/src/core/configuration/configuration.functions.ts:258:35 createServerFn().inputValidator() is deprecated. Use createServerFn().validator() instead.
[plugin tanstack-start-core::server-fn:client] /home/ubuntu/dioris-audit-repo/src/core/configuration/configuration.functions.ts:297:31 createServerFn().inputValidator() is deprecated. Use createServerFn().validator() instead.
[plugin tanstack-start-core::server-fn:client] /home/ubuntu/dioris-audit-repo/src/core/configuration/configuration.functions.ts:346:29 createServerFn().inputValidator() is deprecated. Use createServerFn().validator() instead.
[plugin tanstack-start-core::server-fn:client] /home/ubuntu/dioris-audit-repo/src/core/configuration/configuration.functions.ts:387:29 createServerFn().inputValidator() is deprecated. Use createServerFn().validator() instead.
[plugin tanstack-start-core::server-fn:client] /home/ubuntu/dioris-audit-repo/src/core/configuration/configuration.functions.ts:424:29 createServerFn().inputValidator() is deprecated. Use createServerFn().validator() instead.
[plugin tanstack-start-core::server-fn:client] /home/ubuntu/dioris-audit-repo/src/core/configuration/configuration.functions.ts:489:36 createServerFn().inputValidator() is deprecated. Use createServerFn().validator() instead.
[plugin tanstack-start-core::server-fn:client] /home/ubuntu/dioris-audit-repo/src/core/assets/assets.functions.ts:25:35 createServerFn().inputValidator() is deprecated. Use createServerFn().validator() instead.
[plugin tanstack-start-core::server-fn:client] /home/ubuntu/dioris-audit-repo/src/core/assets/assets.functions.ts:38:37 createServerFn().inputValidator() is deprecated. Use createServerFn().validator() instead.
[plugin tanstack-start-core::server-fn:client] /home/ubuntu/dioris-audit-repo/src/core/assets/assets.functions.ts:46:35 createServerFn().inputValidator() is deprecated. Use createServerFn().validator() instead.
[plugin tanstack-start-core::server-fn:client] /home/ubuntu/dioris-audit-repo/src/core/assets/assets.functions.ts:70:33 createServerFn().inputValidator() is deprecated. Use createServerFn().validator() instead.
[plugin tanstack-start-core::server-fn:client] /home/ubuntu/dioris-audit-repo/src/core/assets/assets.functions.ts:79:30 createServerFn().inputValidator() is deprecated. Use createServerFn().validator() instead.
[plugin tanstack-start-core::server-fn:client] /home/ubuntu/dioris-audit-repo/src/core/assets/assets.functions.ts:88:33 createServerFn().inputValidator() is deprecated. Use createServerFn().validator() instead.
[plugin tanstack-start-core::server-fn:client] /home/ubuntu/dioris-audit-repo/src/core/assets/assets.functions.ts:103:27 createServerFn().inputValidator() is deprecated. Use createServerFn().validator() instead.
[plugin tanstack-start-core::server-fn:client] /home/ubuntu/dioris-audit-repo/src/lib/planner-snapshots.functions.ts:47:36 createServerFn().inputValidator() is deprecated. Use createServerFn().validator() instead.
[plugin tanstack-start-core::server-fn:client] /home/ubuntu/dioris-audit-repo/src/lib/planner-snapshots.functions.ts:75:36 createServerFn().inputValidator() is deprecated. Use createServerFn().validator() instead.
[plugin tanstack-start-core::server-fn:client] /home/ubuntu/dioris-audit-repo/src/lib/planner-snapshots.functions.ts:132:36 createServerFn().inputValidator() is deprecated. Use createServerFn().validator() instead.
[plugin tanstack-start-core::server-fn:client] /home/ubuntu/dioris-audit-repo/src/lib/planner-snapshots.functions.ts:162:37 createServerFn().inputValidator() is deprecated. Use createServerFn().validator() instead.
[plugin tanstack-start-core::server-fn:client] /home/ubuntu/dioris-audit-repo/src/lib/planner-snapshots.functions.ts:210:35 createServerFn().inputValidator() is deprecated. Use createServerFn().validator() instead.
[plugin tanstack-start-core::server-fn:client] /home/ubuntu/dioris-audit-repo/src/core/billing/billing.functions.ts:149:31 createServerFn().inputValidator() is deprecated. Use createServerFn().validator() instead.
[plugin tanstack-start-core::server-fn:client] /home/ubuntu/dioris-audit-repo/src/core/sdk/plugin-functions.ts:181:30 createServerFn().inputValidator() is deprecated. Use createServerFn().validator() instead.
[plugin tanstack-start-core::server-fn:client] /home/ubuntu/dioris-audit-repo/src/core/sdk/plugin-functions.ts:212:29 createServerFn().inputValidator() is deprecated. Use createServerFn().validator() instead.
[plugin tanstack-start-core::server-fn:client] /home/ubuntu/dioris-audit-repo/src/core/sdk/plugin-functions.ts:220:30 createServerFn().inputValidator() is deprecated. Use createServerFn().validator() instead.
[plugin tanstack-start-core::server-fn:client] /home/ubuntu/dioris-audit-repo/src/core/sdk/plugin-functions.ts:228:32 createServerFn().inputValidator() is deprecated. Use createServerFn().validator() instead.
[plugin tanstack-start-core::server-fn:client] /home/ubuntu/dioris-audit-repo/src/core/sdk/plugin-functions.ts:243:35 createServerFn().inputValidator() is deprecated. Use createServerFn().validator() instead.
[plugin tanstack-start-core::server-fn:client] /home/ubuntu/dioris-audit-repo/src/core/sdk/plugin-functions.ts:293:26 createServerFn().inputValidator() is deprecated. Use createServerFn().validator() instead.
[plugin tanstack-start-core::server-fn:client] /home/ubuntu/dioris-audit-repo/src/lib/planner-catalog.functions.ts:60:37 createServerFn().inputValidator() is deprecated. Use createServerFn().validator() instead.
[plugin tanstack-start-core::server-fn:client] /home/ubuntu/dioris-audit-repo/src/lib/planner-catalog.functions.ts:116:36 createServerFn().inputValidator() is deprecated. Use createServerFn().validator() instead.
[32m✓[0m 3819 modules transformed.
rendering chunks...
computing gzip size...
[2m.output/public/[0m[2massets/[0m[32mdioris-logo-BTtMxKTr.png                                [0m[1;2m424.41 kB[0m
[2m.output/public/[0m[2massets/[0m[35mplanner-v2-ClNu83FE.css                                 [0m[1;2m126.27 kB[0m[2m │ gzip:  20.82 kB[0m
[2m.output/public/[0m[2massets/[0m[35mstyles-V3PZK8uP.css                                     [0m[1;2m196.64 kB[0m[2m │ gzip:  27.52 kB[0m
[2m.output/public/[0m[2massets/[0m[36m_authenticated.planner.index-DJ7LAi8J.js                [0m[1;2m  0.03 kB[0m[2m │ gzip:   0.05 kB[0m
[2m.output/public/[0m[2massets/[0m[36m_authenticated.planner.projetos.novo-DJ7LAi8J.js        [0m[1;2m  0.03 kB[0m[2m │ gzip:   0.05 kB[0m
[2m.output/public/[0m[2massets/[0m[36mdioris-logo-Vml4oOjH.js                                 [0m[1;2m  0.05 kB[0m[2m │ gzip:   0.07 kB[0m
[2m.output/public/[0m[2massets/[0m[36minvariant-DEEwAagU.js                                   [0m[1;2m  0.06 kB[0m[2m │ gzip:   0.08 kB[0m
[2m.output/public/[0m[2massets/[0m[36m_public-DpyPAFHg.js                                     [0m[1;2m  0.07 kB[0m[2m │ gzip:   0.09 kB[0m
[2m.output/public/[0m[2massets/[0m[36mnot-found-i5RsCZif.js                                   [0m[1;2m  0.11 kB[0m[2m │ gzip:   0.11 kB[0m
[2m.output/public/[0m[2massets/[0m[36mcheck-BcH2fnlI.js                                       [0m[1;2m  0.12 kB[0m[2m │ gzip:   0.14 kB[0m
[2m.output/public/[0m[2massets/[0m[36mchevron-down-BFrOMcKd.js                                [0m[1;2m  0.12 kB[0m[2m │ gzip:   0.14 kB[0m
[2m.output/public/[0m[2massets/[0m[36mchevron-right-DKoprtRI.js                               [0m[1;2m  0.13 kB[0m[2m │ gzip:   0.14 kB[0m
[2m.output/public/[0m[2massets/[0m[36mmatchContext-CDWQjNQi.js                                [0m[1;2m  0.14 kB[0m[2m │ gzip:   0.12 kB[0m
[2m.output/public/[0m[2massets/[0m[36mloader-circle-BsIS5AAt.js                               [0m[1;2m  0.14 kB[0m[2m │ gzip:   0.15 kB[0m
[2m.output/public/[0m[2massets/[0m[36msquare-1hU6B5DL.js                                      [0m[1;2m  0.14 kB[0m[2m │ gzip:   0.15 kB[0m
[2m.output/public/[0m[2massets/[0m[36museRouter-pwcVhHDy.js                                   [0m[1;2m  0.15 kB[0m[2m │ gzip:   0.14 kB[0m
[2m.output/public/[0m[2massets/[0m[36mplus-BzbBYNLH.js                                        [0m[1;2m  0.15 kB[0m[2m │ gzip:   0.15 kB[0m
[2m.output/public/[0m[2massets/[0m[36mx-BQIdm6q6.js                                           [0m[1;2m  0.15 kB[0m[2m │ gzip:   0.15 kB[0m
[2m.output/public/[0m[2massets/[0m[36m_authenticated.planner.projetos-D4qTKrG5.js             [0m[1;2m  0.15 kB[0m[2m │ gzip:   0.14 kB[0m
[2m.output/public/[0m[2massets/[0m[36mdist-D8Wfxh48.js                                        [0m[1;2m  0.15 kB[0m[2m │ gzip:   0.15 kB[0m
[2m.output/public/[0m[2massets/[0m[36mcloud-COpDxeOf.js                                       [0m[1;2m  0.16 kB[0m[2m │ gzip:   0.16 kB[0m
[2m.output/public/[0m[2massets/[0m[36marrow-left-YlQFT-tb.js                                  [0m[1;2m  0.16 kB[0m[2m │ gzip:   0.16 kB[0m
[2m.output/public/[0m[2massets/[0m[36marrow-right-uVU8RSAS.js                                 [0m[1;2m  0.16 kB[0m[2m │ gzip:   0.16 kB[0m
[2m.output/public/[0m[2massets/[0m[36marrow-up-right-C6wWTgtk.js                              [0m[1;2m  0.16 kB[0m[2m │ gzip:   0.16 kB[0m
[2m.output/public/[0m[2massets/[0m[36mclock-CBe4-cB7.js                                       [0m[1;2m  0.16 kB[0m[2m │ gzip:   0.16 kB[0m
[2m.output/public/[0m[2massets/[0m[36msearch-CqBmvUpl.js                                      [0m[1;2m  0.17 kB[0m[2m │ gzip:   0.17 kB[0m
[2m.output/public/[0m[2massets/[0m[36museSuspenseQuery-TuKT8TXa.js                            [0m[1;2m  0.17 kB[0m[2m │ gzip:   0.16 kB[0m
[2m.output/public/[0m[2massets/[0m[36mtrending-up-H1ryQliY.js                                 [0m[1;2m  0.17 kB[0m[2m │ gzip:   0.17 kB[0m
[2m.output/public/[0m[2massets/[0m[36mgauge-D0fBUITz.js                                       [0m[1;2m  0.17 kB[0m[2m │ gzip:   0.17 kB[0m
[2m.output/public/[0m[2massets/[0m[36mcircle-check-BmTwJqiz.js                                [0m[1;2m  0.17 kB[0m[2m │ gzip:   0.17 kB[0m
[2m.output/public/[0m[2massets/[0m[36mmenu-hUYGTFez.js                                        [0m[1;2m  0.18 kB[0m[2m │ gzip:   0.15 kB[0m
[2m.output/public/[0m[2massets/[0m[36mplay-DTr7ZalE.js                                        [0m[1;2m  0.19 kB[0m[2m │ gzip:   0.18 kB[0m
[2m.output/public/[0m[2massets/[0m[36mbook-gAInkQyq.js                                        [0m[1;2m  0.19 kB[0m[2m │ gzip:   0.17 kB[0m
[2m.output/public/[0m[2massets/[0m[36muser-B2JA6ZxQ.js                                        [0m[1;2m  0.19 kB[0m[2m │ gzip:   0.18 kB[0m
[2m.output/public/[0m[2massets/[0m[36mrotate-ccw-BHWUNjE1.js                                  [0m[1;2m  0.20 kB[0m[2m │ gzip:   0.18 kB[0m
[2m.output/public/[0m[2massets/[0m[36mrotate-cw-DYQec9Ir.js                                   [0m[1;2m  0.20 kB[0m[2m │ gzip:   0.18 kB[0m
[2m.output/public/[0m[2massets/[0m[36minfo-DBcMv5mw.js                                        [0m[1;2m  0.20 kB[0m[2m │ gzip:   0.17 kB[0m
[2m.output/public/[0m[2massets/[0m[36mlock-BFcWWCBW.js                                        [0m[1;2m  0.20 kB[0m[2m │ gzip:   0.19 kB[0m
[2m.output/public/[0m[2massets/[0m[36mcircle-x-Bxh7sWsM.js                                    [0m[1;2m  0.20 kB[0m[2m │ gzip:   0.17 kB[0m
[2m.output/public/[0m[2massets/[0m[36mcredit-card-C5LuIp5_.js                                 [0m[1;2m  0.20 kB[0m[2m │ gzip:   0.18 kB[0m
[2m.output/public/[0m[2massets/[0m[36mcode-xml-54A_AxNV.js                                    [0m[1;2m  0.20 kB[0m[2m │ gzip:   0.17 kB[0m
[2m.output/public/[0m[2massets/[0m[36mundo-2-CykOqW-T.js                                      [0m[1;2m  0.20 kB[0m[2m │ gzip:   0.18 kB[0m
[2m.output/public/[0m[2massets/[0m[36mmail-B-Dt0Ipo.js                                        [0m[1;2m  0.21 kB[0m[2m │ gzip:   0.20 kB[0m
[2m.output/public/[0m[2massets/[0m[36mmusic-BiLDTuxN.js                                       [0m[1;2m  0.21 kB[0m[2m │ gzip:   0.18 kB[0m
[2m.output/public/[0m[2massets/[0m[36mskeleton-Cr5qUpKA.js                                    [0m[1;2m  0.22 kB[0m[2m │ gzip:   0.18 kB[0m
[2m.output/public/[0m[2massets/[0m[36mellipsis-Cunmygve.js                                    [0m[1;2m  0.22 kB[0m[2m │ gzip:   0.16 kB[0m
[2m.output/public/[0m[2massets/[0m[36mupload-DOatu6Dv.js                                      [0m[1;2m  0.23 kB[0m[2m │ gzip:   0.19 kB[0m
[2m.output/public/[0m[2massets/[0m[36mdownload-BkS_42hK.js                                    [0m[1;2m  0.23 kB[0m[2m │ gzip:   0.19 kB[0m
[2m.output/public/[0m[2massets/[0m[36mmessage-square-loco1pyj.js                              [0m[1;2m  0.23 kB[0m[2m │ gzip:   0.20 kB[0m
[2m.output/public/[0m[2massets/[0m[36mactivity-BHMayApP.js                                    [0m[1;2m  0.23 kB[0m[2m │ gzip:   0.20 kB[0m
[2m.output/public/[0m[2massets/[0m[36mcopy-D3A2o1Lw.js                                        [0m[1;2m  0.23 kB[0m[2m │ gzip:   0.21 kB[0m
[2m.output/public/[0m[2massets/[0m[36museRouterState-CW9AV1SF.js                              [0m[1;2m  0.23 kB[0m[2m │ gzip:   0.18 kB[0m
[2m.output/public/[0m[2massets/[0m[36mhistory-D0RkPoLs.js                                     [0m[1;2m  0.23 kB[0m[2m │ gzip:   0.19 kB[0m
[2m.output/public/[0m[2massets/[0m[36mglobe-IgcVK_cC.js                                       [0m[1;2m  0.24 kB[0m[2m │ gzip:   0.19 kB[0m
[2m.output/public/[0m[2massets/[0m[36mdatabase-DdpfpwfC.js                                    [0m[1;2m  0.24 kB[0m[2m │ gzip:   0.20 kB[0m
[2m.output/public/[0m[2massets/[0m[36mexternal-link-B4rNEBw5.js                               [0m[1;2m  0.25 kB[0m[2m │ gzip:   0.20 kB[0m
[2m.output/public/[0m[2massets/[0m[36msettings-2-DFaLrgBU.js                                  [0m[1;2m  0.25 kB[0m[2m │ gzip:   0.19 kB[0m
[2m.output/public/[0m[2massets/[0m[36marchive-CtpAK48Q.js                                     [0m[1;2m  0.25 kB[0m[2m │ gzip:   0.21 kB[0m
[2m.output/public/[0m[2massets/[0m[36meye-CCx4D1Tf.js                                         [0m[1;2m  0.25 kB[0m[2m │ gzip:   0.20 kB[0m
[2m.output/public/[0m[2massets/[0m[36mcalendar-liMhROgy.js                                    [0m[1;2m  0.25 kB[0m[2m │ gzip:   0.20 kB[0m
[2m.output/public/[0m[2massets/[0m[36mmap-pin-0WpgNX3A.js                                     [0m[1;2m  0.25 kB[0m[2m │ gzip:   0.22 kB[0m
[2m.output/public/[0m[2massets/[0m[36mmonitor-CH8SPJh0.js                                     [0m[1;2m  0.25 kB[0m[2m │ gzip:   0.21 kB[0m
[2m.output/public/[0m[2massets/[0m[36mcircle-user-DrBG0y6v.js                                 [0m[1;2m  0.26 kB[0m[2m │ gzip:   0.20 kB[0m
[2m.output/public/[0m[2massets/[0m[36mzap-BjyasE0h.js                                         [0m[1;2m  0.26 kB[0m[2m │ gzip:   0.20 kB[0m
[2m.output/public/[0m[2massets/[0m[36mtriangle-alert-8aEHoYx_.js                              [0m[1;2m  0.26 kB[0m[2m │ gzip:   0.21 kB[0m
[2m.output/public/[0m[2massets/[0m[36mworkflow-DTrJnXUd.js                                    [0m[1;2m  0.26 kB[0m[2m │ gzip:   0.20 kB[0m
[2m.output/public/[0m[2massets/[0m[36mimage-2AJc2Tjd.js                                       [0m[1;2m  0.26 kB[0m[2m │ gzip:   0.22 kB[0m
[2m.output/public/[0m[2massets/[0m[36mshield-CuXv2G9W.js                                      [0m[1;2m  0.27 kB[0m[2m │ gzip:   0.22 kB[0m
[2m.output/public/[0m[2massets/[0m[36mpencil-oHG5xT5p.js                                      [0m[1;2m  0.27 kB[0m[2m │ gzip:   0.22 kB[0m
[2m.output/public/[0m[2massets/[0m[36muse-permissions-D_yea0fd.js                             [0m[1;2m  0.27 kB[0m[2m │ gzip:   0.21 kB[0m
[2m.output/public/[0m[2massets/[0m[36mbook-open-BdA0AvFM.js                                   [0m[1;2m  0.27 kB[0m[2m │ gzip:   0.20 kB[0m
[2m.output/public/[0m[2massets/[0m[36mhouse-Cujhsgfs.js                                       [0m[1;2m  0.28 kB[0m[2m │ gzip:   0.21 kB[0m
[2m.output/public/[0m[2massets/[0m[36mcoins-gw4SUh6l.js                                       [0m[1;2m  0.28 kB[0m[2m │ gzip:   0.22 kB[0m
[2m.output/public/[0m[2massets/[0m[36mlayout-template-BWf7jt9D.js                             [0m[1;2m  0.28 kB[0m[2m │ gzip:   0.19 kB[0m
[2m.output/public/[0m[2massets/[0m[36mlightbulb-COG_QQl6.js                                   [0m[1;2m  0.28 kB[0m[2m │ gzip:   0.22 kB[0m
[2m.output/public/[0m[2massets/[0m[36mplug-CJPeZ2AG.js                                        [0m[1;2m  0.28 kB[0m[2m │ gzip:   0.20 kB[0m
[2m.output/public/[0m[2massets/[0m[36mwallet-DX4-jQTX.js                                      [0m[1;2m  0.28 kB[0m[2m │ gzip:   0.20 kB[0m
[2m.output/public/[0m[2massets/[0m[36mbell-EKgMjUJG.js                                        [0m[1;2m  0.29 kB[0m[2m │ gzip:   0.23 kB[0m
[2m.output/public/[0m[2massets/[0m[36msend-PbhQ2Yhc.js                                        [0m[1;2m  0.29 kB[0m[2m │ gzip:   0.23 kB[0m
[2m.output/public/[0m[2massets/[0m[36mdist-Bmesjtc9.js                                        [0m[1;2m  0.29 kB[0m[2m │ gzip:   0.24 kB[0m
[2m.output/public/[0m[2massets/[0m[36mfolder-open-CljySTPe.js                                 [0m[1;2m  0.29 kB[0m[2m │ gzip:   0.22 kB[0m
[2m.output/public/[0m[2massets/[0m[36mreceipt-BEObeHKf.js                                     [0m[1;2m  0.29 kB[0m[2m │ gzip:   0.21 kB[0m
[2m.output/public/[0m[2massets/[0m[36mlist-todo-Bbur9us6.js                                   [0m[1;2m  0.30 kB[0m[2m │ gzip:   0.22 kB[0m
[2m.output/public/[0m[2massets/[0m[36mwrench-iowlPP3B.js                                      [0m[1;2m  0.30 kB[0m[2m │ gzip:   0.24 kB[0m
[2m.output/public/[0m[2massets/[0m[36musers-DgYAXj5f.js                                       [0m[1;2m  0.30 kB[0m[2m │ gzip:   0.22 kB[0m
[2m.output/public/[0m[2massets/[0m[36mcreateMiddleware-DQnh37QV.js                            [0m[1;2m  0.30 kB[0m[2m │ gzip:   0.17 kB[0m
[2m.output/public/[0m[2massets/[0m[36mbox-CE0rXTS8.js                                         [0m[1;2m  0.31 kB[0m[2m │ gzip:   0.22 kB[0m
[2m.output/public/[0m[2massets/[0m[36muser-plus-DNr-QKzb.js                                   [0m[1;2m  0.31 kB[0m[2m │ gzip:   0.23 kB[0m
[2m.output/public/[0m[2massets/[0m[36mscissors-DVDX27Lm.js                                    [0m[1;2m  0.31 kB[0m[2m │ gzip:   0.22 kB[0m
[2m.output/public/[0m[2massets/[0m[36mshield-check-BIO5RbVa.js                                [0m[1;2m  0.32 kB[0m[2m │ gzip:   0.25 kB[0m
[2m.output/public/[0m[2massets/[0m[36mrefresh-ccw-C0jCHGHa.js                                 [0m[1;2m  0.32 kB[0m[2m │ gzip:   0.22 kB[0m
[2m.output/public/[0m[2massets/[0m[36mrefresh-cw-A0_0dCmn.js                                  [0m[1;2m  0.32 kB[0m[2m │ gzip:   0.22 kB[0m
[2m.output/public/[0m[2massets/[0m[36msave-CjAllqIm.js                                        [0m[1;2m  0.32 kB[0m[2m │ gzip:   0.23 kB[0m
[2m.output/public/[0m[2massets/[0m[36mbot-CmvyXVj1.js                                         [0m[1;2m  0.32 kB[0m[2m │ gzip:   0.23 kB[0m
[2m.output/public/[0m[2massets/[0m[36mtrash-2-Dd9dNkNX.js                                     [0m[1;2m  0.32 kB[0m[2m │ gzip:   0.21 kB[0m
[2m.output/public/[0m[2massets/[0m[36mcamera-CxbvSB8w.js                                      [0m[1;2m  0.33 kB[0m[2m │ gzip:   0.25 kB[0m
[2m.output/public/[0m[2massets/[0m[36mpage-container-DwvwLnal.js                              [0m[1;2m  0.33 kB[0m[2m │ gzip:   0.25 kB[0m
[2m.output/public/[0m[2massets/[0m[36mshopping-bag-CunfP4Wy.js                                [0m[1;2m  0.34 kB[0m[2m │ gzip:   0.24 kB[0m
[2m.output/public/[0m[2massets/[0m[36mfolder-kanban-BKK8FHpo.js                               [0m[1;2m  0.34 kB[0m[2m │ gzip:   0.24 kB[0m
[2m.output/public/[0m[2massets/[0m[36mlayout-dashboard-DwO5iJ3v.js                            [0m[1;2m  0.35 kB[0m[2m │ gzip:   0.20 kB[0m
[2m.output/public/[0m[2massets/[0m[36mshield-alert-CkNuhNhT.js                                [0m[1;2m  0.35 kB[0m[2m │ gzip:   0.26 kB[0m
[2m.output/public/[0m[2massets/[0m[36mkey-round-DHGZljzj.js                                   [0m[1;2m  0.35 kB[0m[2m │ gzip:   0.26 kB[0m
[2m.output/public/[0m[2massets/[0m[36mimage-plus-Yyg0Vbqc.js                                  [0m[1;2m  0.36 kB[0m[2m │ gzip:   0.25 kB[0m
[2m.output/public/[0m[2massets/[0m[36mpackage-BXi8IfIj.js                                     [0m[1;2m  0.37 kB[0m[2m │ gzip:   0.25 kB[0m
[2m.output/public/[0m[2massets/[0m[36mQueryClientProvider-DOSg94f2.js                         [0m[1;2m  0.38 kB[0m[2m │ gzip:   0.27 kB[0m
[2m.output/public/[0m[2massets/[0m[36mlife-buoy-DLuBWJ8u.js                                   [0m[1;2m  0.38 kB[0m[2m │ gzip:   0.23 kB[0m
[2m.output/public/[0m[2massets/[0m[36museStore-Cmswpp8H.js                                    [0m[1;2m  0.38 kB[0m[2m │ gzip:   0.27 kB[0m
[2m.output/public/[0m[2massets/[0m[36mbuilding-2-BbXBm8R6.js                                  [0m[1;2m  0.38 kB[0m[2m │ gzip:   0.24 kB[0m
[2m.output/public/[0m[2massets/[0m[36mfile-text-BJMg4ec5.js                                   [0m[1;2m  0.38 kB[0m[2m │ gzip:   0.25 kB[0m
[2m.output/public/[0m[2massets/[0m[36mhard-drive-BN106yIh.js                                  [0m[1;2m  0.38 kB[0m[2m │ gzip:   0.25 kB[0m
[2m.output/public/[0m[2massets/[0m[36mearth-BKP3sw65.js                                       [0m[1;2m  0.39 kB[0m[2m │ gzip:   0.26 kB[0m
[2m.output/public/[0m[2massets/[0m[36mruler-gUfD6iHk.js                                       [0m[1;2m  0.39 kB[0m[2m │ gzip:   0.24 kB[0m
[2m.output/public/[0m[2massets/[0m[36museServerFn-DhxWnDSQ.js                                 [0m[1;2m  0.40 kB[0m[2m │ gzip:   0.28 kB[0m
[2m.output/public/[0m[2massets/[0m[36mfactory-CsFb4O-F.js                                     [0m[1;2m  0.40 kB[0m[2m │ gzip:   0.25 kB[0m
[2m.output/public/[0m[2massets/[0m[36mfilm-1-3xNesG.js                                        [0m[1;2m  0.40 kB[0m[2m │ gzip:   0.24 kB[0m
[2m.output/public/[0m[2massets/[0m[36mclipboard-list-CJaUU2fK.js                              [0m[1;2m  0.41 kB[0m[2m │ gzip:   0.26 kB[0m
[2m.output/public/[0m[2massets/[0m[36mlayers-CIqQl-2h.js                                      [0m[1;2m  0.42 kB[0m[2m │ gzip:   0.24 kB[0m
[2m.output/public/[0m[2massets/[0m[36meye-off-CpSCofHX.js                                     [0m[1;2m  0.43 kB[0m[2m │ gzip:   0.27 kB[0m
[2m.output/public/[0m[2massets/[0m[36mrocket-BisnpX3n.js                                      [0m[1;2m  0.45 kB[0m[2m │ gzip:   0.30 kB[0m
[2m.output/public/[0m[2massets/[0m[36mstar-H4iY_yLY.js                                        [0m[1;2m  0.47 kB[0m[2m │ gzip:   0.29 kB[0m
[2m.output/public/[0m[2massets/[0m[36mmove-3d-CkN1nHxD.js                                     [0m[1;2m  0.48 kB[0m[2m │ gzip:   0.29 kB[0m
[2m.output/public/[0m[2massets/[0m[36msettings-DxtB8-Gu.js                                    [0m[1;2m  0.48 kB[0m[2m │ gzip:   0.26 kB[0m
[2m.output/public/[0m[2massets/[0m[36msparkles-obfj00nw.js                                    [0m[1;2m  0.49 kB[0m[2m │ gzip:   0.28 kB[0m
[2m.output/public/[0m[2massets/[0m[36mstore-DaCLM8n-.js                                       [0m[1;2m  0.49 kB[0m[2m │ gzip:   0.28 kB[0m
[2m.output/public/[0m[2massets/[0m[36mpalette-Dgf9smXU.js                                     [0m[1;2m  0.51 kB[0m[2m │ gzip:   0.28 kB[0m
[2m.output/public/[0m[2massets/[0m[36mwand-sparkles-Det3NTpJ.js                               [0m[1;2m  0.51 kB[0m[2m │ gzip:   0.29 kB[0m
[2m.output/public/[0m[2massets/[0m[36mtextarea-iJbV7_JW.js                                    [0m[1;2m  0.51 kB[0m[2m │ gzip:   0.35 kB[0m
[2m.output/public/[0m[2massets/[0m[36mstar-off-xvneI5nf.js                                    [0m[1;2m  0.52 kB[0m[2m │ gzip:   0.32 kB[0m
[2m.output/public/[0m[2massets/[0m[36mcalculator-C6kaVRCk.js                                  [0m[1;2m  0.53 kB[0m[2m │ gzip:   0.28 kB[0m
[2m.output/public/[0m[2massets/[0m[36muse-ai--bNITBFh.js                                      [0m[1;2m  0.56 kB[0m[2m │ gzip:   0.30 kB[0m
[2m.output/public/[0m[2massets/[0m[36mpuzzle-BI-t2u-h.js                                      [0m[1;2m  0.57 kB[0m[2m │ gzip:   0.27 kB[0m
[2m.output/public/[0m[2massets/[0m[36mbrain-DCdkfTGW.js                                       [0m[1;2m  0.57 kB[0m[2m │ gzip:   0.31 kB[0m
[2m.output/public/[0m[2massets/[0m[36msearch-input-CYoxBrfc.js                                [0m[1;2m  0.62 kB[0m[2m │ gzip:   0.41 kB[0m
[2m.output/public/[0m[2massets/[0m[36minput-CtJRUEjR.js                                       [0m[1;2m  0.62 kB[0m[2m │ gzip:   0.39 kB[0m
[2m.output/public/[0m[2massets/[0m[36mcpu-C_Bs4_ac.js                                         [0m[1;2m  0.64 kB[0m[2m │ gzip:   0.29 kB[0m
[2m.output/public/[0m[2massets/[0m[36mform-section-C_8N5zyb.js                                [0m[1;2m  0.64 kB[0m[2m │ gzip:   0.35 kB[0m
[2m.output/public/[0m[2massets/[0m[36mdist-DP7Vs1sM.js                                        [0m[1;2m  0.70 kB[0m[2m │ gzip:   0.48 kB[0m
[2m.output/public/[0m[2massets/[0m[36m_authenticated.crm-Bn5QIKoZ.js                          [0m[1;2m  0.71 kB[0m[2m │ gzip:   0.44 kB[0m
[2m.output/public/[0m[2massets/[0m[36mlabel-Bf13oDuL.js                                       [0m[1;2m  0.71 kB[0m[2m │ gzip:   0.46 kB[0m
[2m.output/public/[0m[2massets/[0m[36m_authenticated.financeiro-DLGs3m_k.js                   [0m[1;2m  0.72 kB[0m[2m │ gzip:   0.43 kB[0m
[2m.output/public/[0m[2massets/[0m[36m_authenticated.sistemas-CBrEmx7r.js                     [0m[1;2m  0.72 kB[0m[2m │ gzip:   0.43 kB[0m
[2m.output/public/[0m[2massets/[0m[36m_authenticated.sites-Ctw777o5.js                        [0m[1;2m  0.72 kB[0m[2m │ gzip:   0.43 kB[0m
[2m.output/public/[0m[2massets/[0m[36m_authenticated.marketplace-rQh9OjWS.js                  [0m[1;2m  0.73 kB[0m[2m │ gzip:   0.44 kB[0m
[2m.output/public/[0m[2massets/[0m[36m_authenticated.automacao-C0UtEs3l.js                    [0m[1;2m  0.73 kB[0m[2m │ gzip:   0.44 kB[0m
[2m.output/public/[0m[2massets/[0m[36mroom-ops-DcJWt_1J.js                                    [0m[1;2m  0.74 kB[0m[2m │ gzip:   0.40 kB[0m
[2m.output/public/[0m[2massets/[0m[36mplanner-projects.functions-wnoSA_D4.js                  [0m[1;2m  0.77 kB[0m[2m │ gzip:   0.41 kB[0m
[2m.output/public/[0m[2massets/[0m[36mpage-header-wanCvyQN.js                                 [0m[1;2m  0.79 kB[0m[2m │ gzip:   0.41 kB[0m
[2m.output/public/[0m[2massets/[0m[36mempty-state-Crzir6A_.js                                 [0m[1;2m  0.79 kB[0m[2m │ gzip:   0.40 kB[0m
[2m.output/public/[0m[2massets/[0m[36mai.functions-C_L1oO59.js                                [0m[1;2m  0.79 kB[0m[2m │ gzip:   0.42 kB[0m
[2m.output/public/[0m[2massets/[0m[36muse-api-gateway-Bu191QL4.js                             [0m[1;2m  0.84 kB[0m[2m │ gzip:   0.36 kB[0m
[2m.output/public/[0m[2massets/[0m[36mboxes-DaKSPF2l.js                                       [0m[1;2m  0.85 kB[0m[2m │ gzip:   0.39 kB[0m
[2m.output/public/[0m[2massets/[0m[36m_public.blog._slug-OodhJ-c5.js                          [0m[1;2m  0.88 kB[0m[2m │ gzip:   0.50 kB[0m
[2m.output/public/[0m[2massets/[0m[36muse-dashboard-Bh3eceQe.js                               [0m[1;2m  0.88 kB[0m[2m │ gzip:   0.57 kB[0m
[2m.output/public/[0m[2massets/[0m[36mstatus-badge-B_NFaPD-.js                                [0m[1;2m  0.88 kB[0m[2m │ gzip:   0.44 kB[0m
[2m.output/public/[0m[2massets/[0m[36muse-jobs-BCQK6yNS.js                                    [0m[1;2m  0.98 kB[0m[2m │ gzip:   0.39 kB[0m
[2m.output/public/[0m[2massets/[0m[36mmetric-card-Bst-qB5K.js                                 [0m[1;2m  0.99 kB[0m[2m │ gzip:   0.47 kB[0m
[2m.output/public/[0m[2massets/[0m[36m_authenticated.workspace.historico-Ox7KwJrL.js          [0m[1;2m  1.00 kB[0m[2m │ gzip:   0.58 kB[0m
[2m.output/public/[0m[2massets/[0m[36m_authenticated.workspace.atividades-MTznB1qr.js         [0m[1;2m  1.02 kB[0m[2m │ gzip:   0.56 kB[0m
[2m.output/public/[0m[2massets/[0m[36mcard-DBr4uFug.js                                        [0m[1;2m  1.05 kB[0m[2m │ gzip:   0.40 kB[0m
[2m.output/public/[0m[2massets/[0m[36mtslib.es6-Tae09705.js                                   [0m[1;2m  1.06 kB[0m[2m │ gzip:   0.52 kB[0m
[2m.output/public/[0m[2massets/[0m[36m_authenticated.workspace.integracoes-BM6_SKqG.js        [0m[1;2m  1.07 kB[0m[2m │ gzip:   0.58 kB[0m
[2m.output/public/[0m[2massets/[0m[36muse-events-BCAg1uNu.js                                  [0m[1;2m  1.09 kB[0m[2m │ gzip:   0.57 kB[0m
[2m.output/public/[0m[2massets/[0m[36m_public.faq-BlRcnItJ.js                                 [0m[1;2m  1.17 kB[0m[2m │ gzip:   0.64 kB[0m
[2m.output/public/[0m[2massets/[0m[36m_authenticated-mMO4FkRZ.js                              [0m[1;2m  1.19 kB[0m[2m │ gzip:   0.56 kB[0m
[2m.output/public/[0m[2massets/[0m[36mcreateLucideIcon-BSmofTXP.js                            [0m[1;2m  1.19 kB[0m[2m │ gzip:   0.69 kB[0m
[2m.output/public/[0m[2massets/[0m[36muse-security-4Fb5aFnn.js                                [0m[1;2m  1.24 kB[0m[2m │ gzip:   0.40 kB[0m
[2m.output/public/[0m[2massets/[0m[36mdata-table-B4GJqNtj.js                                  [0m[1;2m  1.29 kB[0m[2m │ gzip:   0.65 kB[0m
[2m.output/public/[0m[2massets/[0m[36m_authenticated.planner.ia-0VXt5AfH.js                   [0m[1;2m  1.29 kB[0m[2m │ gzip:   0.68 kB[0m
[2m.output/public/[0m[2massets/[0m[36m_authenticated.workspace.assets-NxwqtI0L.js             [0m[1;2m  1.32 kB[0m[2m │ gzip:   0.69 kB[0m
[2m.output/public/[0m[2massets/[0m[36mreset-password-DRW-3Q6z.js                              [0m[1;2m  1.37 kB[0m[2m │ gzip:   0.74 kB[0m
[2m.output/public/[0m[2massets/[0m[36muse-billing-DdPhheor.js                                 [0m[1;2m  1.42 kB[0m[2m │ gzip:   0.68 kB[0m
[2m.output/public/[0m[2massets/[0m[36mmodule-card-BYAEJXg5.js                                 [0m[1;2m  1.44 kB[0m[2m │ gzip:   0.73 kB[0m
[2m.output/public/[0m[2massets/[0m[36mplanner-ai.functions-X9F151sg.js                        [0m[1;2m  1.51 kB[0m[2m │ gzip:   0.67 kB[0m
[2m.output/public/[0m[2massets/[0m[36mzoom-in-eSbCR9_E.js                                     [0m[1;2m  1.61 kB[0m[2m │ gzip:   0.73 kB[0m
[2m.output/public/[0m[2massets/[0m[36m_public.privacidade-BTPflEdM.js                         [0m[1;2m  1.61 kB[0m[2m │ gzip:   0.86 kB[0m
[2m.output/public/[0m[2massets/[0m[36mwith-selector-Bn15C_7X.js                               [0m[1;2m  1.62 kB[0m[2m │ gzip:   0.72 kB[0m
[2m.output/public/[0m[2massets/[0m[36m_public.blog._slug-BKgjf9qs.js                          [0m[1;2m  1.65 kB[0m[2m │ gzip:   0.78 kB[0m
[2m.output/public/[0m[2massets/[0m[36m_public.termos-B33ZhH-5.js                              [0m[1;2m  1.78 kB[0m[2m │ gzip:   0.94 kB[0m
[2m.output/public/[0m[2massets/[0m[36muse-platform-admin-C0ootWT2.js                          [0m[1;2m  1.89 kB[0m[2m │ gzip:   0.91 kB[0m
[2m.output/public/[0m[2massets/[0m[36mbutton-ClvgXvC2.js                                      [0m[1;2m  1.92 kB[0m[2m │ gzip:   0.95 kB[0m
[2m.output/public/[0m[2massets/[0m[36muse-assets-t1tAAaid.js                                  [0m[1;2m  1.92 kB[0m[2m │ gzip:   0.88 kB[0m
[2m.output/public/[0m[2massets/[0m[36mmodules-e-Jb-tvH.js                                     [0m[1;2m  1.93 kB[0m[2m │ gzip:   0.85 kB[0m
[2m.output/public/[0m[2massets/[0m[36m_authenticated.configuracoes.empresa-qk2hk_6D.js        [0m[1;2m  1.96 kB[0m[2m │ gzip:   1.01 kB[0m
[2m.output/public/[0m[2massets/[0m[36mbadge-DopEZs1P.js                                       [0m[1;2m  1.98 kB[0m[2m │ gzip:   0.82 kB[0m
[2m.output/public/[0m[2massets/[0m[36mdialog-ilJ7-jsP.js                                      [0m[1;2m  2.13 kB[0m[2m │ gzip:   0.86 kB[0m
[2m.output/public/[0m[2massets/[0m[36m_authenticated.ia-BfZZNeHh.js                           [0m[1;2m  2.29 kB[0m[2m │ gzip:   1.00 kB[0m
[2m.output/public/[0m[2massets/[0m[36museMutation-SNfV87ag.js                                 [0m[1;2m  2.33 kB[0m[2m │ gzip:   0.98 kB[0m
[2m.output/public/[0m[2massets/[0m[36muse-observability-DXg9MiEm.js                           [0m[1;2m  2.36 kB[0m[2m │ gzip:   1.06 kB[0m
[2m.output/public/[0m[2massets/[0m[36msheet-DUJgN-6t.js                                       [0m[1;2m  2.38 kB[0m[2m │ gzip:   0.94 kB[0m
[2m.output/public/[0m[2massets/[0m[36m_public.integracoes-BB303_xK.js                         [0m[1;2m  2.51 kB[0m[2m │ gzip:   1.24 kB[0m
[2m.output/public/[0m[2massets/[0m[36mlibrary-supabase-D6v0w8SR.js                            [0m[1;2m  2.53 kB[0m[2m │ gzip:   1.10 kB[0m
[2m.output/public/[0m[2massets/[0m[36m_public.reembolso-BqeuRx65.js                           [0m[1;2m  2.55 kB[0m[2m │ gzip:   1.30 kB[0m
[2m.output/public/[0m[2massets/[0m[36m_public.status-DVYBhjP9.js                              [0m[1;2m  2.63 kB[0m[2m │ gzip:   1.14 kB[0m
[2m.output/public/[0m[2massets/[0m[36m_public.docs-C66IN1Ry.js                                [0m[1;2m  2.73 kB[0m[2m │ gzip:   1.27 kB[0m
[2m.output/public/[0m[2massets/[0m[36mdist-DGXWKUNW.js                                        [0m[1;2m  2.89 kB[0m[2m │ gzip:   1.28 kB[0m
[2m.output/public/[0m[2massets/[0m[36muse-notifications-BV_JfQCu.js                           [0m[1;2m  2.92 kB[0m[2m │ gzip:   1.15 kB[0m
[2m.output/public/[0m[2massets/[0m[36m_authenticated.planner.projetos.index-CAYaQoNb.js       [0m[1;2m  2.93 kB[0m[2m │ gzip:   1.37 kB[0m
[2m.output/public/[0m[2massets/[0m[36m_public.recursos-DdO75CgK.js                            [0m[1;2m  3.03 kB[0m[2m │ gzip:   1.44 kB[0m
[2m.output/public/[0m[2massets/[0m[36mserialization-B0-dm16K.js                               [0m[1;2m  3.17 kB[0m[2m │ gzip:   1.04 kB[0m
[2m.output/public/[0m[2massets/[0m[36m_public.contato-D9A5dhZj.js                             [0m[1;2m  3.22 kB[0m[2m │ gzip:   1.29 kB[0m
[2m.output/public/[0m[2massets/[0m[36mutils-Cyqtejqa.js                                       [0m[1;2m  3.27 kB[0m[2m │ gzip:   1.47 kB[0m
[2m.output/public/[0m[2massets/[0m[36m_authenticated.storage-BAKvLNih.js                      [0m[1;2m  3.30 kB[0m[2m │ gzip:   1.33 kB[0m
[2m.output/public/[0m[2massets/[0m[36m_public.blog-DPUucYbX.js                                [0m[1;2m  3.41 kB[0m[2m │ gzip:   1.45 kB[0m
[2m.output/public/[0m[2massets/[0m[36m_public.cookies-Dy2jLtG1.js                             [0m[1;2m  3.53 kB[0m[2m │ gzip:   1.69 kB[0m
[2m.output/public/[0m[2massets/[0m[36mtabs-DXfteLoV.js                                        [0m[1;2m  3.57 kB[0m[2m │ gzip:   1.49 kB[0m
[2m.output/public/[0m[2massets/[0m[36m_public.sobre-C66N8v7Z.js                               [0m[1;2m  3.68 kB[0m[2m │ gzip:   1.60 kB[0m
[2m.output/public/[0m[2massets/[0m[36m_public.produtos-nDpbsL8R.js                            [0m[1;2m  3.70 kB[0m[2m │ gzip:   1.54 kB[0m
[2m.output/public/[0m[2massets/[0m[36m_authenticated.workspace.api-keys-BibjoKQS.js           [0m[1;2m  3.79 kB[0m[2m │ gzip:   1.65 kB[0m
[2m.output/public/[0m[2massets/[0m[36m_public.produtos.criador-Cl16y7B_.js                    [0m[1;2m  4.24 kB[0m[2m │ gzip:   1.72 kB[0m
[2m.output/public/[0m[2massets/[0m[36mdist-B0wK-631.js                                        [0m[1;2m  4.24 kB[0m[2m │ gzip:   1.85 kB[0m
[2m.output/public/[0m[2massets/[0m[36mswitch-DT5WWgi7.js                                      [0m[1;2m  4.35 kB[0m[2m │ gzip:   1.84 kB[0m
[2m.output/public/[0m[2massets/[0m[36m_authenticated.admin.observabilidade-ImtDCbwF.js        [0m[1;2m  4.46 kB[0m[2m │ gzip:   1.63 kB[0m
[2m.output/public/[0m[2massets/[0m[36mdist-BS6jxEB8.js                                        [0m[1;2m  4.83 kB[0m[2m │ gzip:   1.73 kB[0m
[2m.output/public/[0m[2massets/[0m[36muse-configuration-BJlNFS8w.js                           [0m[1;2m  4.98 kB[0m[2m │ gzip:   1.80 kB[0m
[2m.output/public/[0m[2massets/[0m[36m_public.produtos.planner-C4D69K8B.js                    [0m[1;2m  5.34 kB[0m[2m │ gzip:   2.07 kB[0m
[2m.output/public/[0m[2massets/[0m[36m_authenticated.workspace-C9JAz4NG.js                    [0m[1;2m  5.44 kB[0m[2m │ gzip:   2.03 kB[0m
[2m.output/public/[0m[2massets/[0m[36m_authenticated.observabilidade-B_fkzN2i.js              [0m[1;2m  5.80 kB[0m[2m │ gzip:   1.94 kB[0m
[2m.output/public/[0m[2massets/[0m[36m_public.planos-CNWzybeQ.js                              [0m[1;2m  6.08 kB[0m[2m │ gzip:   2.23 kB[0m
[2m.output/public/[0m[2massets/[0m[36m_authenticated.notificacoes-ZZUDpTrj.js                 [0m[1;2m  6.13 kB[0m[2m │ gzip:   1.75 kB[0m
[2m.output/public/[0m[2massets/[0m[36mdecompose-C6MWB0UU.js                                   [0m[1;2m  6.17 kB[0m[2m │ gzip:   2.57 kB[0m
[2m.output/public/[0m[2massets/[0m[36m_public.changelog-Pw-c_s18.js                           [0m[1;2m  6.26 kB[0m[2m │ gzip:   2.58 kB[0m
[2m.output/public/[0m[2massets/[0m[36m_authenticated.planner-SZHEfUse.js                      [0m[1;2m  6.83 kB[0m[2m │ gzip:   2.74 kB[0m
[2m.output/public/[0m[2massets/[0m[36m_public.seguranca-CYZ6JiIP.js                           [0m[1;2m  6.92 kB[0m[2m │ gzip:   2.93 kB[0m
[2m.output/public/[0m[2massets/[0m[36mauth-CquwxoJK.js                                        [0m[1;2m  7.18 kB[0m[2m │ gzip:   2.36 kB[0m
[2m.output/public/[0m[2massets/[0m[36mdist-CDQgcXop.js                                        [0m[1;2m  7.20 kB[0m[2m │ gzip:   2.78 kB[0m
[2m.output/public/[0m[2massets/[0m[36mdist-DR8EHhPP.js                                        [0m[1;2m  7.32 kB[0m[2m │ gzip:   2.65 kB[0m
[2m.output/public/[0m[2massets/[0m[36m_authenticated.api-gateway-mthsaSWI.js                  [0m[1;2m  7.63 kB[0m[2m │ gzip:   2.48 kB[0m
[2m.output/public/[0m[2massets/[0m[36m_authenticated.jobs-D-jppHg8.js                         [0m[1;2m  7.91 kB[0m[2m │ gzip:   2.44 kB[0m
[2m.output/public/[0m[2massets/[0m[36m_authenticated.cache-Cwf52pFd.js                        [0m[1;2m  8.32 kB[0m[2m │ gzip:   2.55 kB[0m
[2m.output/public/[0m[2massets/[0m[36m_authenticated.planner.biblioteca-DiuMyEsH.js           [0m[1;2m  8.61 kB[0m[2m │ gzip:   2.79 kB[0m
[2m.output/public/[0m[2massets/[0m[36m_authenticated.sdk-BOVuOE29.js                          [0m[1;2m  8.61 kB[0m[2m │ gzip:   3.12 kB[0m
[2m.output/public/[0m[2massets/[0m[36mjsx-runtime-B5yqYJvp.js                                 [0m[1;2m  8.74 kB[0m[2m │ gzip:   3.34 kB[0m
[2m.output/public/[0m[2massets/[0m[36m_authenticated.quality-CdXnuWZj.js                      [0m[1;2m  8.86 kB[0m[2m │ gzip:   2.70 kB[0m
[2m.output/public/[0m[2massets/[0m[36m_authenticated.cicd-6TmivmxX.js                         [0m[1;2m  9.25 kB[0m[2m │ gzip:   2.54 kB[0m
[2m.output/public/[0m[2massets/[0m[36m_authenticated.recovery-BbFvbrtl.js                     [0m[1;2m  9.67 kB[0m[2m │ gzip:   2.78 kB[0m
[2m.output/public/[0m[2massets/[0m[36m_authenticated.workspace.ajuda-D17Bay6m.js              [0m[1;2m  9.74 kB[0m[2m │ gzip:   3.74 kB[0m
[2m.output/public/[0m[2massets/[0m[36m_authenticated.planner.engenharia-tO66dDWV.js           [0m[1;2m  9.83 kB[0m[2m │ gzip:   2.97 kB[0m
[2m.output/public/[0m[2massets/[0m[36m_authenticated.planner.orcamentos-CTGdiu5j.js           [0m[1;2m  9.83 kB[0m[2m │ gzip:   3.46 kB[0m
[2m.output/public/[0m[2massets/[0m[36m_authenticated.planner.materiais-Cp2zFkOH.js            [0m[1;2m 10.08 kB[0m[2m │ gzip:   3.22 kB[0m
[2m.output/public/[0m[2massets/[0m[36m_authenticated.planner.assets-DYwhPE37.js               [0m[1;2m 10.54 kB[0m[2m │ gzip:   4.35 kB[0m
[2m.output/public/[0m[2massets/[0m[36m_authenticated.admin-B5cjO-aF.js                        [0m[1;2m 10.78 kB[0m[2m │ gzip:   4.06 kB[0m
[2m.output/public/[0m[2massets/[0m[36m_authenticated.admin.billing-Cin3t5id.js                [0m[1;2m 11.00 kB[0m[2m │ gzip:   3.68 kB[0m
[2m.output/public/[0m[2massets/[0m[36mpbr-catalog-B_2GdiDm.js                                 [0m[1;2m 11.04 kB[0m[2m │ gzip:   2.44 kB[0m
[2m.output/public/[0m[2massets/[0m[36m_authenticated.admin.blog-lGibrWiF.js                   [0m[1;2m 11.77 kB[0m[2m │ gzip:   3.38 kB[0m
[2m.output/public/[0m[2massets/[0m[36m_authenticated.workspace.equipe-F_8WGhDi.js             [0m[1;2m 12.26 kB[0m[2m │ gzip:   4.03 kB[0m
[2m.output/public/[0m[2massets/[0m[36m_authenticated.planner.ia-studio-CRzfWXGp.js            [0m[1;2m 12.34 kB[0m[2m │ gzip:   3.86 kB[0m
[2m.output/public/[0m[2massets/[0m[36m_authenticated.workspace.assinatura-BbqrUuey.js         [0m[1;2m 12.40 kB[0m[2m │ gzip:   3.54 kB[0m
[2m.output/public/[0m[2massets/[0m[36m_authenticated.security-EOjE-46a.js                     [0m[1;2m 13.09 kB[0m[2m │ gzip:   3.58 kB[0m
[2m.output/public/[0m[2massets/[0m[36m_authenticated.configuracoes.index-DTkjn_PV.js          [0m[1;2m 14.64 kB[0m[2m │ gzip:   3.68 kB[0m
[2m.output/public/[0m[2massets/[0m[36m_authenticated.planner.render-DOuGdsub.js               [0m[1;2m 14.91 kB[0m[2m │ gzip:   4.79 kB[0m
[2m.output/public/[0m[2massets/[0m[36meditor-context-U3tFhFVt.js                              [0m[1;2m 15.00 kB[0m[2m │ gzip:   5.12 kB[0m
[2m.output/public/[0m[2massets/[0m[36m_authenticated.workspace.notificacoes-CyDyhk5t.js       [0m[1;2m 15.22 kB[0m[2m │ gzip:   4.47 kB[0m
[2m.output/public/[0m[2massets/[0m[36m_authenticated.planner.producao-DJcz6iyH.js             [0m[1;2m 16.25 kB[0m[2m │ gzip:   4.71 kB[0m
[2m.output/public/[0m[2massets/[0m[36muse-command-palette-CrQpTMmH.js                         [0m[1;2m 18.69 kB[0m[2m │ gzip:   6.93 kB[0m
[2m.output/public/[0m[2massets/[0m[36m_public.index-DYru47aX.js                               [0m[1;2m 18.77 kB[0m[2m │ gzip:   5.26 kB[0m
[2m.output/public/[0m[2massets/[0m[36m_authenticated.workspace.perfil-x-qaSckg.js             [0m[1;2m 18.80 kB[0m[2m │ gzip:   5.73 kB[0m
[2m.output/public/[0m[2massets/[0m[36m_authenticated.workspace.empresa-viIF0Yo1.js            [0m[1;2m 18.96 kB[0m[2m │ gzip:   6.02 kB[0m
[2m.output/public/[0m[2massets/[0m[36m_authenticated.workspace.modulos-DjIo-3dG.js            [0m[1;2m 19.24 kB[0m[2m │ gzip:   5.40 kB[0m
[2m.output/public/[0m[2massets/[0m[36mdropdown-menu-BH1qEwpk.js                               [0m[1;2m 20.66 kB[0m[2m │ gzip:   6.01 kB[0m
[2m.output/public/[0m[2massets/[0m[36m_authenticated.workspace.creditos-CH30719M.js           [0m[1;2m 21.79 kB[0m[2m │ gzip:   5.77 kB[0m
[2m.output/public/[0m[2massets/[0m[36mes2015-WfLkEgnd.js                                      [0m[1;2m 21.90 kB[0m[2m │ gzip:   7.85 kB[0m
[2m.output/public/[0m[2massets/[0m[36mselect-BHP8Gt9p.js                                      [0m[1;2m 22.36 kB[0m[2m │ gzip:   7.52 kB[0m
[2m.output/public/[0m[2massets/[0m[36m_authenticated.admin.biblioteca-ChBe_siv.js             [0m[1;2m 22.96 kB[0m[2m │ gzip:   5.52 kB[0m
[2m.output/public/[0m[2massets/[0m[36mLibraryPanel-CAysEvNc.js                                [0m[1;2m 23.08 kB[0m[2m │ gzip:   6.73 kB[0m
[2m.output/public/[0m[2massets/[0m[36museBaseQuery-CGXrX_6-.js                                [0m[1;2m 23.56 kB[0m[2m │ gzip:   7.79 kB[0m
[2m.output/public/[0m[2massets/[0m[36m_authenticated.workspace.ia-D9KIv0Ar.js                 [0m[1;2m 26.43 kB[0m[2m │ gzip:   9.07 kB[0m
[2m.output/public/[0m[2massets/[0m[36mdist-CN4fGMRW.js                                        [0m[1;2m 26.51 kB[0m[2m │ gzip:  10.24 kB[0m
[2m.output/public/[0m[2massets/[0m[36mutils-DojpP95n.js                                       [0m[1;2m 27.26 kB[0m[2m │ gzip:   8.69 kB[0m
[2m.output/public/[0m[2massets/[0m[36m_authenticated.planner.visao-D-Mg-mVI.js                [0m[1;2m 27.64 kB[0m[2m │ gzip:   8.56 kB[0m
[2m.output/public/[0m[2massets/[0m[36m_authenticated.workspace.index-BU-tRSbb.js              [0m[1;2m 28.57 kB[0m[2m │ gzip:   8.76 kB[0m
[2m.output/public/[0m[2massets/[0m[36m_authenticated.workspace.configuracoes-Bni3feCX.js      [0m[1;2m 28.82 kB[0m[2m │ gzip:   6.58 kB[0m
[2m.output/public/[0m[2massets/[0m[36m_authenticated-BcNMkY7c.js                              [0m[1;2m 30.55 kB[0m[2m │ gzip:   9.44 kB[0m
[2m.output/public/[0m[2massets/[0m[36m_authenticated.planner.configurador-KAKqla2N.js         [0m[1;2m 33.69 kB[0m[2m │ gzip:   9.80 kB[0m
[2m.output/public/[0m[2massets/[0m[36mInspector-B5u0qDIO.js                                   [0m[1;2m 34.82 kB[0m[2m │ gzip:  10.03 kB[0m
[2m.output/public/[0m[2massets/[0m[36m_authenticated.planner.decoradora-CD1OLXrd.js           [0m[1;2m 37.26 kB[0m[2m │ gzip:  11.38 kB[0m
[2m.output/public/[0m[2massets/[0m[36m_authenticated.planner.marketplace-C6pC1gU5.js          [0m[1;2m 41.59 kB[0m[2m │ gzip:  11.80 kB[0m
[2m.output/public/[0m[2massets/[0m[36m_authenticated.planner.orcamento-projeto-UJFVT28S.js    [0m[1;2m 48.13 kB[0m[2m │ gzip:  15.98 kB[0m
[2m.output/public/[0m[2massets/[0m[36minsert-m-EpkSRw.js                                      [0m[1;2m 55.40 kB[0m[2m │ gzip:  14.48 kB[0m
[2m.output/public/[0m[2massets/[0m[36m_authenticated.planner.projetos._projectId-WcRVH690.js  [0m[1;2m 56.20 kB[0m[2m │ gzip:  16.15 kB[0m
[2m.output/public/[0m[2massets/[0m[36m_authenticated.planner.video-DT61xEkS.js                [0m[1;2m 88.92 kB[0m[2m │ gzip:  22.73 kB[0m
[2m.output/public/[0m[2massets/[0m[36mPublicLayout-DSjVz8PQ.js                                [0m[1;2m140.58 kB[0m[2m │ gzip:  45.43 kB[0m
[2m.output/public/[0m[2massets/[0m[36mPlannerAIPanel-OA4CjYhG.js                              [0m[1;2m188.31 kB[0m[2m │ gzip:  60.30 kB[0m
[2m.output/public/[0m[2massets/[0m[36mclient-DuHRIJQG.js                                      [0m[1;2m208.02 kB[0m[2m │ gzip:  53.77 kB[0m
[2m.output/public/[0m[2massets/[0m[36mplanner-v2-BwOOEwYO.js                                  [0m[1;2m294.88 kB[0m[2m │ gzip:  80.91 kB[0m
[2m.output/public/[0m[2massets/[0m[36mindex-Pxqi_7R-.js                                       [0m[1;2m498.14 kB[0m[2m │ gzip: 147.75 kB[0m
[2m.output/public/[0m[2massets/[0m[36mViewport3D-erTVNIFj.js                                  [0m[33;1m673.35 kB[0m[2m │ gzip: 255.32 kB[0m
[2m.output/public/[0m[2massets/[0m[36mContactShadows-D_Ykvfbf.js                              [0m[33;1m935.26 kB[0m[2m │ gzip: 246.93 kB[0m

[33m[INEFFECTIVE_DYNAMIC_IMPORT] [0msrc/core/providers/TenantProvider.tsx is dynamically imported by src/modules/planner/domains/ai/proxy.ts, src/start.ts but also statically imported by src/core/billing/use-billing.ts, src/core/components/WorkspaceLayout.tsx, src/core/components/ui-kit/company-switcher.tsx, src/core/dashboard/use-dashboard.ts, src/core/hooks/index.ts, ..., dynamic import will not move module into another chunk.

[plugin builtin:vite-reporter] [33;1m
(!) Some chunks are larger than 500 kB after minification. Consider:
- Using dynamic import() to code-split the application
- Use build.rolldownOptions.output.codeSplitting to improve chunking: https://rolldown.rs/reference/OutputOptions.codeSplitting
- Adjust chunk size limit for this warning via build.chunkSizeWarningLimit.[0m
✓ built in 7.90s
vite v8.2.1 building ssr environment for production...
[2Ktransforming...[plugin tanstack-start-core::server-fn:ssr] /home/ubuntu/dioris-audit-repo/src/lib/checkout.functions.ts?tss-serverfn-split:86:34 createServerFn().inputValidator() is deprecated. Use createServerFn().validator() instead.
[plugin tanstack-start-core::server-fn:ssr] /home/ubuntu/dioris-audit-repo/src/lib/checkout.functions.ts?tss-serverfn-split:159:33 createServerFn().inputValidator() is deprecated. Use createServerFn().validator() instead.
[plugin tanstack-start-core::server-fn:ssr] /home/ubuntu/dioris-audit-repo/src/lib/public-blog.functions.ts?tss-serverfn-split:80:34 createServerFn().inputValidator() is deprecated. Use createServerFn().validator() instead.
[plugin tanstack-start-core::server-fn:ssr] /home/ubuntu/dioris-audit-repo/src/lib/planner-projects.functions.ts?tss-serverfn-split:63:27 createServerFn().inputValidator() is deprecated. Use createServerFn().validator() instead.
[plugin tanstack-start-core::server-fn:ssr] /home/ubuntu/dioris-audit-repo/src/lib/planner-projects.functions.ts?tss-serverfn-split:77:33 createServerFn().inputValidator() is deprecated. Use createServerFn().validator() instead.
[plugin tanstack-start-core::server-fn:ssr] /home/ubuntu/dioris-audit-repo/src/lib/planner-projects.functions.ts?tss-serverfn-split:106:30 createServerFn().inputValidator() is deprecated. Use createServerFn().validator() instead.
[plugin tanstack-start-core::server-fn:ssr] /home/ubuntu/dioris-audit-repo/src/lib/planner-projects.functions.ts?tss-serverfn-split:131:33 createServerFn().inputValidator() is deprecated. Use createServerFn().validator() instead.
[plugin tanstack-start-core::server-fn:ssr] /home/ubuntu/dioris-audit-repo/src/lib/planner-projects.functions.ts?tss-serverfn-split:153:30 createServerFn().inputValidator() is deprecated. Use createServerFn().validator() instead.
[plugin tanstack-start-core::server-fn:ssr] /home/ubuntu/dioris-audit-repo/src/lib/planner-snapshots.functions.ts?tss-serverfn-split:47:36 createServerFn().inputValidator() is deprecated. Use createServerFn().validator() instead.
[plugin tanstack-start-core::server-fn:ssr] /home/ubuntu/dioris-audit-repo/src/lib/planner-snapshots.functions.ts?tss-serverfn-split:75:36 createServerFn().inputValidator() is deprecated. Use createServerFn().validator() instead.
[plugin tanstack-start-core::server-fn:ssr] /home/ubuntu/dioris-audit-repo/src/lib/planner-snapshots.functions.ts?tss-serverfn-split:132:36 createServerFn().inputValidator() is deprecated. Use createServerFn().validator() instead.
[plugin tanstack-start-core::server-fn:ssr] /home/ubuntu/dioris-audit-repo/src/lib/planner-snapshots.functions.ts?tss-serverfn-split:162:37 createServerFn().inputValidator() is deprecated. Use createServerFn().validator() instead.
[plugin tanstack-start-core::server-fn:ssr] /home/ubuntu/dioris-audit-repo/src/lib/planner-snapshots.functions.ts?tss-serverfn-split:210:35 createServerFn().inputValidator() is deprecated. Use createServerFn().validator() instead.
[plugin tanstack-start-core::server-fn:ssr] /home/ubuntu/dioris-audit-repo/src/core/services/tenant.functions.ts?tss-serverfn-split:41:30 createServerFn().inputValidator() is deprecated. Use createServerFn().validator() instead.
[plugin tanstack-start-core::server-fn:ssr] /home/ubuntu/dioris-audit-repo/src/core/services/tenant.functions.ts?tss-serverfn-split:241:36 createServerFn().inputValidator() is deprecated. Use createServerFn().validator() instead.
[plugin tanstack-start-core::server-fn:ssr] /home/ubuntu/dioris-audit-repo/src/core/services/tenant.functions.ts?tss-serverfn-split:284:29 createServerFn().inputValidator() is deprecated. Use createServerFn().validator() instead.
[plugin tanstack-start-core::server-fn:ssr] /home/ubuntu/dioris-audit-repo/src/core/services/tenant.functions.ts?tss-serverfn-split:316:33 createServerFn().inputValidator() is deprecated. Use createServerFn().validator() instead.
[plugin tanstack-start-core::server-fn:ssr] /home/ubuntu/dioris-audit-repo/src/core/services/tenant.functions.ts?tss-serverfn-split:345:32 createServerFn().inputValidator() is deprecated. Use createServerFn().validator() instead.
[plugin tanstack-start-core::server-fn:ssr] /home/ubuntu/dioris-audit-repo/src/core/services/tenant.functions.ts?tss-serverfn-split:378:33 createServerFn().inputValidator() is deprecated. Use createServerFn().validator() instead.
[plugin tanstack-start-core::server-fn:ssr] /home/ubuntu/dioris-audit-repo/src/core/services/tenant.functions.ts?tss-serverfn-split:395:33 createServerFn().inputValidator() is deprecated. Use createServerFn().validator() instead.
[plugin tanstack-start-core::server-fn:ssr] /home/ubuntu/dioris-audit-repo/src/core/services/tenant.functions.ts:41:30 createServerFn().inputValidator() is deprecated. Use createServerFn().validator() instead.
[plugin tanstack-start-core::server-fn:ssr] /home/ubuntu/dioris-audit-repo/src/core/services/tenant.functions.ts:241:36 createServerFn().inputValidator() is deprecated. Use createServerFn().validator() instead.
[plugin tanstack-start-core::server-fn:ssr] /home/ubuntu/dioris-audit-repo/src/core/services/tenant.functions.ts:284:29 createServerFn().inputValidator() is deprecated. Use createServerFn().validator() instead.
[plugin tanstack-start-core::server-fn:ssr] /home/ubuntu/dioris-audit-repo/src/core/services/tenant.functions.ts:316:33 createServerFn().inputValidator() is deprecated. Use createServerFn().validator() instead.
[plugin tanstack-start-core::server-fn:ssr] /home/ubuntu/dioris-audit-repo/src/core/services/tenant.functions.ts:345:32 createServerFn().inputValidator() is deprecated. Use createServerFn().validator() instead.
[plugin tanstack-start-core::server-fn:ssr] /home/ubuntu/dioris-audit-repo/src/core/services/tenant.functions.ts:378:33 createServerFn().inputValidator() is deprecated. Use createServerFn().validator() instead.
[plugin tanstack-start-core::server-fn:ssr] /home/ubuntu/dioris-audit-repo/src/core/services/tenant.functions.ts:395:33 createServerFn().inputValidator() is deprecated. Use createServerFn().validator() instead.
[plugin tanstack-start-core::server-fn:ssr] /home/ubuntu/dioris-audit-repo/src/core/configuration/configuration.functions.ts?tss-serverfn-split:43:38 createServerFn().inputValidator() is deprecated. Use createServerFn().validator() instead.
[plugin tanstack-start-core::server-fn:ssr] /home/ubuntu/dioris-audit-repo/src/core/configuration/configuration.functions.ts?tss-serverfn-split:97:27 createServerFn().inputValidator() is deprecated. Use createServerFn().validator() instead.
[plugin tanstack-start-core::server-fn:ssr] /home/ubuntu/dioris-audit-repo/src/core/configuration/configuration.functions.ts?tss-serverfn-split:128:27 createServerFn().inputValidator() is deprecated. Use createServerFn().validator() instead.
[plugin tanstack-start-core::server-fn:ssr] /home/ubuntu/dioris-audit-repo/src/core/configuration/configuration.functions.ts?tss-serverfn-split:161:34 createServerFn().inputValidator() is deprecated. Use createServerFn().validator() instead.
[plugin tanstack-start-core::server-fn:ssr] /home/ubuntu/dioris-audit-repo/src/core/configuration/configuration.functions.ts?tss-serverfn-split:187:32 createServerFn().inputValidator() is deprecated. Use createServerFn().validator() instead.
[plugin tanstack-start-core::server-fn:ssr] /home/ubuntu/dioris-audit-repo/src/core/configuration/configuration.functions.ts?tss-serverfn-split:215:31 createServerFn().inputValidator() is deprecated. Use createServerFn().validator() instead.
[plugin tanstack-start-core::server-fn:ssr] /home/ubuntu/dioris-audit-repo/src/core/configuration/configuration.functions.ts?tss-serverfn-split:258:35 createServerFn().inputValidator() is deprecated. Use createServerFn().validator() instead.
[plugin tanstack-start-core::server-fn:ssr] /home/ubuntu/dioris-audit-repo/src/core/configuration/configuration.functions.ts?tss-serverfn-split:297:31 createServerFn().inputValidator() is deprecated. Use createServerFn().validator() instead.
[plugin tanstack-start-core::server-fn:ssr] /home/ubuntu/dioris-audit-repo/src/core/configuration/configuration.functions.ts?tss-serverfn-split:346:29 createServerFn().inputValidator() is deprecated. Use createServerFn().validator() instead.
[plugin tanstack-start-core::server-fn:ssr] /home/ubuntu/dioris-audit-repo/src/core/configuration/configuration.functions.ts?tss-serverfn-split:387:29 createServerFn().inputValidator() is deprecated. Use createServerFn().validator() instead.
[plugin tanstack-start-core::server-fn:ssr] /home/ubuntu/dioris-audit-repo/src/core/configuration/configuration.functions.ts?tss-serverfn-split:424:29 createServerFn().inputValidator() is deprecated. Use createServerFn().validator() instead.
[plugin tanstack-start-core::server-fn:ssr] /home/ubuntu/dioris-audit-repo/src/core/configuration/configuration.functions.ts?tss-serverfn-split:489:36 createServerFn().inputValidator() is deprecated. Use createServerFn().validator() instead.
[plugin tanstack-start-core::server-fn:ssr] /home/ubuntu/dioris-audit-repo/src/core/observability/observability.functions.ts?tss-serverfn-split:18:25 createServerFn().inputValidator() is deprecated. Use createServerFn().validator() instead.
[plugin tanstack-start-core::server-fn:ssr] /home/ubuntu/dioris-audit-repo/src/core/observability/observability.functions.ts?tss-serverfn-split:46:27 createServerFn().inputValidator() is deprecated. Use createServerFn().validator() instead.
[plugin tanstack-start-core::server-fn:ssr] /home/ubuntu/dioris-audit-repo/src/core/observability/observability.functions.ts?tss-serverfn-split:70:26 createServerFn().inputValidator() is deprecated. Use createServerFn().validator() instead.
[plugin tanstack-start-core::server-fn:ssr] /home/ubuntu/dioris-audit-repo/src/core/observability/observability.functions.ts?tss-serverfn-split:181:29 createServerFn().inputValidator() is deprecated. Use createServerFn().validator() instead.
[plugin tanstack-start-core::server-fn:ssr] /home/ubuntu/dioris-audit-repo/src/core/observability/observability.functions.ts?tss-serverfn-split:221:36 createServerFn().inputValidator() is deprecated. Use createServerFn().validator() instead.
[plugin tanstack-start-core::server-fn:ssr] /home/ubuntu/dioris-audit-repo/src/core/notifications/notifications.functions.ts?tss-serverfn-split:70:38 createServerFn().inputValidator() is deprecated. Use createServerFn().validator() instead.
[plugin tanstack-start-core::server-fn:ssr] /home/ubuntu/dioris-audit-repo/src/core/notifications/notifications.functions.ts?tss-serverfn-split:87:37 createServerFn().inputValidator() is deprecated. Use createServerFn().validator() instead.
[plugin tanstack-start-core::server-fn:ssr] /home/ubuntu/dioris-audit-repo/src/core/notifications/notifications.functions.ts?tss-serverfn-split:96:40 createServerFn().inputValidator() is deprecated. Use createServerFn().validator() instead.
[plugin tanstack-start-core::server-fn:ssr] /home/ubuntu/dioris-audit-repo/src/core/events/events.functions.ts?tss-serverfn-split:24:30 createServerFn().inputValidator() is deprecated. Use createServerFn().validator() instead.
[plugin tanstack-start-core::server-fn:ssr] /home/ubuntu/dioris-audit-repo/src/core/events/events.functions.ts?tss-serverfn-split:49:27 createServerFn().inputValidator() is deprecated. Use createServerFn().validator() instead.
[plugin tanstack-start-core::server-fn:ssr] /home/ubuntu/dioris-audit-repo/src/core/events/events.functions.ts?tss-serverfn-split:112:37 createServerFn().inputValidator() is deprecated. Use createServerFn().validator() instead.
[plugin tanstack-start-core::server-fn:ssr] /home/ubuntu/dioris-audit-repo/src/lib/planner-assets.functions.ts?tss-serverfn-split:28:33 createServerFn().inputValidator() is deprecated. Use createServerFn().validator() instead.
[plugin tanstack-start-core::server-fn:ssr] /home/ubuntu/dioris-audit-repo/src/lib/planner-assets.functions.ts?tss-serverfn-split:45:34 createServerFn().inputValidator() is deprecated. Use createServerFn().validator() instead.
[plugin tanstack-start-core::server-fn:ssr] /home/ubuntu/dioris-audit-repo/src/lib/planner-assets.functions.ts?tss-serverfn-split:96:27 createServerFn().inputValidator() is deprecated. Use createServerFn().validator() instead.
[plugin tanstack-start-core::server-fn:ssr] /home/ubuntu/dioris-audit-repo/src/lib/planner-assets.functions.ts?tss-serverfn-split:120:25 createServerFn().inputValidator() is deprecated. Use createServerFn().validator() instead.
[plugin tanstack-start-core::server-fn:ssr] /home/ubuntu/dioris-audit-repo/src/lib/planner-assets.functions.ts?tss-serverfn-split:174:33 createServerFn().inputValidator() is deprecated. Use createServerFn().validator() instead.
[plugin tanstack-start-core::server-fn:ssr] /home/ubuntu/dioris-audit-repo/src/lib/planner-assets.functions.ts?tss-serverfn-split:243:36 createServerFn().inputValidator() is deprecated. Use createServerFn().validator() instead.
[plugin tanstack-start-core::server-fn:ssr] /home/ubuntu/dioris-audit-repo/src/lib/planner-assets.functions.ts?tss-serverfn-split:302:32 createServerFn().inputValidator() is deprecated. Use createServerFn().validator() instead.
[plugin tanstack-start-core::server-fn:ssr] /home/ubuntu/dioris-audit-repo/src/lib/planner-assets.functions.ts?tss-serverfn-split:335:34 createServerFn().inputValidator() is deprecated. Use createServerFn().validator() instead.
[plugin tanstack-start-core::server-fn:ssr] /home/ubuntu/dioris-audit-repo/src/lib/planner-assets.functions.ts?tss-serverfn-split:391:35 createServerFn().inputValidator() is deprecated. Use createServerFn().validator() instead.
[plugin tanstack-start-core::server-fn:ssr] /home/ubuntu/dioris-audit-repo/src/lib/planner-assets.functions.ts?tss-serverfn-split:425:32 createServerFn().inputValidator() is deprecated. Use createServerFn().validator() instead.
[plugin tanstack-start-core::server-fn:ssr] /home/ubuntu/dioris-audit-repo/src/lib/planner-assets.functions.ts?tss-serverfn-split:445:29 createServerFn().inputValidator() is deprecated. Use createServerFn().validator() instead.
[plugin tanstack-start-core::server-fn:ssr] /home/ubuntu/dioris-audit-repo/src/lib/planner-assets.functions.ts?tss-serverfn-split:491:34 createServerFn().inputValidator() is deprecated. Use createServerFn().validator() instead.
[plugin tanstack-start-core::server-fn:ssr] /home/ubuntu/dioris-audit-repo/src/core/sdk/plugin-functions.ts?tss-serverfn-split:181:30 createServerFn().inputValidator() is deprecated. Use createServerFn().validator() instead.
[plugin tanstack-start-core::server-fn:ssr] /home/ubuntu/dioris-audit-repo/src/core/sdk/plugin-functions.ts?tss-serverfn-split:212:29 createServerFn().inputValidator() is deprecated. Use createServerFn().validator() instead.
[plugin tanstack-start-core::server-fn:ssr] /home/ubuntu/dioris-audit-repo/src/core/sdk/plugin-functions.ts?tss-serverfn-split:220:30 createServerFn().inputValidator() is deprecated. Use createServerFn().validator() instead.
[plugin tanstack-start-core::server-fn:ssr] /home/ubuntu/dioris-audit-repo/src/core/sdk/plugin-functions.ts?tss-serverfn-split:228:32 createServerFn().inputValidator() is deprecated. Use createServerFn().validator() instead.
[plugin tanstack-start-core::server-fn:ssr] /home/ubuntu/dioris-audit-repo/src/core/sdk/plugin-functions.ts?tss-serverfn-split:243:35 createServerFn().inputValidator() is deprecated. Use createServerFn().validator() instead.
[plugin tanstack-start-core::server-fn:ssr] /home/ubuntu/dioris-audit-repo/src/core/sdk/plugin-functions.ts?tss-serverfn-split:293:26 createServerFn().inputValidator() is deprecated. Use createServerFn().validator() instead.
[plugin tanstack-start-core::server-fn:ssr] /home/ubuntu/dioris-audit-repo/src/core/security/security.functions.ts?tss-serverfn-split:111:37 createServerFn().inputValidator() is deprecated. Use createServerFn().validator() instead.
[plugin tanstack-start-core::server-fn:ssr] /home/ubuntu/dioris-audit-repo/src/core/security/security.functions.ts?tss-serverfn-split:153:38 createServerFn().inputValidator() is deprecated. Use createServerFn().validator() instead.
[plugin tanstack-start-core::server-fn:ssr] /home/ubuntu/dioris-audit-repo/src/core/security/security.functions.ts?tss-serverfn-split:175:37 createServerFn().inputValidator() is deprecated. Use createServerFn().validator() instead.
[plugin tanstack-start-core::server-fn:ssr] /home/ubuntu/dioris-audit-repo/src/core/security/security.functions.ts?tss-serverfn-split:199:39 createServerFn().inputValidator() is deprecated. Use createServerFn().validator() instead.
[plugin tanstack-start-core::server-fn:ssr] /home/ubuntu/dioris-audit-repo/src/core/security/security.functions.ts?tss-serverfn-split:224:34 createServerFn().inputValidator() is deprecated. Use createServerFn().validator() instead.
[plugin tanstack-start-core::server-fn:ssr] /home/ubuntu/dioris-audit-repo/src/core/security/security.functions.ts?tss-serverfn-split:260:34 createServerFn().inputValidator() is deprecated. Use createServerFn().validator() instead.
[plugin tanstack-start-core::server-fn:ssr] /home/ubuntu/dioris-audit-repo/src/core/security/security.functions.ts?tss-serverfn-split:286:34 createServerFn().inputValidator() is deprecated. Use createServerFn().validator() instead.
[plugin tanstack-start-core::server-fn:ssr] /home/ubuntu/dioris-audit-repo/src/core/security/security.functions.ts?tss-serverfn-split:314:39 createServerFn().inputValidator() is deprecated. Use createServerFn().validator() instead.
[plugin tanstack-start-core::server-fn:ssr] /home/ubuntu/dioris-audit-repo/src/core/security/security.functions.ts?tss-serverfn-split:341:39 createServerFn().inputValidator() is deprecated. Use createServerFn().validator() instead.
[plugin tanstack-start-core::server-fn:ssr] /home/ubuntu/dioris-audit-repo/src/lib/admin-billing.functions.ts?tss-serverfn-split:86:38 createServerFn().inputValidator() is deprecated. Use createServerFn().validator() instead.
[plugin tanstack-start-core::server-fn:ssr] /home/ubuntu/dioris-audit-repo/src/core/recovery/recovery.functions.ts?tss-serverfn-split:119:37 createServerFn().inputValidator() is deprecated. Use createServerFn().validator() instead.
[plugin tanstack-start-core::server-fn:ssr] /home/ubuntu/dioris-audit-repo/src/core/recovery/recovery.functions.ts?tss-serverfn-split:153:37 createServerFn().inputValidator() is deprecated. Use createServerFn().validator() instead.
[plugin tanstack-start-core::server-fn:ssr] /home/ubuntu/dioris-audit-repo/src/core/recovery/recovery.functions.ts?tss-serverfn-split:175:39 createServerFn().inputValidator() is deprecated. Use createServerFn().validator() instead.
[plugin tanstack-start-core::server-fn:ssr] /home/ubuntu/dioris-audit-repo/src/core/recovery/recovery.functions.ts?tss-serverfn-split:202:39 createServerFn().inputValidator() is deprecated. Use createServerFn().validator() instead.
[plugin tanstack-start-core::server-fn:ssr] /home/ubuntu/dioris-audit-repo/src/core/recovery/recovery.functions.ts?tss-serverfn-split:244:37 createServerFn().inputValidator() is deprecated. Use createServerFn().validator() instead.
[plugin tanstack-start-core::server-fn:ssr] /home/ubuntu/dioris-audit-repo/src/core/recovery/recovery.functions.ts?tss-serverfn-split:291:39 createServerFn().inputValidator() is deprecated. Use createServerFn().validator() instead.
[plugin tanstack-start-core::server-fn:ssr] /home/ubuntu/dioris-audit-repo/src/core/recovery/recovery.functions.ts?tss-serverfn-split:324:35 createServerFn().inputValidator() is deprecated. Use createServerFn().validator() instead.
[plugin tanstack-start-core::server-fn:ssr] /home/ubuntu/dioris-audit-repo/src/core/recovery/recovery.functions.ts?tss-serverfn-split:342:40 createServerFn().inputValidator() is deprecated. Use createServerFn().validator() instead.
[plugin tanstack-start-core::server-fn:ssr] /home/ubuntu/dioris-audit-repo/src/core/recovery/recovery.functions.ts?tss-serverfn-split:391:35 createServerFn().inputValidator() is deprecated. Use createServerFn().validator() instead.
[plugin tanstack-start-core::server-fn:ssr] /home/ubuntu/dioris-audit-repo/src/core/recovery/recovery.functions.ts?tss-serverfn-split:425:35 createServerFn().inputValidator() is deprecated. Use createServerFn().validator() instead.
[plugin tanstack-start-core::server-fn:ssr] /home/ubuntu/dioris-audit-repo/src/core/recovery/recovery.functions.ts?tss-serverfn-split:438:34 createServerFn().inputValidator() is deprecated. Use createServerFn().validator() instead.
[plugin tanstack-start-core::server-fn:ssr] /home/ubuntu/dioris-audit-repo/src/core/ai/ai.functions.ts?tss-serverfn-split:62:31 createServerFn().inputValidator() is deprecated. Use createServerFn().validator() instead.
[plugin tanstack-start-core::server-fn:ssr] /home/ubuntu/dioris-audit-repo/src/core/ai/ai.functions.ts?tss-serverfn-split:89:31 createServerFn().inputValidator() is deprecated. Use createServerFn().validator() instead.
[plugin tanstack-start-core::server-fn:ssr] /home/ubuntu/dioris-audit-repo/src/core/ai/ai.functions.ts?tss-serverfn-split:116:36 createServerFn().inputValidator() is deprecated. Use createServerFn().validator() instead.
[plugin tanstack-start-core::server-fn:ssr] /home/ubuntu/dioris-audit-repo/src/core/assets/assets.functions.ts?tss-serverfn-split:25:35 createServerFn().inputValidator() is deprecated. Use createServerFn().validator() instead.
[plugin tanstack-start-core::server-fn:ssr] /home/ubuntu/dioris-audit-repo/src/core/assets/assets.functions.ts?tss-serverfn-split:38:37 createServerFn().inputValidator() is deprecated. Use createServerFn().validator() instead.
[plugin tanstack-start-core::server-fn:ssr] /home/ubuntu/dioris-audit-repo/src/core/assets/assets.functions.ts?tss-serverfn-split:46:35 createServerFn().inputValidator() is deprecated. Use createServerFn().validator() instead.
[plugin tanstack-start-core::server-fn:ssr] /home/ubuntu/dioris-audit-repo/src/core/assets/assets.functions.ts?tss-serverfn-split:70:33 createServerFn().inputValidator() is deprecated. Use createServerFn().validator() instead.
[plugin tanstack-start-core::server-fn:ssr] /home/ubuntu/dioris-audit-repo/src/core/assets/assets.functions.ts?tss-serverfn-split:79:30 createServerFn().inputValidator() is deprecated. Use createServerFn().validator() instead.
[plugin tanstack-start-core::server-fn:ssr] /home/ubuntu/dioris-audit-repo/src/core/assets/assets.functions.ts?tss-serverfn-split:88:33 createServerFn().inputValidator() is deprecated. Use createServerFn().validator() instead.
[plugin tanstack-start-core::server-fn:ssr] /home/ubuntu/dioris-audit-repo/src/core/assets/assets.functions.ts?tss-serverfn-split:103:27 createServerFn().inputValidator() is deprecated. Use createServerFn().validator() instead.
[plugin tanstack-start-core::server-fn:ssr] /home/ubuntu/dioris-audit-repo/src/lib/planner-production.functions.ts?tss-serverfn-split:71:37 createServerFn().inputValidator() is deprecated. Use createServerFn().validator() instead.
[plugin tanstack-start-core::server-fn:ssr] /home/ubuntu/dioris-audit-repo/src/lib/planner-production.functions.ts?tss-serverfn-split:97:35 createServerFn().inputValidator() is deprecated. Use createServerFn().validator() instead.
[plugin tanstack-start-core::server-fn:ssr] /home/ubuntu/dioris-audit-repo/src/lib/planner-production.functions.ts?tss-serverfn-split:185:38 createServerFn().inputValidator() is deprecated. Use createServerFn().validator() instead.
[plugin tanstack-start-core::server-fn:ssr] /home/ubuntu/dioris-audit-repo/src/lib/planner-production.functions.ts?tss-serverfn-split:273:41 createServerFn().inputValidator() is deprecated. Use createServerFn().validator() instead.
[plugin tanstack-start-core::server-fn:ssr] /home/ubuntu/dioris-audit-repo/src/lib/planner-production.functions.ts?tss-serverfn-split:306:43 createServerFn().inputValidator() is deprecated. Use createServerFn().validator() instead.
[plugin tanstack-start-core::server-fn:ssr] /home/ubuntu/dioris-audit-repo/src/lib/planner-production.functions.ts?tss-serverfn-split:327:31 createServerFn().inputValidator() is deprecated. Use createServerFn().validator() instead.
[plugin tanstack-start-core::server-fn:ssr] /home/ubuntu/dioris-audit-repo/src/lib/planner-production.functions.ts?tss-serverfn-split:378:38 createServerFn().inputValidator() is deprecated. Use createServerFn().validator() instead.
[plugin tanstack-start-core::server-fn:ssr] /home/ubuntu/dioris-audit-repo/src/lib/planner-production.functions.ts?tss-serverfn-split:420:28 createServerFn().inputValidator() is deprecated. Use createServerFn().validator() instead.
[plugin tanstack-start-core::server-fn:ssr] /home/ubuntu/dioris-audit-repo/src/lib/planner-quotes.functions.ts?tss-serverfn-split:87:27 createServerFn().inputValidator() is deprecated. Use createServerFn().validator() instead.
[plugin tanstack-start-core::server-fn:ssr] /home/ubuntu/dioris-audit-repo/src/lib/planner-quotes.functions.ts?tss-serverfn-split:112:25 createServerFn().inputValidator() is deprecated. Use createServerFn().validator() instead.
[plugin tanstack-start-core::server-fn:ssr] /home/ubuntu/dioris-audit-repo/src/lib/planner-quotes.functions.ts?tss-serverfn-split:206:28 createServerFn().inputValidator() is deprecated. Use createServerFn().validator() instead.
[plugin tanstack-start-core::server-fn:ssr] /home/ubuntu/dioris-audit-repo/src/lib/planner-quotes.functions.ts?tss-serverfn-split:276:28 createServerFn().inputValidator() is deprecated. Use createServerFn().validator() instead.
[plugin tanstack-start-core::server-fn:ssr] /home/ubuntu/dioris-audit-repo/src/lib/planner-quotes.functions.ts?tss-serverfn-split:353:31 createServerFn().inputValidator() is deprecated. Use createServerFn().validator() instead.
[plugin tanstack-start-core::server-fn:ssr] /home/ubuntu/dioris-audit-repo/src/lib/planner-quotes.functions.ts?tss-serverfn-split:376:28 createServerFn().inputValidator() is deprecated. Use createServerFn().validator() instead.
[plugin tanstack-start-core::server-fn:ssr] /home/ubuntu/dioris-audit-repo/src/lib/planner-quotes.functions.ts?tss-serverfn-split:391:38 createServerFn().inputValidator() is deprecated. Use createServerFn().validator() instead.
[plugin tanstack-start-core::server-fn:ssr] /home/ubuntu/dioris-audit-repo/src/lib/admin-blog.functions.ts?tss-serverfn-split:100:36 createServerFn().inputValidator() is deprecated. Use createServerFn().validator() instead.
[plugin tanstack-start-core::server-fn:ssr] /home/ubuntu/dioris-audit-repo/src/lib/admin-blog.functions.ts?tss-serverfn-split:158:36 createServerFn().inputValidator() is deprecated. Use createServerFn().validator() instead.
[plugin tanstack-start-core::server-fn:ssr] /home/ubuntu/dioris-audit-repo/src/core/quality/quality.functions.ts?tss-serverfn-split:104:35 createServerFn().inputValidator() is deprecated. Use createServerFn().validator() instead.
[plugin tanstack-start-core::server-fn:ssr] /home/ubuntu/dioris-audit-repo/src/core/quality/quality.functions.ts?tss-serverfn-split:140:35 createServerFn().inputValidator() is deprecated. Use createServerFn().validator() instead.
[plugin tanstack-start-core::server-fn:ssr] /home/ubuntu/dioris-audit-repo/src/core/quality/quality.functions.ts?tss-serverfn-split:174:33 createServerFn().inputValidator() is deprecated. Use createServerFn().validator() instead.
[plugin tanstack-start-core::server-fn:ssr] /home/ubuntu/dioris-audit-repo/src/core/quality/quality.functions.ts?tss-serverfn-split:201:38 createServerFn().inputValidator() is deprecated. Use createServerFn().validator() instead.
[plugin tanstack-start-core::server-fn:ssr] /home/ubuntu/dioris-audit-repo/src/core/quality/quality.functions.ts?tss-serverfn-split:250:34 createServerFn().inputValidator() is deprecated. Use createServerFn().validator() instead.
[plugin tanstack-start-core::server-fn:ssr] /home/ubuntu/dioris-audit-repo/src/core/quality/quality.functions.ts?tss-serverfn-split:284:34 createServerFn().inputValidator() is deprecated. Use createServerFn().validator() instead.
[plugin tanstack-start-core::server-fn:ssr] /home/ubuntu/dioris-audit-repo/src/lib/planner-catalog.functions.ts?tss-serverfn-split:60:37 createServerFn().inputValidator() is deprecated. Use createServerFn().validator() instead.
[plugin tanstack-start-core::server-fn:ssr] /home/ubuntu/dioris-audit-repo/src/lib/planner-catalog.functions.ts?tss-serverfn-split:116:36 createServerFn().inputValidator() is deprecated. Use createServerFn().validator() instead.
[plugin tanstack-start-core::server-fn:ssr] /home/ubuntu/dioris-audit-repo/src/core/api-gateway/api-gateway.functions.ts?tss-serverfn-split:166:29 createServerFn().inputValidator() is deprecated. Use createServerFn().validator() instead.
[plugin tanstack-start-core::server-fn:ssr] /home/ubuntu/dioris-audit-repo/src/core/api-gateway/api-gateway.functions.ts?tss-serverfn-split:192:29 createServerFn().inputValidator() is deprecated. Use createServerFn().validator() instead.
[plugin tanstack-start-core::server-fn:ssr] /home/ubuntu/dioris-audit-repo/src/core/api-gateway/api-gateway.functions.ts?tss-serverfn-split:204:29 createServerFn().inputValidator() is deprecated. Use createServerFn().validator() instead.
[plugin tanstack-start-core::server-fn:ssr] /home/ubuntu/dioris-audit-repo/src/core/api-gateway/api-gateway.functions.ts?tss-serverfn-split:230:35 createServerFn().inputValidator() is deprecated. Use createServerFn().validator() instead.
[plugin tanstack-start-core::server-fn:ssr] /home/ubuntu/dioris-audit-repo/src/core/api-gateway/api-gateway.functions.ts?tss-serverfn-split:257:31 createServerFn().inputValidator() is deprecated. Use createServerFn().validator() instead.
[plugin tanstack-start-core::server-fn:ssr] /home/ubuntu/dioris-audit-repo/src/core/api-gateway/api-gateway.functions.ts?tss-serverfn-split:297:36 createServerFn().inputValidator() is deprecated. Use createServerFn().validator() instead.
[plugin tanstack-start-core::server-fn:ssr] /home/ubuntu/dioris-audit-repo/src/core/api-gateway/api-gateway.functions.ts?tss-serverfn-split:330:33 createServerFn().inputValidator() is deprecated. Use createServerFn().validator() instead.
[plugin tanstack-start-core::server-fn:ssr] /home/ubuntu/dioris-audit-repo/src/core/api-gateway/api-gateway.functions.ts?tss-serverfn-split:361:33 createServerFn().inputValidator() is deprecated. Use createServerFn().validator() instead.
[plugin tanstack-start-core::server-fn:ssr] /home/ubuntu/dioris-audit-repo/src/core/api-gateway/api-gateway.functions.ts?tss-serverfn-split:373:33 createServerFn().inputValidator() is deprecated. Use createServerFn().validator() instead.
[plugin tanstack-start-core::server-fn:ssr] /home/ubuntu/dioris-audit-repo/src/core/billing/billing.functions.ts?tss-serverfn-split:149:31 createServerFn().inputValidator() is deprecated. Use createServerFn().validator() instead.
[plugin tanstack-start-core::server-fn:ssr] /home/ubuntu/dioris-audit-repo/src/core/cicd/cicd.functions.ts?tss-serverfn-split:112:38 createServerFn().inputValidator() is deprecated. Use createServerFn().validator() instead.
[plugin tanstack-start-core::server-fn:ssr] /home/ubuntu/dioris-audit-repo/src/core/cicd/cicd.functions.ts?tss-serverfn-split:144:38 createServerFn().inputValidator() is deprecated. Use createServerFn().validator() instead.
[plugin tanstack-start-core::server-fn:ssr] /home/ubuntu/dioris-audit-repo/src/core/cicd/cicd.functions.ts?tss-serverfn-split:200:35 createServerFn().inputValidator() is deprecated. Use createServerFn().validator() instead.
[plugin tanstack-start-core::server-fn:ssr] /home/ubuntu/dioris-audit-repo/src/core/cicd/cicd.functions.ts?tss-serverfn-split:233:35 createServerFn().inputValidator() is deprecated. Use createServerFn().validator() instead.
[plugin tanstack-start-core::server-fn:ssr] /home/ubuntu/dioris-audit-repo/src/core/cicd/cicd.functions.ts?tss-serverfn-split:262:32 createServerFn().inputValidator() is deprecated. Use createServerFn().validator() instead.
[plugin tanstack-start-core::server-fn:ssr] /home/ubuntu/dioris-audit-repo/src/core/cicd/cicd.functions.ts?tss-serverfn-split:304:33 createServerFn().inputValidator() is deprecated. Use createServerFn().validator() instead.
[plugin tanstack-start-core::server-fn:ssr] /home/ubuntu/dioris-audit-repo/src/core/cicd/cicd.functions.ts?tss-serverfn-split:331:35 createServerFn().inputValidator() is deprecated. Use createServerFn().validator() instead.
[plugin tanstack-start-core::server-fn:ssr] /home/ubuntu/dioris-audit-repo/src/core/cicd/cicd.functions.ts?tss-serverfn-split:349:34 createServerFn().inputValidator() is deprecated. Use createServerFn().validator() instead.
[plugin tanstack-start-core::server-fn:ssr] /home/ubuntu/dioris-audit-repo/src/core/cicd/cicd.functions.ts?tss-serverfn-split:381:34 createServerFn().inputValidator() is deprecated. Use createServerFn().validator() instead.
[plugin tanstack-start-core::server-fn:ssr] /home/ubuntu/dioris-audit-repo/src/core/cicd/cicd.functions.ts?tss-serverfn-split:404:35 createServerFn().inputValidator() is deprecated. Use createServerFn().validator() instead.
[plugin tanstack-start-core::server-fn:ssr] /home/ubuntu/dioris-audit-repo/src/core/cicd/cicd.functions.ts?tss-serverfn-split:433:35 createServerFn().inputValidator() is deprecated. Use createServerFn().validator() instead.
[plugin tanstack-start-core::server-fn:ssr] /home/ubuntu/dioris-audit-repo/src/lib/planner-render.functions.ts?tss-serverfn-split:77:31 createServerFn().inputValidator() is deprecated. Use createServerFn().validator() instead.
[plugin tanstack-start-core::server-fn:ssr] /home/ubuntu/dioris-audit-repo/src/lib/planner-render.functions.ts?tss-serverfn-split:99:29 createServerFn().inputValidator() is deprecated. Use createServerFn().validator() instead.
[plugin tanstack-start-core::server-fn:ssr] /home/ubuntu/dioris-audit-repo/src/lib/planner-render.functions.ts?tss-serverfn-split:165:33 createServerFn().inputValidator() is deprecated. Use createServerFn().validator() instead.
[plugin tanstack-start-core::server-fn:ssr] /home/ubuntu/dioris-audit-repo/src/lib/planner-render.functions.ts?tss-serverfn-split:248:32 createServerFn().inputValidator() is deprecated. Use createServerFn().validator() instead.
[plugin tanstack-start-core::server-fn:ssr] /home/ubuntu/dioris-audit-repo/src/lib/planner-render.functions.ts?tss-serverfn-split:264:32 createServerFn().inputValidator() is deprecated. Use createServerFn().validator() instead.
[plugin tanstack-start-core::server-fn:ssr] /home/ubuntu/dioris-audit-repo/src/lib/planner-render.functions.ts?tss-serverfn-split:279:34 createServerFn().inputValidator() is deprecated. Use createServerFn().validator() instead.
[plugin tanstack-start-core::server-fn:ssr] /home/ubuntu/dioris-audit-repo/src/lib/planner-render.functions.ts?tss-serverfn-split:341:37 createServerFn().inputValidator() is deprecated. Use createServerFn().validator() instead.
[plugin tanstack-start-core::server-fn:ssr] /home/ubuntu/dioris-audit-repo/src/core/integrations/integrations.functions.ts?tss-serverfn-split:125:34 createServerFn().inputValidator() is deprecated. Use createServerFn().validator() instead.
[plugin tanstack-start-core::server-fn:ssr] /home/ubuntu/dioris-audit-repo/src/core/integrations/integrations.functions.ts?tss-serverfn-split:151:34 createServerFn().inputValidator() is deprecated. Use createServerFn().validator() instead.
[plugin tanstack-start-core::server-fn:ssr] /home/ubuntu/dioris-audit-repo/src/core/integrations/integrations.functions.ts?tss-serverfn-split:261:32 createServerFn().inputValidator() is deprecated. Use createServerFn().validator() instead.
[plugin tanstack-start-core::server-fn:ssr] /home/ubuntu/dioris-audit-repo/src/core/integrations/integrations.functions.ts?tss-serverfn-split:291:32 createServerFn().inputValidator() is deprecated. Use createServerFn().validator() instead.
[plugin tanstack-start-core::server-fn:ssr] /home/ubuntu/dioris-audit-repo/src/core/integrations/integrations.functions.ts?tss-serverfn-split:311:30 createServerFn().inputValidator() is deprecated. Use createServerFn().validator() instead.
[plugin tanstack-start-core::server-fn:ssr] /home/ubuntu/dioris-audit-repo/src/core/integrations/integrations.functions.ts?tss-serverfn-split:324:35 createServerFn().inputValidator() is deprecated. Use createServerFn().validator() instead.
[plugin tanstack-start-core::server-fn:ssr] /home/ubuntu/dioris-audit-repo/src/modules/planner/domains/catalog/library.admin.functions.ts?tss-serverfn-split:35:35 createServerFn().inputValidator() is deprecated. Use createServerFn().validator() instead.
[plugin tanstack-start-core::server-fn:ssr] /home/ubuntu/dioris-audit-repo/src/modules/planner/domains/catalog/library.admin.functions.ts?tss-serverfn-split:61:34 createServerFn().inputValidator() is deprecated. Use createServerFn().validator() instead.
[plugin tanstack-start-core::server-fn:ssr] /home/ubuntu/dioris-audit-repo/src/modules/planner/domains/catalog/library.admin.functions.ts?tss-serverfn-split:140:37 createServerFn().inputValidator() is deprecated. Use createServerFn().validator() instead.
[plugin tanstack-start-core::server-fn:ssr] /home/ubuntu/dioris-audit-repo/src/modules/planner/domains/catalog/library.admin.functions.ts?tss-serverfn-split:162:36 createServerFn().inputValidator() is deprecated. Use createServerFn().validator() instead.
[plugin tanstack-start-core::server-fn:ssr] /home/ubuntu/dioris-audit-repo/src/modules/planner/domains/catalog/library.admin.functions.ts?tss-serverfn-split:184:36 createServerFn().inputValidator() is deprecated. Use createServerFn().validator() instead.
[plugin tanstack-start-core::server-fn:ssr] /home/ubuntu/dioris-audit-repo/src/modules/planner/domains/catalog/library.admin.functions.ts?tss-serverfn-split:208:36 createServerFn().inputValidator() is deprecated. Use createServerFn().validator() instead.
[plugin tanstack-start-core::server-fn:ssr] /home/ubuntu/dioris-audit-repo/src/modules/planner/domains/catalog/library.admin.functions.ts?tss-serverfn-split:232:36 createServerFn().inputValidator() is deprecated. Use createServerFn().validator() instead.
[plugin tanstack-start-core::server-fn:ssr] /home/ubuntu/dioris-audit-repo/src/modules/planner/domains/catalog/library.admin.functions.ts?tss-serverfn-split:251:36 createServerFn().inputValidator() is deprecated. Use createServerFn().validator() instead.
[plugin tanstack-start-core::server-fn:ssr] /home/ubuntu/dioris-audit-repo/src/modules/planner/domains/catalog/library.admin.functions.ts?tss-serverfn-split:301:37 createServerFn().inputValidator() is deprecated. Use createServerFn().validator() instead.
[plugin tanstack-start-core::server-fn:ssr] /home/ubuntu/dioris-audit-repo/src/modules/planner/domains/catalog/library.admin.functions.ts?tss-serverfn-split:427:39 createServerFn().inputValidator() is deprecated. Use createServerFn().validator() instead.
[plugin tanstack-start-core::server-fn:ssr] /home/ubuntu/dioris-audit-repo/src/core/cache/cache.functions.ts?tss-serverfn-split:176:37 createServerFn().inputValidator() is deprecated. Use createServerFn().validator() instead.
[plugin tanstack-start-core::server-fn:ssr] /home/ubuntu/dioris-audit-repo/src/core/cache/cache.functions.ts?tss-serverfn-split:209:37 createServerFn().inputValidator() is deprecated. Use createServerFn().validator() instead.
[plugin tanstack-start-core::server-fn:ssr] /home/ubuntu/dioris-audit-repo/src/core/cache/cache.functions.ts?tss-serverfn-split:234:30 createServerFn().inputValidator() is deprecated. Use createServerFn().validator() instead.
[plugin tanstack-start-core::server-fn:ssr] /home/ubuntu/dioris-audit-repo/src/core/cache/cache.functions.ts?tss-serverfn-split:255:33 createServerFn().inputValidator() is deprecated. Use createServerFn().validator() instead.
[plugin tanstack-start-core::server-fn:ssr] /home/ubuntu/dioris-audit-repo/src/core/cache/cache.functions.ts?tss-serverfn-split:274:32 createServerFn().inputValidator() is deprecated. Use createServerFn().validator() instead.
[plugin tanstack-start-core::server-fn:ssr] /home/ubuntu/dioris-audit-repo/src/core/cache/cache.functions.ts?tss-serverfn-split:319:28 createServerFn().inputValidator() is deprecated. Use createServerFn().validator() instead.
[plugin tanstack-start-core::server-fn:ssr] /home/ubuntu/dioris-audit-repo/src/core/jobs/job.functions.ts?tss-serverfn-split:282:27 createServerFn().inputValidator() is deprecated. Use createServerFn().validator() instead.
[plugin tanstack-start-core::server-fn:ssr] /home/ubuntu/dioris-audit-repo/src/core/jobs/job.functions.ts?tss-serverfn-split:292:26 createServerFn().inputValidator() is deprecated. Use createServerFn().validator() instead.
[plugin tanstack-start-core::server-fn:ssr] /home/ubuntu/dioris-audit-repo/src/core/jobs/job.functions.ts?tss-serverfn-split:300:25 createServerFn().inputValidator() is deprecated. Use createServerFn().validator() instead.
[plugin tanstack-start-core::server-fn:ssr] /home/ubuntu/dioris-audit-repo/src/core/jobs/job.functions.ts?tss-serverfn-split:308:26 createServerFn().inputValidator() is deprecated. Use createServerFn().validator() instead.
[plugin tanstack-start-core::server-fn:ssr] /home/ubuntu/dioris-audit-repo/src/core/jobs/job.functions.ts?tss-serverfn-split:323:28 createServerFn().inputValidator() is deprecated. Use createServerFn().validator() instead.
[plugin tanstack-start-core::server-fn:ssr] /home/ubuntu/dioris-audit-repo/src/core/jobs/job.functions.ts?tss-serverfn-split:355:27 createServerFn().inputValidator() is deprecated. Use createServerFn().validator() instead.
[plugin tanstack-start-core::server-fn:ssr] /home/ubuntu/dioris-audit-repo/src/core/jobs/job.functions.ts?tss-serverfn-split:382:27 createServerFn().inputValidator() is deprecated. Use createServerFn().validator() instead.
[plugin tanstack-start-core::server-fn:ssr] /home/ubuntu/dioris-audit-repo/src/core/jobs/job.functions.ts?tss-serverfn-split:401:34 createServerFn().inputValidator() is deprecated. Use createServerFn().validator() instead.
[plugin tanstack-start-core::server-fn:ssr] /home/ubuntu/dioris-audit-repo/src/core/jobs/job.functions.ts?tss-serverfn-split:409:27 createServerFn().inputValidator() is deprecated. Use createServerFn().validator() instead.
[plugin tanstack-start-core::server-fn:ssr] /home/ubuntu/dioris-audit-repo/src/lib/planner-materials.functions.ts?tss-serverfn-split:53:37 createServerFn().inputValidator() is deprecated. Use createServerFn().validator() instead.
[plugin tanstack-start-core::server-fn:ssr] /home/ubuntu/dioris-audit-repo/src/lib/planner-materials.functions.ts?tss-serverfn-split:115:43 createServerFn().inputValidator() is deprecated. Use createServerFn().validator() instead.
[plugin tanstack-start-core::server-fn:ssr] /home/ubuntu/dioris-audit-repo/src/lib/planner-materials.functions.ts?tss-serverfn-split:146:43 createServerFn().inputValidator() is deprecated. Use createServerFn().validator() instead.
[plugin tanstack-start-core::server-fn:ssr] /home/ubuntu/dioris-audit-repo/src/lib/planner-ai.functions.ts?tss-serverfn-split:74:31 createServerFn().inputValidator() is deprecated. Use createServerFn().validator() instead.
[plugin tanstack-start-core::server-fn:ssr] /home/ubuntu/dioris-audit-repo/src/lib/planner-ai.functions.ts?tss-serverfn-split:99:32 createServerFn().inputValidator() is deprecated. Use createServerFn().validator() instead.
[plugin tanstack-start-core::server-fn:ssr] /home/ubuntu/dioris-audit-repo/src/lib/planner-ai.functions.ts?tss-serverfn-split:152:29 createServerFn().inputValidator() is deprecated. Use createServerFn().validator() instead.
[plugin tanstack-start-core::server-fn:ssr] /home/ubuntu/dioris-audit-repo/src/lib/planner-ai.functions.ts?tss-serverfn-split:220:32 createServerFn().inputValidator() is deprecated. Use createServerFn().validator() instead.
[plugin tanstack-start-core::server-fn:ssr] /home/ubuntu/dioris-audit-repo/src/lib/planner-ai.functions.ts?tss-serverfn-split:238:32 createServerFn().inputValidator() is deprecated. Use createServerFn().validator() instead.
[plugin tanstack-start-core::server-fn:ssr] /home/ubuntu/dioris-audit-repo/src/lib/planner-ai.functions.ts?tss-serverfn-split:266:32 createServerFn().inputValidator() is deprecated. Use createServerFn().validator() instead.
[plugin tanstack-start-core::server-fn:ssr] /home/ubuntu/dioris-audit-repo/src/lib/planner-ai.functions.ts?tss-serverfn-split:368:33 createServerFn().inputValidator() is deprecated. Use createServerFn().validator() instead.
[plugin tanstack-start-core::server-fn:ssr] /home/ubuntu/dioris-audit-repo/src/lib/planner-ai.functions.ts?tss-serverfn-split:430:29 createServerFn().inputValidator() is deprecated. Use createServerFn().validator() instead.
[plugin tanstack-start-core::server-fn:ssr] /home/ubuntu/dioris-audit-repo/src/lib/planner-ai.functions.ts?tss-serverfn-split:454:31 createServerFn().inputValidator() is deprecated. Use createServerFn().validator() instead.
[plugin tanstack-start-core::server-fn:ssr] /home/ubuntu/dioris-audit-repo/src/lib/planner-ai.functions.ts?tss-serverfn-split:478:31 createServerFn().inputValidator() is deprecated. Use createServerFn().validator() instead.
[plugin tanstack-start-core::server-fn:ssr] /home/ubuntu/dioris-audit-repo/src/lib/planner-ai.functions.ts?tss-serverfn-split:493:29 createServerFn().inputValidator() is deprecated. Use createServerFn().validator() instead.
[plugin tanstack-start-core::server-fn:ssr] /home/ubuntu/dioris-audit-repo/src/lib/public-blog.functions.ts:80:34 createServerFn().inputValidator() is deprecated. Use createServerFn().validator() instead.
[plugin tanstack-start-core::server-fn:ssr] /home/ubuntu/dioris-audit-repo/src/core/billing/billing.functions.ts:149:31 createServerFn().inputValidator() is deprecated. Use createServerFn().validator() instead.
[plugin tanstack-start-core::server-fn:ssr] /home/ubuntu/dioris-audit-repo/src/lib/planner-projects.functions.ts:63:27 createServerFn().inputValidator() is deprecated. Use createServerFn().validator() instead.
[plugin tanstack-start-core::server-fn:ssr] /home/ubuntu/dioris-audit-repo/src/lib/planner-projects.functions.ts:77:33 createServerFn().inputValidator() is deprecated. Use createServerFn().validator() instead.
[plugin tanstack-start-core::server-fn:ssr] /home/ubuntu/dioris-audit-repo/src/lib/planner-projects.functions.ts:106:30 createServerFn().inputValidator() is deprecated. Use createServerFn().validator() instead.
[plugin tanstack-start-core::server-fn:ssr] /home/ubuntu/dioris-audit-repo/src/lib/planner-projects.functions.ts:131:33 createServerFn().inputValidator() is deprecated. Use createServerFn().validator() instead.
[plugin tanstack-start-core::server-fn:ssr] /home/ubuntu/dioris-audit-repo/src/lib/planner-projects.functions.ts:153:30 createServerFn().inputValidator() is deprecated. Use createServerFn().validator() instead.
[plugin tanstack-start-core::server-fn:ssr] /home/ubuntu/dioris-audit-repo/src/lib/checkout.functions.ts:86:34 createServerFn().inputValidator() is deprecated. Use createServerFn().validator() instead.
[plugin tanstack-start-core::server-fn:ssr] /home/ubuntu/dioris-audit-repo/src/lib/checkout.functions.ts:159:33 createServerFn().inputValidator() is deprecated. Use createServerFn().validator() instead.
[plugin tanstack-start-core::server-fn:ssr] /home/ubuntu/dioris-audit-repo/src/modules/planner/domains/catalog/library.admin.functions.ts:35:35 createServerFn().inputValidator() is deprecated. Use createServerFn().validator() instead.
[plugin tanstack-start-core::server-fn:ssr] /home/ubuntu/dioris-audit-repo/src/modules/planner/domains/catalog/library.admin.functions.ts:61:34 createServerFn().inputValidator() is deprecated. Use createServerFn().validator() instead.
[plugin tanstack-start-core::server-fn:ssr] /home/ubuntu/dioris-audit-repo/src/modules/planner/domains/catalog/library.admin.functions.ts:140:37 createServerFn().inputValidator() is deprecated. Use createServerFn().validator() instead.
[plugin tanstack-start-core::server-fn:ssr] /home/ubuntu/dioris-audit-repo/src/modules/planner/domains/catalog/library.admin.functions.ts:162:36 createServerFn().inputValidator() is deprecated. Use createServerFn().validator() instead.
[plugin tanstack-start-core::server-fn:ssr] /home/ubuntu/dioris-audit-repo/src/modules/planner/domains/catalog/library.admin.functions.ts:184:36 createServerFn().inputValidator() is deprecated. Use createServerFn().validator() instead.
[plugin tanstack-start-core::server-fn:ssr] /home/ubuntu/dioris-audit-repo/src/modules/planner/domains/catalog/library.admin.functions.ts:208:36 createServerFn().inputValidator() is deprecated. Use createServerFn().validator() instead.
[plugin tanstack-start-core::server-fn:ssr] /home/ubuntu/dioris-audit-repo/src/modules/planner/domains/catalog/library.admin.functions.ts:232:36 createServerFn().inputValidator() is deprecated. Use createServerFn().validator() instead.
[plugin tanstack-start-core::server-fn:ssr] /home/ubuntu/dioris-audit-repo/src/modules/planner/domains/catalog/library.admin.functions.ts:251:36 createServerFn().inputValidator() is deprecated. Use createServerFn().validator() instead.
[plugin tanstack-start-core::server-fn:ssr] /home/ubuntu/dioris-audit-repo/src/modules/planner/domains/catalog/library.admin.functions.ts:301:37 createServerFn().inputValidator() is deprecated. Use createServerFn().validator() instead.
[plugin tanstack-start-core::server-fn:ssr] /home/ubuntu/dioris-audit-repo/src/modules/planner/domains/catalog/library.admin.functions.ts:427:39 createServerFn().inputValidator() is deprecated. Use createServerFn().validator() instead.
[plugin tanstack-start-core::server-fn:ssr] /home/ubuntu/dioris-audit-repo/src/lib/planner-materials.functions.ts:53:37 createServerFn().inputValidator() is deprecated. Use createServerFn().validator() instead.
[plugin tanstack-start-core::server-fn:ssr] /home/ubuntu/dioris-audit-repo/src/lib/planner-materials.functions.ts:115:43 createServerFn().inputValidator() is deprecated. Use createServerFn().validator() instead.
[plugin tanstack-start-core::server-fn:ssr] /home/ubuntu/dioris-audit-repo/src/lib/planner-materials.functions.ts:146:43 createServerFn().inputValidator() is deprecated. Use createServerFn().validator() instead.
[plugin tanstack-start-core::server-fn:ssr] /home/ubuntu/dioris-audit-repo/src/lib/planner-production.functions.ts:71:37 createServerFn().inputValidator() is deprecated. Use createServerFn().validator() instead.
[plugin tanstack-start-core::server-fn:ssr] /home/ubuntu/dioris-audit-repo/src/lib/planner-production.functions.ts:97:35 createServerFn().inputValidator() is deprecated. Use createServerFn().validator() instead.
[plugin tanstack-start-core::server-fn:ssr] /home/ubuntu/dioris-audit-repo/src/lib/planner-production.functions.ts:185:38 createServerFn().inputValidator() is deprecated. Use createServerFn().validator() instead.
[plugin tanstack-start-core::server-fn:ssr] /home/ubuntu/dioris-audit-repo/src/lib/planner-production.functions.ts:273:41 createServerFn().inputValidator() is deprecated. Use createServerFn().validator() instead.
[plugin tanstack-start-core::server-fn:ssr] /home/ubuntu/dioris-audit-repo/src/lib/planner-production.functions.ts:306:43 createServerFn().inputValidator() is deprecated. Use createServerFn().validator() instead.
[plugin tanstack-start-core::server-fn:ssr] /home/ubuntu/dioris-audit-repo/src/lib/planner-production.functions.ts:327:31 createServerFn().inputValidator() is deprecated. Use createServerFn().validator() instead.
[plugin tanstack-start-core::server-fn:ssr] /home/ubuntu/dioris-audit-repo/src/lib/planner-production.functions.ts:378:38 createServerFn().inputValidator() is deprecated. Use createServerFn().validator() instead.
[plugin tanstack-start-core::server-fn:ssr] /home/ubuntu/dioris-audit-repo/src/lib/planner-production.functions.ts:420:28 createServerFn().inputValidator() is deprecated. Use createServerFn().validator() instead.
[plugin tanstack-start-core::server-fn:ssr] /home/ubuntu/dioris-audit-repo/src/lib/admin-billing.functions.ts:86:38 createServerFn().inputValidator() is deprecated. Use createServerFn().validator() instead.
[plugin tanstack-start-core::server-fn:ssr] /home/ubuntu/dioris-audit-repo/src/lib/planner-quotes.functions.ts:87:27 createServerFn().inputValidator() is deprecated. Use createServerFn().validator() instead.
[plugin tanstack-start-core::server-fn:ssr] /home/ubuntu/dioris-audit-repo/src/lib/planner-quotes.functions.ts:112:25 createServerFn().inputValidator() is deprecated. Use createServerFn().validator() instead.
[plugin tanstack-start-core::server-fn:ssr] /home/ubuntu/dioris-audit-repo/src/lib/planner-quotes.functions.ts:206:28 createServerFn().inputValidator() is deprecated. Use createServerFn().validator() instead.
[plugin tanstack-start-core::server-fn:ssr] /home/ubuntu/dioris-audit-repo/src/lib/planner-quotes.functions.ts:276:28 createServerFn().inputValidator() is deprecated. Use createServerFn().validator() instead.
[plugin tanstack-start-core::server-fn:ssr] /home/ubuntu/dioris-audit-repo/src/lib/planner-quotes.functions.ts:353:31 createServerFn().inputValidator() is deprecated. Use createServerFn().validator() instead.
[plugin tanstack-start-core::server-fn:ssr] /home/ubuntu/dioris-audit-repo/src/lib/planner-quotes.functions.ts:376:28 createServerFn().inputValidator() is deprecated. Use createServerFn().validator() instead.
[plugin tanstack-start-core::server-fn:ssr] /home/ubuntu/dioris-audit-repo/src/lib/planner-quotes.functions.ts:391:38 createServerFn().inputValidator() is deprecated. Use createServerFn().validator() instead.
[plugin tanstack-start-core::server-fn:ssr] /home/ubuntu/dioris-audit-repo/src/lib/admin-blog.functions.ts:100:36 createServerFn().inputValidator() is deprecated. Use createServerFn().validator() instead.
[plugin tanstack-start-core::server-fn:ssr] /home/ubuntu/dioris-audit-repo/src/lib/admin-blog.functions.ts:158:36 createServerFn().inputValidator() is deprecated. Use createServerFn().validator() instead.
[plugin tanstack-start-core::server-fn:ssr] /home/ubuntu/dioris-audit-repo/src/lib/planner-assets.functions.ts:28:33 createServerFn().inputValidator() is deprecated. Use createServerFn().validator() instead.
[plugin tanstack-start-core::server-fn:ssr] /home/ubuntu/dioris-audit-repo/src/lib/planner-assets.functions.ts:45:34 createServerFn().inputValidator() is deprecated. Use createServerFn().validator() instead.
[plugin tanstack-start-core::server-fn:ssr] /home/ubuntu/dioris-audit-repo/src/lib/planner-assets.functions.ts:96:27 createServerFn().inputValidator() is deprecated. Use createServerFn().validator() instead.
[plugin tanstack-start-core::server-fn:ssr] /home/ubuntu/dioris-audit-repo/src/lib/planner-assets.functions.ts:120:25 createServerFn().inputValidator() is deprecated. Use createServerFn().validator() instead.
[plugin tanstack-start-core::server-fn:ssr] /home/ubuntu/dioris-audit-repo/src/lib/planner-assets.functions.ts:174:33 createServerFn().inputValidator() is deprecated. Use createServerFn().validator() instead.
[plugin tanstack-start-core::server-fn:ssr] /home/ubuntu/dioris-audit-repo/src/lib/planner-assets.functions.ts:243:36 createServerFn().inputValidator() is deprecated. Use createServerFn().validator() instead.
[plugin tanstack-start-core::server-fn:ssr] /home/ubuntu/dioris-audit-repo/src/lib/planner-assets.functions.ts:302:32 createServerFn().inputValidator() is deprecated. Use createServerFn().validator() instead.
[plugin tanstack-start-core::server-fn:ssr] /home/ubuntu/dioris-audit-repo/src/lib/planner-assets.functions.ts:335:34 createServerFn().inputValidator() is deprecated. Use createServerFn().validator() instead.
[plugin tanstack-start-core::server-fn:ssr] /home/ubuntu/dioris-audit-repo/src/lib/planner-assets.functions.ts:391:35 createServerFn().inputValidator() is deprecated. Use createServerFn().validator() instead.
[plugin tanstack-start-core::server-fn:ssr] /home/ubuntu/dioris-audit-repo/src/lib/planner-assets.functions.ts:425:32 createServerFn().inputValidator() is deprecated. Use createServerFn().validator() instead.
[plugin tanstack-start-core::server-fn:ssr] /home/ubuntu/dioris-audit-repo/src/lib/planner-assets.functions.ts:445:29 createServerFn().inputValidator() is deprecated. Use createServerFn().validator() instead.
[plugin tanstack-start-core::server-fn:ssr] /home/ubuntu/dioris-audit-repo/src/lib/planner-assets.functions.ts:491:34 createServerFn().inputValidator() is deprecated. Use createServerFn().validator() instead.
[plugin tanstack-start-core::server-fn:ssr] /home/ubuntu/dioris-audit-repo/src/lib/planner-ai.functions.ts:74:31 createServerFn().inputValidator() is deprecated. Use createServerFn().validator() instead.
[plugin tanstack-start-core::server-fn:ssr] /home/ubuntu/dioris-audit-repo/src/lib/planner-ai.functions.ts:99:32 createServerFn().inputValidator() is deprecated. Use createServerFn().validator() instead.
[plugin tanstack-start-core::server-fn:ssr] /home/ubuntu/dioris-audit-repo/src/lib/planner-ai.functions.ts:152:29 createServerFn().inputValidator() is deprecated. Use createServerFn().validator() instead.
[plugin tanstack-start-core::server-fn:ssr] /home/ubuntu/dioris-audit-repo/src/lib/planner-ai.functions.ts:220:32 createServerFn().inputValidator() is deprecated. Use createServerFn().validator() instead.
[plugin tanstack-start-core::server-fn:ssr] /home/ubuntu/dioris-audit-repo/src/lib/planner-ai.functions.ts:238:32 createServerFn().inputValidator() is deprecated. Use createServerFn().validator() instead.
[plugin tanstack-start-core::server-fn:ssr] /home/ubuntu/dioris-audit-repo/src/lib/planner-ai.functions.ts:266:32 createServerFn().inputValidator() is deprecated. Use createServerFn().validator() instead.
[plugin tanstack-start-core::server-fn:ssr] /home/ubuntu/dioris-audit-repo/src/lib/planner-ai.functions.ts:368:33 createServerFn().inputValidator() is deprecated. Use createServerFn().validator() instead.
[plugin tanstack-start-core::server-fn:ssr] /home/ubuntu/dioris-audit-repo/src/lib/planner-ai.functions.ts:430:29 createServerFn().inputValidator() is deprecated. Use createServerFn().validator() instead.
[plugin tanstack-start-core::server-fn:ssr] /home/ubuntu/dioris-audit-repo/src/lib/planner-ai.functions.ts:454:31 createServerFn().inputValidator() is deprecated. Use createServerFn().validator() instead.
[plugin tanstack-start-core::server-fn:ssr] /home/ubuntu/dioris-audit-repo/src/lib/planner-ai.functions.ts:478:31 createServerFn().inputValidator() is deprecated. Use createServerFn().validator() instead.
[plugin tanstack-start-core::server-fn:ssr] /home/ubuntu/dioris-audit-repo/src/lib/planner-ai.functions.ts:493:29 createServerFn().inputValidator() is deprecated. Use createServerFn().validator() instead.
[plugin tanstack-start-core::server-fn:ssr] /home/ubuntu/dioris-audit-repo/src/core/ai/ai.functions.ts:62:31 createServerFn().inputValidator() is deprecated. Use createServerFn().validator() instead.
[plugin tanstack-start-core::server-fn:ssr] /home/ubuntu/dioris-audit-repo/src/core/ai/ai.functions.ts:89:31 createServerFn().inputValidator() is deprecated. Use createServerFn().validator() instead.
[plugin tanstack-start-core::server-fn:ssr] /home/ubuntu/dioris-audit-repo/src/core/ai/ai.functions.ts:116:36 createServerFn().inputValidator() is deprecated. Use createServerFn().validator() instead.
[plugin tanstack-start-core::server-fn:ssr] /home/ubuntu/dioris-audit-repo/src/lib/planner-render.functions.ts:77:31 createServerFn().inputValidator() is deprecated. Use createServerFn().validator() instead.
[plugin tanstack-start-core::server-fn:ssr] /home/ubuntu/dioris-audit-repo/src/lib/planner-render.functions.ts:99:29 createServerFn().inputValidator() is deprecated. Use createServerFn().validator() instead.
[plugin tanstack-start-core::server-fn:ssr] /home/ubuntu/dioris-audit-repo/src/lib/planner-render.functions.ts:165:33 createServerFn().inputValidator() is deprecated. Use createServerFn().validator() instead.
[plugin tanstack-start-core::server-fn:ssr] /home/ubuntu/dioris-audit-repo/src/lib/planner-render.functions.ts:248:32 createServerFn().inputValidator() is deprecated. Use createServerFn().validator() instead.
[plugin tanstack-start-core::server-fn:ssr] /home/ubuntu/dioris-audit-repo/src/lib/planner-render.functions.ts:264:32 createServerFn().inputValidator() is deprecated. Use createServerFn().validator() instead.
[plugin tanstack-start-core::server-fn:ssr] /home/ubuntu/dioris-audit-repo/src/lib/planner-render.functions.ts:279:34 createServerFn().inputValidator() is deprecated. Use createServerFn().validator() instead.
[plugin tanstack-start-core::server-fn:ssr] /home/ubuntu/dioris-audit-repo/src/lib/planner-render.functions.ts:341:37 createServerFn().inputValidator() is deprecated. Use createServerFn().validator() instead.
[plugin tanstack-start-core::server-fn:ssr] /home/ubuntu/dioris-audit-repo/src/lib/planner-snapshots.functions.ts:47:36 createServerFn().inputValidator() is deprecated. Use createServerFn().validator() instead.
[plugin tanstack-start-core::server-fn:ssr] /home/ubuntu/dioris-audit-repo/src/lib/planner-snapshots.functions.ts:75:36 createServerFn().inputValidator() is deprecated. Use createServerFn().validator() instead.
[plugin tanstack-start-core::server-fn:ssr] /home/ubuntu/dioris-audit-repo/src/lib/planner-snapshots.functions.ts:132:36 createServerFn().inputValidator() is deprecated. Use createServerFn().validator() instead.
[plugin tanstack-start-core::server-fn:ssr] /home/ubuntu/dioris-audit-repo/src/lib/planner-snapshots.functions.ts:162:37 createServerFn().inputValidator() is deprecated. Use createServerFn().validator() instead.
[plugin tanstack-start-core::server-fn:ssr] /home/ubuntu/dioris-audit-repo/src/lib/planner-snapshots.functions.ts:210:35 createServerFn().inputValidator() is deprecated. Use createServerFn().validator() instead.
[plugin tanstack-start-core::server-fn:ssr] /home/ubuntu/dioris-audit-repo/src/core/api-gateway/api-gateway.functions.ts:166:29 createServerFn().inputValidator() is deprecated. Use createServerFn().validator() instead.
[plugin tanstack-start-core::server-fn:ssr] /home/ubuntu/dioris-audit-repo/src/core/api-gateway/api-gateway.functions.ts:192:29 createServerFn().inputValidator() is deprecated. Use createServerFn().validator() instead.
[plugin tanstack-start-core::server-fn:ssr] /home/ubuntu/dioris-audit-repo/src/core/api-gateway/api-gateway.functions.ts:204:29 createServerFn().inputValidator() is deprecated. Use createServerFn().validator() instead.
[plugin tanstack-start-core::server-fn:ssr] /home/ubuntu/dioris-audit-repo/src/core/api-gateway/api-gateway.functions.ts:230:35 createServerFn().inputValidator() is deprecated. Use createServerFn().validator() instead.
[plugin tanstack-start-core::server-fn:ssr] /home/ubuntu/dioris-audit-repo/src/core/api-gateway/api-gateway.functions.ts:257:31 createServerFn().inputValidator() is deprecated. Use createServerFn().validator() instead.
[plugin tanstack-start-core::server-fn:ssr] /home/ubuntu/dioris-audit-repo/src/core/api-gateway/api-gateway.functions.ts:297:36 createServerFn().inputValidator() is deprecated. Use createServerFn().validator() instead.
[plugin tanstack-start-core::server-fn:ssr] /home/ubuntu/dioris-audit-repo/src/core/api-gateway/api-gateway.functions.ts:330:33 createServerFn().inputValidator() is deprecated. Use createServerFn().validator() instead.
[plugin tanstack-start-core::server-fn:ssr] /home/ubuntu/dioris-audit-repo/src/core/api-gateway/api-gateway.functions.ts:361:33 createServerFn().inputValidator() is deprecated. Use createServerFn().validator() instead.
[plugin tanstack-start-core::server-fn:ssr] /home/ubuntu/dioris-audit-repo/src/core/api-gateway/api-gateway.functions.ts:373:33 createServerFn().inputValidator() is deprecated. Use createServerFn().validator() instead.
[plugin tanstack-start-core::server-fn:ssr] /home/ubuntu/dioris-audit-repo/src/core/quality/quality.functions.ts:104:35 createServerFn().inputValidator() is deprecated. Use createServerFn().validator() instead.
[plugin tanstack-start-core::server-fn:ssr] /home/ubuntu/dioris-audit-repo/src/core/quality/quality.functions.ts:140:35 createServerFn().inputValidator() is deprecated. Use createServerFn().validator() instead.
[plugin tanstack-start-core::server-fn:ssr] /home/ubuntu/dioris-audit-repo/src/core/quality/quality.functions.ts:174:33 createServerFn().inputValidator() is deprecated. Use createServerFn().validator() instead.
[plugin tanstack-start-core::server-fn:ssr] /home/ubuntu/dioris-audit-repo/src/core/quality/quality.functions.ts:201:38 createServerFn().inputValidator() is deprecated. Use createServerFn().validator() instead.
[plugin tanstack-start-core::server-fn:ssr] /home/ubuntu/dioris-audit-repo/src/core/quality/quality.functions.ts:250:34 createServerFn().inputValidator() is deprecated. Use createServerFn().validator() instead.
[plugin tanstack-start-core::server-fn:ssr] /home/ubuntu/dioris-audit-repo/src/core/quality/quality.functions.ts:284:34 createServerFn().inputValidator() is deprecated. Use createServerFn().validator() instead.
[plugin tanstack-start-core::server-fn:ssr] /home/ubuntu/dioris-audit-repo/src/core/recovery/recovery.functions.ts:119:37 createServerFn().inputValidator() is deprecated. Use createServerFn().validator() instead.
[plugin tanstack-start-core::server-fn:ssr] /home/ubuntu/dioris-audit-repo/src/core/recovery/recovery.functions.ts:153:37 createServerFn().inputValidator() is deprecated. Use createServerFn().validator() instead.
[plugin tanstack-start-core::server-fn:ssr] /home/ubuntu/dioris-audit-repo/src/core/recovery/recovery.functions.ts:175:39 createServerFn().inputValidator() is deprecated. Use createServerFn().validator() instead.
[plugin tanstack-start-core::server-fn:ssr] /home/ubuntu/dioris-audit-repo/src/core/recovery/recovery.functions.ts:202:39 createServerFn().inputValidator() is deprecated. Use createServerFn().validator() instead.
[plugin tanstack-start-core::server-fn:ssr] /home/ubuntu/dioris-audit-repo/src/core/recovery/recovery.functions.ts:244:37 createServerFn().inputValidator() is deprecated. Use createServerFn().validator() instead.
[plugin tanstack-start-core::server-fn:ssr] /home/ubuntu/dioris-audit-repo/src/core/recovery/recovery.functions.ts:291:39 createServerFn().inputValidator() is deprecated. Use createServerFn().validator() instead.
[plugin tanstack-start-core::server-fn:ssr] /home/ubuntu/dioris-audit-repo/src/core/recovery/recovery.functions.ts:324:35 createServerFn().inputValidator() is deprecated. Use createServerFn().validator() instead.
[plugin tanstack-start-core::server-fn:ssr] /home/ubuntu/dioris-audit-repo/src/core/recovery/recovery.functions.ts:342:40 createServerFn().inputValidator() is deprecated. Use createServerFn().validator() instead.
[plugin tanstack-start-core::server-fn:ssr] /home/ubuntu/dioris-audit-repo/src/core/recovery/recovery.functions.ts:391:35 createServerFn().inputValidator() is deprecated. Use createServerFn().validator() instead.
[plugin tanstack-start-core::server-fn:ssr] /home/ubuntu/dioris-audit-repo/src/core/recovery/recovery.functions.ts:425:35 createServerFn().inputValidator() is deprecated. Use createServerFn().validator() instead.
[plugin tanstack-start-core::server-fn:ssr] /home/ubuntu/dioris-audit-repo/src/core/recovery/recovery.functions.ts:438:34 createServerFn().inputValidator() is deprecated. Use createServerFn().validator() instead.
[plugin tanstack-start-core::server-fn:ssr] /home/ubuntu/dioris-audit-repo/src/core/cicd/cicd.functions.ts:112:38 createServerFn().inputValidator() is deprecated. Use createServerFn().validator() instead.
[plugin tanstack-start-core::server-fn:ssr] /home/ubuntu/dioris-audit-repo/src/core/cicd/cicd.functions.ts:144:38 createServerFn().inputValidator() is deprecated. Use createServerFn().validator() instead.
[plugin tanstack-start-core::server-fn:ssr] /home/ubuntu/dioris-audit-repo/src/core/cicd/cicd.functions.ts:200:35 createServerFn().inputValidator() is deprecated. Use createServerFn().validator() instead.
[plugin tanstack-start-core::server-fn:ssr] /home/ubuntu/dioris-audit-repo/src/core/cicd/cicd.functions.ts:233:35 createServerFn().inputValidator() is deprecated. Use createServerFn().validator() instead.
[plugin tanstack-start-core::server-fn:ssr] /home/ubuntu/dioris-audit-repo/src/core/cicd/cicd.functions.ts:262:32 createServerFn().inputValidator() is deprecated. Use createServerFn().validator() instead.
[plugin tanstack-start-core::server-fn:ssr] /home/ubuntu/dioris-audit-repo/src/core/cicd/cicd.functions.ts:304:33 createServerFn().inputValidator() is deprecated. Use createServerFn().validator() instead.
[plugin tanstack-start-core::server-fn:ssr] /home/ubuntu/dioris-audit-repo/src/core/cicd/cicd.functions.ts:331:35 createServerFn().inputValidator() is deprecated. Use createServerFn().validator() instead.
[plugin tanstack-start-core::server-fn:ssr] /home/ubuntu/dioris-audit-repo/src/core/cicd/cicd.functions.ts:349:34 createServerFn().inputValidator() is deprecated. Use createServerFn().validator() instead.
[plugin tanstack-start-core::server-fn:ssr] /home/ubuntu/dioris-audit-repo/src/core/cicd/cicd.functions.ts:381:34 createServerFn().inputValidator() is deprecated. Use createServerFn().validator() instead.
[plugin tanstack-start-core::server-fn:ssr] /home/ubuntu/dioris-audit-repo/src/core/cicd/cicd.functions.ts:404:35 createServerFn().inputValidator() is deprecated. Use createServerFn().validator() instead.
[plugin tanstack-start-core::server-fn:ssr] /home/ubuntu/dioris-audit-repo/src/core/cicd/cicd.functions.ts:433:35 createServerFn().inputValidator() is deprecated. Use createServerFn().validator() instead.
[plugin tanstack-start-core::server-fn:ssr] /home/ubuntu/dioris-audit-repo/src/core/notifications/notifications.functions.ts:70:38 createServerFn().inputValidator() is deprecated. Use createServerFn().validator() instead.
[plugin tanstack-start-core::server-fn:ssr] /home/ubuntu/dioris-audit-repo/src/core/notifications/notifications.functions.ts:87:37 createServerFn().inputValidator() is deprecated. Use createServerFn().validator() instead.
[plugin tanstack-start-core::server-fn:ssr] /home/ubuntu/dioris-audit-repo/src/core/notifications/notifications.functions.ts:96:40 createServerFn().inputValidator() is deprecated. Use createServerFn().validator() instead.
[plugin tanstack-start-core::server-fn:ssr] /home/ubuntu/dioris-audit-repo/src/core/configuration/configuration.functions.ts:43:38 createServerFn().inputValidator() is deprecated. Use createServerFn().validator() instead.
[plugin tanstack-start-core::server-fn:ssr] /home/ubuntu/dioris-audit-repo/src/core/configuration/configuration.functions.ts:97:27 createServerFn().inputValidator() is deprecated. Use createServerFn().validator() instead.
[plugin tanstack-start-core::server-fn:ssr] /home/ubuntu/dioris-audit-repo/src/core/configuration/configuration.functions.ts:128:27 createServerFn().inputValidator() is deprecated. Use createServerFn().validator() instead.
[plugin tanstack-start-core::server-fn:ssr] /home/ubuntu/dioris-audit-repo/src/core/configuration/configuration.functions.ts:161:34 createServerFn().inputValidator() is deprecated. Use createServerFn().validator() instead.
[plugin tanstack-start-core::server-fn:ssr] /home/ubuntu/dioris-audit-repo/src/core/configuration/configuration.functions.ts:187:32 createServerFn().inputValidator() is deprecated. Use createServerFn().validator() instead.
[plugin tanstack-start-core::server-fn:ssr] /home/ubuntu/dioris-audit-repo/src/core/configuration/configuration.functions.ts:215:31 createServerFn().inputValidator() is deprecated. Use createServerFn().validator() instead.
[plugin tanstack-start-core::server-fn:ssr] /home/ubuntu/dioris-audit-repo/src/core/configuration/configuration.functions.ts:258:35 createServerFn().inputValidator() is deprecated. Use createServerFn().validator() instead.
[plugin tanstack-start-core::server-fn:ssr] /home/ubuntu/dioris-audit-repo/src/core/configuration/configuration.functions.ts:297:31 createServerFn().inputValidator() is deprecated. Use createServerFn().validator() instead.
[plugin tanstack-start-core::server-fn:ssr] /home/ubuntu/dioris-audit-repo/src/core/configuration/configuration.functions.ts:346:29 createServerFn().inputValidator() is deprecated. Use createServerFn().validator() instead.
[plugin tanstack-start-core::server-fn:ssr] /home/ubuntu/dioris-audit-repo/src/core/configuration/configuration.functions.ts:387:29 createServerFn().inputValidator() is deprecated. Use createServerFn().validator() instead.
[plugin tanstack-start-core::server-fn:ssr] /home/ubuntu/dioris-audit-repo/src/core/configuration/configuration.functions.ts:424:29 createServerFn().inputValidator() is deprecated. Use createServerFn().validator() instead.
[plugin tanstack-start-core::server-fn:ssr] /home/ubuntu/dioris-audit-repo/src/core/configuration/configuration.functions.ts:489:36 createServerFn().inputValidator() is deprecated. Use createServerFn().validator() instead.
[plugin tanstack-start-core::server-fn:ssr] /home/ubuntu/dioris-audit-repo/src/core/observability/observability.functions.ts:18:25 createServerFn().inputValidator() is deprecated. Use createServerFn().validator() instead.
[plugin tanstack-start-core::server-fn:ssr] /home/ubuntu/dioris-audit-repo/src/core/observability/observability.functions.ts:46:27 createServerFn().inputValidator() is deprecated. Use createServerFn().validator() instead.
[plugin tanstack-start-core::server-fn:ssr] /home/ubuntu/dioris-audit-repo/src/core/observability/observability.functions.ts:70:26 createServerFn().inputValidator() is deprecated. Use createServerFn().validator() instead.
[plugin tanstack-start-core::server-fn:ssr] /home/ubuntu/dioris-audit-repo/src/core/observability/observability.functions.ts:181:29 createServerFn().inputValidator() is deprecated. Use createServerFn().validator() instead.
[plugin tanstack-start-core::server-fn:ssr] /home/ubuntu/dioris-audit-repo/src/core/observability/observability.functions.ts:221:36 createServerFn().inputValidator() is deprecated. Use createServerFn().validator() instead.
[plugin tanstack-start-core::server-fn:ssr] /home/ubuntu/dioris-audit-repo/src/core/integrations/integrations.functions.ts:125:34 createServerFn().inputValidator() is deprecated. Use createServerFn().validator() instead.
[plugin tanstack-start-core::server-fn:ssr] /home/ubuntu/dioris-audit-repo/src/core/integrations/integrations.functions.ts:151:34 createServerFn().inputValidator() is deprecated. Use createServerFn().validator() instead.
[plugin tanstack-start-core::server-fn:ssr] /home/ubuntu/dioris-audit-repo/src/core/integrations/integrations.functions.ts:261:32 createServerFn().inputValidator() is deprecated. Use createServerFn().validator() instead.
[plugin tanstack-start-core::server-fn:ssr] /home/ubuntu/dioris-audit-repo/src/core/integrations/integrations.functions.ts:291:32 createServerFn().inputValidator() is deprecated. Use createServerFn().validator() instead.
[plugin tanstack-start-core::server-fn:ssr] /home/ubuntu/dioris-audit-repo/src/core/integrations/integrations.functions.ts:311:30 createServerFn().inputValidator() is deprecated. Use createServerFn().validator() instead.
[plugin tanstack-start-core::server-fn:ssr] /home/ubuntu/dioris-audit-repo/src/core/integrations/integrations.functions.ts:324:35 createServerFn().inputValidator() is deprecated. Use createServerFn().validator() instead.
[plugin tanstack-start-core::server-fn:ssr] /home/ubuntu/dioris-audit-repo/src/core/jobs/job.functions.ts:282:27 createServerFn().inputValidator() is deprecated. Use createServerFn().validator() instead.
[plugin tanstack-start-core::server-fn:ssr] /home/ubuntu/dioris-audit-repo/src/core/jobs/job.functions.ts:292:26 createServerFn().inputValidator() is deprecated. Use createServerFn().validator() instead.
[plugin tanstack-start-core::server-fn:ssr] /home/ubuntu/dioris-audit-repo/src/core/jobs/job.functions.ts:300:25 createServerFn().inputValidator() is deprecated. Use createServerFn().validator() instead.
[plugin tanstack-start-core::server-fn:ssr] /home/ubuntu/dioris-audit-repo/src/core/jobs/job.functions.ts:308:26 createServerFn().inputValidator() is deprecated. Use createServerFn().validator() instead.
[plugin tanstack-start-core::server-fn:ssr] /home/ubuntu/dioris-audit-repo/src/core/jobs/job.functions.ts:323:28 createServerFn().inputValidator() is deprecated. Use createServerFn().validator() instead.
[plugin tanstack-start-core::server-fn:ssr] /home/ubuntu/dioris-audit-repo/src/core/jobs/job.functions.ts:355:27 createServerFn().inputValidator() is deprecated. Use createServerFn().validator() instead.
[plugin tanstack-start-core::server-fn:ssr] /home/ubuntu/dioris-audit-repo/src/core/jobs/job.functions.ts:382:27 createServerFn().inputValidator() is deprecated. Use createServerFn().validator() instead.
[plugin tanstack-start-core::server-fn:ssr] /home/ubuntu/dioris-audit-repo/src/core/jobs/job.functions.ts:401:34 createServerFn().inputValidator() is deprecated. Use createServerFn().validator() instead.
[plugin tanstack-start-core::server-fn:ssr] /home/ubuntu/dioris-audit-repo/src/core/jobs/job.functions.ts:409:27 createServerFn().inputValidator() is deprecated. Use createServerFn().validator() instead.
[plugin tanstack-start-core::server-fn:ssr] /home/ubuntu/dioris-audit-repo/src/core/security/security.functions.ts:111:37 createServerFn().inputValidator() is deprecated. Use createServerFn().validator() instead.
[plugin tanstack-start-core::server-fn:ssr] /home/ubuntu/dioris-audit-repo/src/core/security/security.functions.ts:153:38 createServerFn().inputValidator() is deprecated. Use createServerFn().validator() instead.
[plugin tanstack-start-core::server-fn:ssr] /home/ubuntu/dioris-audit-repo/src/core/security/security.functions.ts:175:37 createServerFn().inputValidator() is deprecated. Use createServerFn().validator() instead.
[plugin tanstack-start-core::server-fn:ssr] /home/ubuntu/dioris-audit-repo/src/core/security/security.functions.ts:199:39 createServerFn().inputValidator() is deprecated. Use createServerFn().validator() instead.
[plugin tanstack-start-core::server-fn:ssr] /home/ubuntu/dioris-audit-repo/src/core/security/security.functions.ts:224:34 createServerFn().inputValidator() is deprecated. Use createServerFn().validator() instead.
[plugin tanstack-start-core::server-fn:ssr] /home/ubuntu/dioris-audit-repo/src/core/security/security.functions.ts:260:34 createServerFn().inputValidator() is deprecated. Use createServerFn().validator() instead.
[plugin tanstack-start-core::server-fn:ssr] /home/ubuntu/dioris-audit-repo/src/core/security/security.functions.ts:286:34 createServerFn().inputValidator() is deprecated. Use createServerFn().validator() instead.
[plugin tanstack-start-core::server-fn:ssr] /home/ubuntu/dioris-audit-repo/src/core/security/security.functions.ts:314:39 createServerFn().inputValidator() is deprecated. Use createServerFn().validator() instead.
[plugin tanstack-start-core::server-fn:ssr] /home/ubuntu/dioris-audit-repo/src/core/security/security.functions.ts:341:39 createServerFn().inputValidator() is deprecated. Use createServerFn().validator() instead.
[plugin tanstack-start-core::server-fn:ssr] /home/ubuntu/dioris-audit-repo/src/core/sdk/plugin-functions.ts:181:30 createServerFn().inputValidator() is deprecated. Use createServerFn().validator() instead.
[plugin tanstack-start-core::server-fn:ssr] /home/ubuntu/dioris-audit-repo/src/core/sdk/plugin-functions.ts:212:29 createServerFn().inputValidator() is deprecated. Use createServerFn().validator() instead.
[plugin tanstack-start-core::server-fn:ssr] /home/ubuntu/dioris-audit-repo/src/core/sdk/plugin-functions.ts:220:30 createServerFn().inputValidator() is deprecated. Use createServerFn().validator() instead.
[plugin tanstack-start-core::server-fn:ssr] /home/ubuntu/dioris-audit-repo/src/core/sdk/plugin-functions.ts:228:32 createServerFn().inputValidator() is deprecated. Use createServerFn().validator() instead.
[plugin tanstack-start-core::server-fn:ssr] /home/ubuntu/dioris-audit-repo/src/core/sdk/plugin-functions.ts:243:35 createServerFn().inputValidator() is deprecated. Use createServerFn().validator() instead.
[plugin tanstack-start-core::server-fn:ssr] /home/ubuntu/dioris-audit-repo/src/core/sdk/plugin-functions.ts:293:26 createServerFn().inputValidator() is deprecated. Use createServerFn().validator() instead.
[plugin tanstack-start-core::server-fn:ssr] /home/ubuntu/dioris-audit-repo/src/core/assets/assets.functions.ts:25:35 createServerFn().inputValidator() is deprecated. Use createServerFn().validator() instead.
[plugin tanstack-start-core::server-fn:ssr] /home/ubuntu/dioris-audit-repo/src/core/assets/assets.functions.ts:38:37 createServerFn().inputValidator() is deprecated. Use createServerFn().validator() instead.
[plugin tanstack-start-core::server-fn:ssr] /home/ubuntu/dioris-audit-repo/src/core/assets/assets.functions.ts:46:35 createServerFn().inputValidator() is deprecated. Use createServerFn().validator() instead.
[plugin tanstack-start-core::server-fn:ssr] /home/ubuntu/dioris-audit-repo/src/core/assets/assets.functions.ts:70:33 createServerFn().inputValidator() is deprecated. Use createServerFn().validator() instead.
[plugin tanstack-start-core::server-fn:ssr] /home/ubuntu/dioris-audit-repo/src/core/assets/assets.functions.ts:79:30 createServerFn().inputValidator() is deprecated. Use createServerFn().validator() instead.
[plugin tanstack-start-core::server-fn:ssr] /home/ubuntu/dioris-audit-repo/src/core/assets/assets.functions.ts:88:33 createServerFn().inputValidator() is deprecated. Use createServerFn().validator() instead.
[plugin tanstack-start-core::server-fn:ssr] /home/ubuntu/dioris-audit-repo/src/core/assets/assets.functions.ts:103:27 createServerFn().inputValidator() is deprecated. Use createServerFn().validator() instead.
[plugin tanstack-start-core::server-fn:ssr] /home/ubuntu/dioris-audit-repo/src/core/cache/cache.functions.ts:176:37 createServerFn().inputValidator() is deprecated. Use createServerFn().validator() instead.
[plugin tanstack-start-core::server-fn:ssr] /home/ubuntu/dioris-audit-repo/src/core/cache/cache.functions.ts:209:37 createServerFn().inputValidator() is deprecated. Use createServerFn().validator() instead.
[plugin tanstack-start-core::server-fn:ssr] /home/ubuntu/dioris-audit-repo/src/core/cache/cache.functions.ts:234:30 createServerFn().inputValidator() is deprecated. Use createServerFn().validator() instead.
[plugin tanstack-start-core::server-fn:ssr] /home/ubuntu/dioris-audit-repo/src/core/cache/cache.functions.ts:255:33 createServerFn().inputValidator() is deprecated. Use createServerFn().validator() instead.
[plugin tanstack-start-core::server-fn:ssr] /home/ubuntu/dioris-audit-repo/src/core/cache/cache.functions.ts:274:32 createServerFn().inputValidator() is deprecated. Use createServerFn().validator() instead.
[plugin tanstack-start-core::server-fn:ssr] /home/ubuntu/dioris-audit-repo/src/core/cache/cache.functions.ts:319:28 createServerFn().inputValidator() is deprecated. Use createServerFn().validator() instead.
[plugin tanstack-start-core::server-fn:ssr] /home/ubuntu/dioris-audit-repo/src/core/events/events.functions.ts:24:30 createServerFn().inputValidator() is deprecated. Use createServerFn().validator() instead.
[plugin tanstack-start-core::server-fn:ssr] /home/ubuntu/dioris-audit-repo/src/core/events/events.functions.ts:49:27 createServerFn().inputValidator() is deprecated. Use createServerFn().validator() instead.
[plugin tanstack-start-core::server-fn:ssr] /home/ubuntu/dioris-audit-repo/src/core/events/events.functions.ts:112:37 createServerFn().inputValidator() is deprecated. Use createServerFn().validator() instead.
[plugin tanstack-start-core::server-fn:ssr] /home/ubuntu/dioris-audit-repo/src/lib/planner-catalog.functions.ts:60:37 createServerFn().inputValidator() is deprecated. Use createServerFn().validator() instead.
[plugin tanstack-start-core::server-fn:ssr] /home/ubuntu/dioris-audit-repo/src/lib/planner-catalog.functions.ts:116:36 createServerFn().inputValidator() is deprecated. Use createServerFn().validator() instead.
[32m✓[0m 1028 modules transformed.
rendering chunks...
computing gzip size...
[2mnode_modules/.nitro/vite/services/ssr/[0m[2massets/[0m[32mdioris-logo-BTtMxKTr.png                                [0m[1;2m424.41 kB[0m
[2mnode_modules/.nitro/vite/services/ssr/[0m[2massets/[0m[35mplanner-v2-ClNu83FE.css                                 [0m[1;2m126.27 kB[0m[2m │ gzip:  20.82 kB[0m
[2mnode_modules/.nitro/vite/services/ssr/[0m[2massets/[0m[35mstyles-V3PZK8uP.css                                     [0m[1;2m196.64 kB[0m[2m │ gzip:  27.52 kB[0m
[2mnode_modules/.nitro/vite/services/ssr/[0m[2massets/[0m[36mdioris-logo-DHVLVWFd.js                                 [0m[1;2m  0.14 kB[0m[2m │ gzip:   0.11 kB[0m
[2mnode_modules/.nitro/vite/services/ssr/[0m[2massets/[0m[36mutils-C_uf36nf.js                                       [0m[1;2m  0.18 kB[0m[2m │ gzip:   0.15 kB[0m
[2mnode_modules/.nitro/vite/services/ssr/[0m[2massets/[0m[36m_public-BX0fQMTi.js                                     [0m[1;2m  0.20 kB[0m[2m │ gzip:   0.15 kB[0m
[2mnode_modules/.nitro/vite/services/ssr/[0m[2massets/[0m[36m_authenticated.planner.projetos-DXScuHel.js             [0m[1;2m  0.30 kB[0m[2m │ gzip:   0.22 kB[0m
[2mnode_modules/.nitro/vite/services/ssr/[0m[2massets/[0m[36mempty-plugin-adapters-wYPk3NfP.js                       [0m[1;2m  0.31 kB[0m[2m │ gzip:   0.20 kB[0m
[2mnode_modules/.nitro/vite/services/ssr/[0m[2massets/[0m[36mskeleton-D9W9wFsj.js                                    [0m[1;2m  0.33 kB[0m[2m │ gzip:   0.25 kB[0m
[2mnode_modules/.nitro/vite/services/ssr/[0m[2massets/[0m[36mrolldown-runtime-D7D4PA-g.js                            [0m[1;2m  0.36 kB[0m[2m │ gzip:   0.25 kB[0m
[2mnode_modules/.nitro/vite/services/ssr/[0m[2massets/[0m[36m_authenticated.planner.projetos.novo-D8GdgSME.js        [0m[1;2m  0.38 kB[0m[2m │ gzip:   0.28 kB[0m
[2mnode_modules/.nitro/vite/services/ssr/[0m[36mindex.js                                                       [0m[1;2m  0.41 kB[0m[2m │ gzip:   0.23 kB[0m
[2mnode_modules/.nitro/vite/services/ssr/[0m[2massets/[0m[36m_authenticated.planner.index-Cw0DW35W.js                [0m[1;2m  0.44 kB[0m[2m │ gzip:   0.32 kB[0m
[2mnode_modules/.nitro/vite/services/ssr/[0m[2massets/[0m[36mcreateServerRpc-D1y6hoq7.js                             [0m[1;2m  0.47 kB[0m[2m │ gzip:   0.31 kB[0m
[2mnode_modules/.nitro/vite/services/ssr/[0m[2massets/[0m[36mpage-container-DTgtvWbf.js                              [0m[1;2m  0.52 kB[0m[2m │ gzip:   0.35 kB[0m
[2mnode_modules/.nitro/vite/services/ssr/[0m[2massets/[0m[36maudit.server-B5B2lunP.js                                [0m[1;2m  0.54 kB[0m[2m │ gzip:   0.26 kB[0m
[2mnode_modules/.nitro/vite/services/ssr/[0m[2massets/[0m[36msnapshot-D9AZtAyw.js                                    [0m[1;2m  0.57 kB[0m[2m │ gzip:   0.35 kB[0m
[2mnode_modules/.nitro/vite/services/ssr/[0m[2massets/[0m[36muse-permissions-hAuLkX26.js                             [0m[1;2m  0.57 kB[0m[2m │ gzip:   0.37 kB[0m
[2mnode_modules/.nitro/vite/services/ssr/[0m[2massets/[0m[36mcreateSsrRpc-B1I7fV1-.js                                [0m[1;2m  0.61 kB[0m[2m │ gzip:   0.38 kB[0m
[2mnode_modules/.nitro/vite/services/ssr/[0m[2massets/[0m[36mlabel-DBD1bRRP.js                                       [0m[1;2m  0.64 kB[0m[2m │ gzip:   0.38 kB[0m
[2mnode_modules/.nitro/vite/services/ssr/[0m[2massets/[0m[36mtextarea-kko37XEX.js                                    [0m[1;2m  0.66 kB[0m[2m │ gzip:   0.42 kB[0m
[2mnode_modules/.nitro/vite/services/ssr/[0m[2massets/[0m[36mserver-user.server-yt9fLx6w.js                          [0m[1;2m  0.68 kB[0m[2m │ gzip:   0.44 kB[0m
[2mnode_modules/.nitro/vite/services/ssr/[0m[2massets/[0m[36mkey-hash.server-ClCvntBD.js                             [0m[1;2m  0.74 kB[0m[2m │ gzip:   0.44 kB[0m
[2mnode_modules/.nitro/vite/services/ssr/[0m[2massets/[0m[36minput-B8Q2ztVi.js                                       [0m[1;2m  0.75 kB[0m[2m │ gzip:   0.45 kB[0m
[2mnode_modules/.nitro/vite/services/ssr/[0m[2massets/[0m[36museServerFn-v-4HvCR4.js                                 [0m[1;2m  0.77 kB[0m[2m │ gzip:   0.45 kB[0m
[2mnode_modules/.nitro/vite/services/ssr/[0m[2massets/[0m[36msearch-input-yYk8iQa5.js                                [0m[1;2m  0.89 kB[0m[2m │ gzip:   0.50 kB[0m
[2mnode_modules/.nitro/vite/services/ssr/[0m[2massets/[0m[36mpublic-blog.functions-CVkBbKGF.js                       [0m[1;2m  0.89 kB[0m[2m │ gzip:   0.55 kB[0m
[2mnode_modules/.nitro/vite/services/ssr/[0m[2massets/[0m[36mform-section-3RgWcqG4.js                                [0m[1;2m  0.98 kB[0m[2m │ gzip:   0.46 kB[0m
[2mnode_modules/.nitro/vite/services/ssr/[0m[2massets/[0m[36mrequire-auth-BAMIlcTQ.js                                [0m[1;2m  1.04 kB[0m[2m │ gzip:   0.56 kB[0m
[2mnode_modules/.nitro/vite/services/ssr/[0m[2massets/[0m[36m_authenticated.crm-D-XoDHbc.js                          [0m[1;2m  1.05 kB[0m[2m │ gzip:   0.56 kB[0m
[2mnode_modules/.nitro/vite/services/ssr/[0m[2massets/[0m[36m_authenticated.sistemas-BdSerHwQ.js                     [0m[1;2m  1.07 kB[0m[2m │ gzip:   0.56 kB[0m
[2mnode_modules/.nitro/vite/services/ssr/[0m[2massets/[0m[36m_authenticated.sites-CopdGkk9.js                        [0m[1;2m  1.07 kB[0m[2m │ gzip:   0.56 kB[0m
[2mnode_modules/.nitro/vite/services/ssr/[0m[2massets/[0m[36m_authenticated.financeiro-CJhtpe2_.js                   [0m[1;2m  1.07 kB[0m[2m │ gzip:   0.56 kB[0m
[2mnode_modules/.nitro/vite/services/ssr/[0m[2massets/[0m[36m_authenticated.automacao-BaNmSZuA.js                    [0m[1;2m  1.09 kB[0m[2m │ gzip:   0.57 kB[0m
[2mnode_modules/.nitro/vite/services/ssr/[0m[2massets/[0m[36mplanner-render-worker.functions-EQFsIYGk.js             [0m[1;2m  1.09 kB[0m[2m │ gzip:   0.59 kB[0m
[2mnode_modules/.nitro/vite/services/ssr/[0m[2massets/[0m[36m_authenticated.marketplace-CxV8DLnN.js                  [0m[1;2m  1.09 kB[0m[2m │ gzip:   0.57 kB[0m
[2mnode_modules/.nitro/vite/services/ssr/[0m[2massets/[0m[36mswitch-Cn1w-cIH.js                                      [0m[1;2m  1.10 kB[0m[2m │ gzip:   0.56 kB[0m
[2mnode_modules/.nitro/vite/services/ssr/[0m[2massets/[0m[36muse-ai-CDySXulQ.js                                      [0m[1;2m  1.11 kB[0m[2m │ gzip:   0.44 kB[0m
[2mnode_modules/.nitro/vite/services/ssr/[0m[2massets/[0m[36mempty-state-BUI2e7PD.js                                 [0m[1;2m  1.14 kB[0m[2m │ gzip:   0.52 kB[0m
[2mnode_modules/.nitro/vite/services/ssr/[0m[2massets/[0m[36mstatus-badge-CNE0XIpC.js                                [0m[1;2m  1.14 kB[0m[2m │ gzip:   0.56 kB[0m
[2mnode_modules/.nitro/vite/services/ssr/[0m[2massets/[0m[36mpage-header-CbWqIXik.js                                 [0m[1;2m  1.15 kB[0m[2m │ gzip:   0.53 kB[0m
[2mnode_modules/.nitro/vite/services/ssr/[0m[2massets/[0m[36mclient-BrBeECP-.js                                      [0m[1;2m  1.22 kB[0m[2m │ gzip:   0.62 kB[0m
[2mnode_modules/.nitro/vite/services/ssr/[0m[2massets/[0m[36m_public.blog._slug-C6yCypeb.js                          [0m[1;2m  1.23 kB[0m[2m │ gzip:   0.63 kB[0m
[2mnode_modules/.nitro/vite/services/ssr/[0m[2massets/[0m[36madmin.server-CdAb5cU8.js                                [0m[1;2m  1.33 kB[0m[2m │ gzip:   0.74 kB[0m
[2mnode_modules/.nitro/vite/services/ssr/[0m[2massets/[0m[36mroom-ops-DY-mjfH3.js                                    [0m[1;2m  1.39 kB[0m[2m │ gzip:   0.60 kB[0m
[2mnode_modules/.nitro/vite/services/ssr/[0m[2massets/[0m[36mlogger.server-D4ip8hZS.js                               [0m[1;2m  1.41 kB[0m[2m │ gzip:   0.61 kB[0m
[2mnode_modules/.nitro/vite/services/ssr/[0m[2massets/[0m[36mmetric-card-B4QxsncX.js                                 [0m[1;2m  1.44 kB[0m[2m │ gzip:   0.61 kB[0m
[2mnode_modules/.nitro/vite/services/ssr/[0m[2massets/[0m[36m_authenticated.workspace.historico-DCtABGBO.js          [0m[1;2m  1.48 kB[0m[2m │ gzip:   0.74 kB[0m
[2mnode_modules/.nitro/vite/services/ssr/[0m[2massets/[0m[36m_authenticated.workspace.atividades-BTYBxY_1.js         [0m[1;2m  1.52 kB[0m[2m │ gzip:   0.73 kB[0m
[2mnode_modules/.nitro/vite/services/ssr/[0m[2massets/[0m[36mmetrics.server-DGepYLsA.js                              [0m[1;2m  1.52 kB[0m[2m │ gzip:   0.50 kB[0m
[2mnode_modules/.nitro/vite/services/ssr/[0m[2massets/[0m[36mdashboard.functions-RzXjDnK4.js                         [0m[1;2m  1.55 kB[0m[2m │ gzip:   0.70 kB[0m
[2mnode_modules/.nitro/vite/services/ssr/[0m[2massets/[0m[36mcard-CtX3ithx.js                                        [0m[1;2m  1.57 kB[0m[2m │ gzip:   0.48 kB[0m
[2mnode_modules/.nitro/vite/services/ssr/[0m[2massets/[0m[36mtabs-CCJRliUM.js                                        [0m[1;2m  1.63 kB[0m[2m │ gzip:   0.60 kB[0m
[2mnode_modules/.nitro/vite/services/ssr/[0m[2massets/[0m[36mbutton-Bq5vK6RO.js                                      [0m[1;2m  1.65 kB[0m[2m │ gzip:   0.77 kB[0m
[2mnode_modules/.nitro/vite/services/ssr/[0m[2massets/[0m[36m_authenticated.workspace.integracoes-dR56dqsd.js        [0m[1;2m  1.67 kB[0m[2m │ gzip:   0.77 kB[0m
[2mnode_modules/.nitro/vite/services/ssr/[0m[2massets/[0m[36muse-dashboard-DAlzj1H6.js                               [0m[1;2m  1.71 kB[0m[2m │ gzip:   0.82 kB[0m
[2mnode_modules/.nitro/vite/services/ssr/[0m[2massets/[0m[36m_public.faq-B84AJrgY.js                                 [0m[1;2m  1.72 kB[0m[2m │ gzip:   0.79 kB[0m
[2mnode_modules/.nitro/vite/services/ssr/[0m[2massets/[0m[36mmodules-Bc6n8Qjp.js                                     [0m[1;2m  1.75 kB[0m[2m │ gzip:   0.67 kB[0m
[2mnode_modules/.nitro/vite/services/ssr/[0m[2massets/[0m[36muse-api-gateway-DT9AB9fk.js                             [0m[1;2m  1.76 kB[0m[2m │ gzip:   0.54 kB[0m
[2mnode_modules/.nitro/vite/services/ssr/[0m[2massets/[0m[36m_authenticated-CNN98p0z.js                              [0m[1;2m  1.89 kB[0m[2m │ gzip:   0.82 kB[0m
[2mnode_modules/.nitro/vite/services/ssr/[0m[2massets/[0m[36mdata-table-D8OLiqv-.js                                  [0m[1;2m  1.92 kB[0m[2m │ gzip:   0.82 kB[0m
[2mnode_modules/.nitro/vite/services/ssr/[0m[2massets/[0m[36muse-billing-DPm75nDk.js                                 [0m[1;2m  1.98 kB[0m[2m │ gzip:   0.67 kB[0m
[2mnode_modules/.nitro/vite/services/ssr/[0m[2massets/[0m[36mrequire-tenant-BFCslQT7.js                              [0m[1;2m  1.98 kB[0m[2m │ gzip:   0.93 kB[0m
[2mnode_modules/.nitro/vite/services/ssr/[0m[2massets/[0m[36muse-jobs-D8OpcOhB.js                                    [0m[1;2m  2.02 kB[0m[2m │ gzip:   0.57 kB[0m
[2mnode_modules/.nitro/vite/services/ssr/[0m[2massets/[0m[36m_public.privacidade-Dd29vX5f.js                         [0m[1;2m  2.05 kB[0m[2m │ gzip:   1.01 kB[0m
[2mnode_modules/.nitro/vite/services/ssr/[0m[2massets/[0m[36mstart-CgVPAZ-N.js                                       [0m[1;2m  2.07 kB[0m[2m │ gzip:   0.89 kB[0m
[2mnode_modules/.nitro/vite/services/ssr/[0m[2massets/[0m[36mmodule-card-DThTCkqg.js                                 [0m[1;2m  2.11 kB[0m[2m │ gzip:   0.90 kB[0m
[2mnode_modules/.nitro/vite/services/ssr/[0m[2massets/[0m[36m_authenticated.workspace.assets-D0BFML-o.js             [0m[1;2m  2.17 kB[0m[2m │ gzip:   0.91 kB[0m
[2mnode_modules/.nitro/vite/services/ssr/[0m[2massets/[0m[36mreset-password-DYIX4HdA.js                              [0m[1;2m  2.18 kB[0m[2m │ gzip:   0.95 kB[0m
[2mnode_modules/.nitro/vite/services/ssr/[0m[2massets/[0m[36mplanner-projects.functions-DBxoRvyO.js                  [0m[1;2m  2.18 kB[0m[2m │ gzip:   0.89 kB[0m
[2mnode_modules/.nitro/vite/services/ssr/[0m[2massets/[0m[36mmercadopago.server-Cy431U6C.js                          [0m[1;2m  2.19 kB[0m[2m │ gzip:   1.03 kB[0m
[2mnode_modules/.nitro/vite/services/ssr/[0m[2massets/[0m[36mconfig.functions-BP5xhmat.js                            [0m[1;2m  2.20 kB[0m[2m │ gzip:   1.05 kB[0m
[2mnode_modules/.nitro/vite/services/ssr/[0m[2massets/[0m[36m_public.termos-cq11vzEC.js                              [0m[1;2m  2.22 kB[0m[2m │ gzip:   1.10 kB[0m
[2mnode_modules/.nitro/vite/services/ssr/[0m[2massets/[0m[36mnotify.server-DtlyzPta.js                               [0m[1;2m  2.31 kB[0m[2m │ gzip:   1.06 kB[0m
[2mnode_modules/.nitro/vite/services/ssr/[0m[2massets/[0m[36mai.functions-D49Mo3wj.js                                [0m[1;2m  2.40 kB[0m[2m │ gzip:   0.97 kB[0m
[2mnode_modules/.nitro/vite/services/ssr/[0m[2massets/[0m[36mbus.server-DFjAXqnB.js                                  [0m[1;2m  2.45 kB[0m[2m │ gzip:   1.02 kB[0m
[2mnode_modules/.nitro/vite/services/ssr/[0m[2massets/[0m[36m_public.blog._slug-CKnzj6yA.js                          [0m[1;2m  2.47 kB[0m[2m │ gzip:   0.99 kB[0m
[2mnode_modules/.nitro/vite/services/ssr/[0m[2massets/[0m[36mpublic-catalog.functions-wDIl0XNs.js                    [0m[1;2m  2.52 kB[0m[2m │ gzip:   1.04 kB[0m
[2mnode_modules/.nitro/vite/services/ssr/[0m[2massets/[0m[36mbadge-WgRir4L7.js                                       [0m[1;2m  2.70 kB[0m[2m │ gzip:   1.03 kB[0m
[2mnode_modules/.nitro/vite/services/ssr/[0m[2massets/[0m[36mpublic-blog.functions-91b-SL3l.js                       [0m[1;2m  2.83 kB[0m[2m │ gzip:   1.20 kB[0m
[2mnode_modules/.nitro/vite/services/ssr/[0m[2massets/[0m[36mrender-worker.server-BV5gDcWR.js                        [0m[1;2m  2.88 kB[0m[2m │ gzip:   1.38 kB[0m
[2mnode_modules/.nitro/vite/services/ssr/[0m[2massets/[0m[36muse-security-9qHzuS2c.js                                [0m[1;2m  2.88 kB[0m[2m │ gzip:   0.61 kB[0m
[2mnode_modules/.nitro/vite/services/ssr/[0m[2massets/[0m[36mpricing-LCBr8I1b.js                                     [0m[1;2m  2.90 kB[0m[2m │ gzip:   1.19 kB[0m
[2mnode_modules/.nitro/vite/services/ssr/[0m[2massets/[0m[36m_public.reembolso-DJXlh_JX.js                           [0m[1;2m  2.99 kB[0m[2m │ gzip:   1.46 kB[0m
[2mnode_modules/.nitro/vite/services/ssr/[0m[2massets/[0m[36m_public.integracoes-DmMRv_C1.js                         [0m[1;2m  3.01 kB[0m[2m │ gzip:   1.21 kB[0m
[2mnode_modules/.nitro/vite/services/ssr/[0m[2massets/[0m[36muse-events-BAQUCzW9.js                                  [0m[1;2m  3.10 kB[0m[2m │ gzip:   1.15 kB[0m
[2mnode_modules/.nitro/vite/services/ssr/[0m[2massets/[0m[36mdialog-DIo89e4g.js                                      [0m[1;2m  3.11 kB[0m[2m │ gzip:   1.00 kB[0m
[2mnode_modules/.nitro/vite/services/ssr/[0m[2massets/[0m[36mregistry-data.server-D-ucEzdy.js                        [0m[1;2m  3.21 kB[0m[2m │ gzip:   1.22 kB[0m
[2mnode_modules/.nitro/vite/services/ssr/[0m[2massets/[0m[36m_authenticated.configuracoes.empresa-CGt4rqsM.js        [0m[1;2m  3.40 kB[0m[2m │ gzip:   1.40 kB[0m
[2mnode_modules/.nitro/vite/services/ssr/[0m[2massets/[0m[36m_public.docs-DIUYooVo.js                                [0m[1;2m  3.47 kB[0m[2m │ gzip:   1.42 kB[0m
[2mnode_modules/.nitro/vite/services/ssr/[0m[2massets/[0m[36msheet-C1vjnj_d.js                                       [0m[1;2m  3.54 kB[0m[2m │ gzip:   1.14 kB[0m
[2mnode_modules/.nitro/vite/services/ssr/[0m[2massets/[0m[36m_authenticated.ia-CFilRj4Y.js                           [0m[1;2m  3.60 kB[0m[2m │ gzip:   1.25 kB[0m
[2mnode_modules/.nitro/vite/services/ssr/[0m[2massets/[0m[36m_public.status-BvJGTDhx.js                              [0m[1;2m  3.61 kB[0m[2m │ gzip:   1.38 kB[0m
[2mnode_modules/.nitro/vite/services/ssr/[0m[2massets/[0m[36madmin-billing.functions-BDHSGKHi.js                     [0m[1;2m  3.67 kB[0m[2m │ gzip:   1.39 kB[0m
[2mnode_modules/.nitro/vite/services/ssr/[0m[2massets/[0m[36m_public.recursos-GHyKhmzn.js                            [0m[1;2m  3.76 kB[0m[2m │ gzip:   1.53 kB[0m
[2mnode_modules/.nitro/vite/services/ssr/[0m[2massets/[0m[36mbilling.functions-phAF8_fk.js                           [0m[1;2m  3.99 kB[0m[2m │ gzip:   1.58 kB[0m
[2mnode_modules/.nitro/vite/services/ssr/[0m[2massets/[0m[36m_public.cookies-DLL1ZWUv.js                             [0m[1;2m  4.09 kB[0m[2m │ gzip:   1.86 kB[0m
[2mnode_modules/.nitro/vite/services/ssr/[0m[2massets/[0m[36madmin-observability.functions-DpWweLf8.js               [0m[1;2m  4.25 kB[0m[2m │ gzip:   1.47 kB[0m
[2mnode_modules/.nitro/vite/services/ssr/[0m[2massets/[0m[36mconfiguration.server-D-Dv-gmD.js                        [0m[1;2m  4.34 kB[0m[2m │ gzip:   1.40 kB[0m
[2mnode_modules/.nitro/vite/services/ssr/[0m[2massets/[0m[36m_public.produtos-DAd9FD8z.js                            [0m[1;2m  4.45 kB[0m[2m │ gzip:   1.68 kB[0m
[2mnode_modules/.nitro/vite/services/ssr/[0m[2massets/[0m[36m_authenticated.planner.projetos.index-7YVYMLCC.js       [0m[1;2m  4.48 kB[0m[2m │ gzip:   1.72 kB[0m
[2mnode_modules/.nitro/vite/services/ssr/[0m[2massets/[0m[36mlibrary-supabase-DNYKRCsE.js                            [0m[1;2m  4.63 kB[0m[2m │ gzip:   1.78 kB[0m
[2mnode_modules/.nitro/vite/services/ssr/[0m[2massets/[0m[36m_public.contato-ZJW0Zw2M.js                             [0m[1;2m  4.64 kB[0m[2m │ gzip:   1.52 kB[0m
[2mnode_modules/.nitro/vite/services/ssr/[0m[2massets/[0m[36mselect-Dg1urBTx.js                                      [0m[1;2m  4.67 kB[0m[2m │ gzip:   1.34 kB[0m
[2mnode_modules/.nitro/vite/services/ssr/[0m[2massets/[0m[36muse-assets-1cgCVZ4h.js                                  [0m[1;2m  4.69 kB[0m[2m │ gzip:   1.55 kB[0m
[2mnode_modules/.nitro/vite/services/ssr/[0m[2massets/[0m[36m_public.sobre-BRa9Dors.js                               [0m[1;2m  4.71 kB[0m[2m │ gzip:   1.65 kB[0m
[2mnode_modules/.nitro/vite/services/ssr/[0m[2massets/[0m[36m_authenticated.workspace.ajuda-rAewEd0B.js              [0m[1;2m  4.80 kB[0m[2m │ gzip:   1.79 kB[0m
[2mnode_modules/.nitro/vite/services/ssr/[0m[2massets/[0m[36mserialization-B-ZWySRo.js                               [0m[1;2m  4.95 kB[0m[2m │ gzip:   1.37 kB[0m
[2mnode_modules/.nitro/vite/services/ssr/[0m[2massets/[0m[36m_public.produtos.criador-CR2sCO4C.js                    [0m[1;2m  5.04 kB[0m[2m │ gzip:   1.69 kB[0m
[2mnode_modules/.nitro/vite/services/ssr/[0m[2massets/[0m[36m_public.blog-BTepcQh1.js                                [0m[1;2m  5.07 kB[0m[2m │ gzip:   1.81 kB[0m
[2mnode_modules/.nitro/vite/services/ssr/[0m[2massets/[0m[36m_authenticated.storage-B1EzFpQ1.js                      [0m[1;2m  5.18 kB[0m[2m │ gzip:   1.67 kB[0m
[2mnode_modules/.nitro/vite/services/ssr/[0m[2massets/[0m[36madmin-blog.functions-D06pv9t3.js                        [0m[1;2m  5.27 kB[0m[2m │ gzip:   1.78 kB[0m
[2mnode_modules/.nitro/vite/services/ssr/[0m[2massets/[0m[36mevents.functions-Do-OUWhc.js                            [0m[1;2m  5.60 kB[0m[2m │ gzip:   1.72 kB[0m
[2mnode_modules/.nitro/vite/services/ssr/[0m[2massets/[0m[36muse-observability-BEZ6wVym.js                           [0m[1;2m  5.68 kB[0m[2m │ gzip:   1.75 kB[0m
[2mnode_modules/.nitro/vite/services/ssr/[0m[2massets/[0m[36mdropdown-menu-BtjXROHi.js                               [0m[1;2m  5.83 kB[0m[2m │ gzip:   1.28 kB[0m
[2mnode_modules/.nitro/vite/services/ssr/[0m[2massets/[0m[36mplanner-catalog.functions-Dw1kgVHy.js                   [0m[1;2m  5.93 kB[0m[2m │ gzip:   2.04 kB[0m
[2mnode_modules/.nitro/vite/services/ssr/[0m[2massets/[0m[36m_authenticated.workspace.api-keys-DoVl0AiC.js           [0m[1;2m  6.11 kB[0m[2m │ gzip:   2.04 kB[0m
[2mnode_modules/.nitro/vite/services/ssr/[0m[2massets/[0m[36m_public.produtos.planner-DpBtyl7V.js                    [0m[1;2m  6.11 kB[0m[2m │ gzip:   2.04 kB[0m
[2mnode_modules/.nitro/vite/services/ssr/[0m[2massets/[0m[36m_authenticated.admin.observabilidade-DxRhXvRJ.js        [0m[1;2m  6.11 kB[0m[2m │ gzip:   2.00 kB[0m
[2mnode_modules/.nitro/vite/services/ssr/[0m[2massets/[0m[36mplanner-projects.functions-B1H9oxjT.js                  [0m[1;2m  6.19 kB[0m[2m │ gzip:   1.57 kB[0m
[2mnode_modules/.nitro/vite/services/ssr/[0m[2massets/[0m[36mplanner-ai.functions-BeglVp1N.js                        [0m[1;2m  6.55 kB[0m[2m │ gzip:   2.33 kB[0m
[2mnode_modules/.nitro/vite/services/ssr/[0m[2massets/[0m[36m_public.seguranca-DpATPA4T.js                           [0m[1;2m  6.66 kB[0m[2m │ gzip:   2.55 kB[0m
[2mnode_modules/.nitro/vite/services/ssr/[0m[2massets/[0m[36mbilling.functions-9B-OZ-PT.js                           [0m[1;2m  6.81 kB[0m[2m │ gzip:   2.05 kB[0m
[2mnode_modules/.nitro/vite/services/ssr/[0m[2massets/[0m[36muse-notifications-DV_SM-sQ.js                           [0m[1;2m  6.83 kB[0m[2m │ gzip:   1.76 kB[0m
[2mnode_modules/.nitro/vite/services/ssr/[0m[2massets/[0m[36mmanager.server-Cb04vqCJ.js                              [0m[1;2m  6.99 kB[0m[2m │ gzip:   2.11 kB[0m
[2mnode_modules/.nitro/vite/services/ssr/[0m[2massets/[0m[36mcheckout.functions-BQn_Uzqg.js                          [0m[1;2m  7.38 kB[0m[2m │ gzip:   2.44 kB[0m
[2mnode_modules/.nitro/vite/services/ssr/[0m[2massets/[0m[36mplanner-materials.functions-C5fJpUTg.js                 [0m[1;2m  7.47 kB[0m[2m │ gzip:   2.36 kB[0m
[2mnode_modules/.nitro/vite/services/ssr/[0m[2massets/[0m[36muse-platform-admin-Bgn-TGVl.js                          [0m[1;2m  7.67 kB[0m[2m │ gzip:   2.56 kB[0m
[2mnode_modules/.nitro/vite/services/ssr/[0m[2massets/[0m[36m_authenticated.workspace-DUAtWvZr.js                    [0m[1;2m  7.71 kB[0m[2m │ gzip:   2.35 kB[0m
[2mnode_modules/.nitro/vite/services/ssr/[0m[2massets/[0m[36m_public.changelog-B8b5tchp.js                           [0m[1;2m  7.99 kB[0m[2m │ gzip:   2.86 kB[0m
[2mnode_modules/.nitro/vite/services/ssr/[0m[2massets/[0m[36mplanner-snapshots.functions-r6_hCW76.js                 [0m[1;2m  8.32 kB[0m[2m │ gzip:   2.36 kB[0m
[2mnode_modules/.nitro/vite/services/ssr/[0m[2massets/[0m[36m_authenticated.planner-A-wnnUB5.js                      [0m[1;2m  8.92 kB[0m[2m │ gzip:   2.99 kB[0m
[2mnode_modules/.nitro/vite/services/ssr/[0m[2massets/[0m[36m_public.planos-D0qdNCGz.js                              [0m[1;2m  9.31 kB[0m[2m │ gzip:   2.93 kB[0m
[2mnode_modules/.nitro/vite/services/ssr/[0m[2massets/[0m[36mai.functions-BmNCCoQN.js                                [0m[1;2m  9.35 kB[0m[2m │ gzip:   2.52 kB[0m
[2mnode_modules/.nitro/vite/services/ssr/[0m[2massets/[0m[36m_authenticated.observabilidade-CFFu2Z-F.js              [0m[1;2m  9.62 kB[0m[2m │ gzip:   2.46 kB[0m
[2mnode_modules/.nitro/vite/services/ssr/[0m[2massets/[0m[36mdecompose-CLlk6gxI.js                                   [0m[1;2m  9.79 kB[0m[2m │ gzip:   3.34 kB[0m
[2mnode_modules/.nitro/vite/services/ssr/[0m[2massets/[0m[36muse-command-palette-fTAYAJhC.js                         [0m[1;2m 10.36 kB[0m[2m │ gzip:   3.18 kB[0m
[2mnode_modules/.nitro/vite/services/ssr/[0m[2massets/[0m[36m_authenticated.notificacoes-xaoQ5ayr.js                 [0m[1;2m 10.62 kB[0m[2m │ gzip:   2.29 kB[0m
[2mnode_modules/.nitro/vite/services/ssr/[0m[2massets/[0m[36mnotifications.functions-_IEUJYTC.js                     [0m[1;2m 10.76 kB[0m[2m │ gzip:   2.30 kB[0m
[2mnode_modules/.nitro/vite/services/ssr/[0m[2massets/[0m[36mauth-DtymOqfq.js                                        [0m[1;2m 10.94 kB[0m[2m │ gzip:   2.89 kB[0m
[2mnode_modules/.nitro/vite/services/ssr/[0m[2massets/[0m[36mobservability.functions-DT5eYsnm.js                     [0m[1;2m 11.04 kB[0m[2m │ gzip:   2.71 kB[0m
[2mnode_modules/.nitro/vite/services/ssr/[0m[2massets/[0m[36muse-configuration-CgjqmjC3.js                           [0m[1;2m 11.91 kB[0m[2m │ gzip:   2.89 kB[0m
[2mnode_modules/.nitro/vite/services/ssr/[0m[2massets/[0m[36m_authenticated.api-gateway-CTaotd8W.js                  [0m[1;2m 12.28 kB[0m[2m │ gzip:   3.11 kB[0m
[2mnode_modules/.nitro/vite/services/ssr/[0m[2massets/[0m[36m_authenticated.jobs-CGeY9zIP.js                         [0m[1;2m 12.50 kB[0m[2m │ gzip:   3.03 kB[0m
[2mnode_modules/.nitro/vite/services/ssr/[0m[2massets/[0m[36m_authenticated.admin-DGoQxvfL.js                        [0m[1;2m 12.66 kB[0m[2m │ gzip:   4.10 kB[0m
[2mnode_modules/.nitro/vite/services/ssr/[0m[2massets/[0m[36mTenantProvider-5xP4ZO5D.js                              [0m[1;2m 12.81 kB[0m[2m │ gzip:   4.24 kB[0m
[2mnode_modules/.nitro/vite/services/ssr/[0m[2massets/[0m[36massets.functions-CzUFDq5G.js                            [0m[1;2m 13.16 kB[0m[2m │ gzip:   3.29 kB[0m
[2mnode_modules/.nitro/vite/services/ssr/[0m[2massets/[0m[36mplanner-render.functions-SjmPqJwZ.js                    [0m[1;2m 13.18 kB[0m[2m │ gzip:   3.60 kB[0m
[2mnode_modules/.nitro/vite/services/ssr/[0m[2massets/[0m[36mplugin-functions-CC3ixPYP.js                            [0m[1;2m 13.21 kB[0m[2m │ gzip:   3.12 kB[0m
[2mnode_modules/.nitro/vite/services/ssr/[0m[2massets/[0m[36m_authenticated.cache-DBfXyaHz.js                        [0m[1;2m 13.28 kB[0m[2m │ gzip:   3.12 kB[0m
[2mnode_modules/.nitro/vite/services/ssr/[0m[2massets/[0m[36mmanager.server-DI34gFzZ.js                              [0m[1;2m 13.71 kB[0m[2m │ gzip:   3.63 kB[0m
[2mnode_modules/.nitro/vite/services/ssr/[0m[2massets/[0m[36m_authenticated.quality-BjD6-FkD.js                      [0m[1;2m 13.95 kB[0m[2m │ gzip:   3.28 kB[0m
[2mnode_modules/.nitro/vite/services/ssr/[0m[2massets/[0m[36mpbr-catalog-IyT8uT6o.js                                 [0m[1;2m 14.25 kB[0m[2m │ gzip:   2.95 kB[0m
[2mnode_modules/.nitro/vite/services/ssr/[0m[2massets/[0m[36m_authenticated.planner.biblioteca-ByYWIr-P.js           [0m[1;2m 14.43 kB[0m[2m │ gzip:   4.01 kB[0m
[2mnode_modules/.nitro/vite/services/ssr/[0m[2massets/[0m[36m_authenticated.cicd-CVXDUnA2.js                         [0m[1;2m 14.88 kB[0m[2m │ gzip:   3.15 kB[0m
[2mnode_modules/.nitro/vite/services/ssr/[0m[2massets/[0m[36m_authenticated.sdk-CBVZALCf.js                          [0m[1;2m 14.91 kB[0m[2m │ gzip:   4.01 kB[0m
[2mnode_modules/.nitro/vite/services/ssr/[0m[2massets/[0m[36mmanager.server-D4NQ70Rh.js                              [0m[1;2m 14.97 kB[0m[2m │ gzip:   4.54 kB[0m
[2mnode_modules/.nitro/vite/services/ssr/[0m[2massets/[0m[36mapi-gateway.functions-Dm9GZX2b.js                       [0m[1;2m 14.98 kB[0m[2m │ gzip:   3.88 kB[0m
[2mnode_modules/.nitro/vite/services/ssr/[0m[2massets/[0m[36mquality.functions-DoOSMx_H.js                           [0m[1;2m 14.99 kB[0m[2m │ gzip:   3.85 kB[0m
[2mnode_modules/.nitro/vite/services/ssr/[0m[2massets/[0m[36mtenant.functions-C_k0oJua.js                            [0m[1;2m 15.19 kB[0m[2m │ gzip:   3.64 kB[0m
[2mnode_modules/.nitro/vite/services/ssr/[0m[2massets/[0m[36m_authenticated.recovery-Cb22louE.js                     [0m[1;2m 15.47 kB[0m[2m │ gzip:   3.42 kB[0m
[2mnode_modules/.nitro/vite/services/ssr/[0m[2massets/[0m[36m_authenticated.admin.billing-B9vIpPFm.js                [0m[1;2m 15.74 kB[0m[2m │ gzip:   4.51 kB[0m
[2mnode_modules/.nitro/vite/services/ssr/[0m[2massets/[0m[36m_authenticated.planner.engenharia-esgoCkpr.js           [0m[1;2m 16.32 kB[0m[2m │ gzip:   4.06 kB[0m
[2mnode_modules/.nitro/vite/services/ssr/[0m[2massets/[0m[36mcache.functions-D5f3amj6.js                             [0m[1;2m 16.69 kB[0m[2m │ gzip:   3.97 kB[0m
[2mnode_modules/.nitro/vite/services/ssr/[0m[2massets/[0m[36mplanner-quotes.functions-CpN6bOLa.js                    [0m[1;2m 16.73 kB[0m[2m │ gzip:   4.14 kB[0m
[2mnode_modules/.nitro/vite/services/ssr/[0m[2massets/[0m[36mplanner-production.functions-BL_qRuro.js                [0m[1;2m 17.05 kB[0m[2m │ gzip:   4.00 kB[0m
[2mnode_modules/.nitro/vite/services/ssr/[0m[2massets/[0m[36m_authenticated.planner.materiais-DHnbsIce.js            [0m[1;2m 17.53 kB[0m[2m │ gzip:   4.59 kB[0m
[2mnode_modules/.nitro/vite/services/ssr/[0m[2massets/[0m[36mintegrations.functions-P0NusPBQ.js                      [0m[1;2m 17.56 kB[0m[2m │ gzip:   3.96 kB[0m
[2mnode_modules/.nitro/vite/services/ssr/[0m[2massets/[0m[36m_authenticated.planner.orcamentos-Ci1oiq34.js           [0m[1;2m 17.66 kB[0m[2m │ gzip:   4.91 kB[0m
[2mnode_modules/.nitro/vite/services/ssr/[0m[2massets/[0m[36mlibrary.admin.functions-LQE6cTgj.js                     [0m[1;2m 17.89 kB[0m[2m │ gzip:   3.91 kB[0m
[2mnode_modules/.nitro/vite/services/ssr/[0m[2massets/[0m[36m_authenticated.admin.blog-CdADaV6y.js                   [0m[1;2m 17.95 kB[0m[2m │ gzip:   4.47 kB[0m
[2mnode_modules/.nitro/vite/services/ssr/[0m[2massets/[0m[36m_authenticated.planner.ia-studio-DPE6kFUl.js            [0m[1;2m 17.98 kB[0m[2m │ gzip:   4.61 kB[0m
[2mnode_modules/.nitro/vite/services/ssr/[0m[2massets/[0m[36m_authenticated.planner.assets-Cmzu5c1U.js               [0m[1;2m 18.32 kB[0m[2m │ gzip:   5.77 kB[0m
[2mnode_modules/.nitro/vite/services/ssr/[0m[2massets/[0m[36m_authenticated.workspace.assinatura-Bgq8gLCX.js         [0m[1;2m 19.68 kB[0m[2m │ gzip:   4.35 kB[0m
[2mnode_modules/.nitro/vite/services/ssr/[0m[2massets/[0m[36mplanner-assets.functions-ClTaqMyh.js                    [0m[1;2m 19.79 kB[0m[2m │ gzip:   4.65 kB[0m
[2mnode_modules/.nitro/vite/services/ssr/[0m[2massets/[0m[36m_authenticated.workspace.equipe-CvW3WUF-.js             [0m[1;2m 20.09 kB[0m[2m │ gzip:   5.06 kB[0m
[2mnode_modules/.nitro/vite/services/ssr/[0m[2massets/[0m[36msecurity.functions-DBGSjkYb.js                          [0m[1;2m 20.19 kB[0m[2m │ gzip:   4.58 kB[0m
[2mnode_modules/.nitro/vite/services/ssr/[0m[2massets/[0m[36m_authenticated.security-Dtf5dIk6.js                     [0m[1;2m 20.55 kB[0m[2m │ gzip:   4.57 kB[0m
[2mnode_modules/.nitro/vite/services/ssr/[0m[2massets/[0m[36mPublicLayout-6tuH7QRN.js                                [0m[1;2m 20.66 kB[0m[2m │ gzip:   5.08 kB[0m
[2mnode_modules/.nitro/vite/services/ssr/[0m[2massets/[0m[36mplanner-ai.functions-DIxxfDIy.js                        [0m[1;2m 21.00 kB[0m[2m │ gzip:   5.41 kB[0m
[2mnode_modules/.nitro/vite/services/ssr/[0m[2massets/[0m[36mcicd.functions-BBYmXqL_.js                              [0m[1;2m 21.64 kB[0m[2m │ gzip:   4.82 kB[0m
[2mnode_modules/.nitro/vite/services/ssr/[0m[2massets/[0m[36mconfiguration.functions-cmxWhYav.js                     [0m[1;2m 22.21 kB[0m[2m │ gzip:   4.51 kB[0m
[2mnode_modules/.nitro/vite/services/ssr/[0m[2massets/[0m[36mrecovery.functions-D8cf3Wo4.js                          [0m[1;2m 22.31 kB[0m[2m │ gzip:   4.80 kB[0m
[2mnode_modules/.nitro/vite/services/ssr/[0m[2massets/[0m[36m_authenticated.configuracoes.index-DYa-c5iR.js          [0m[1;2m 22.32 kB[0m[2m │ gzip:   4.74 kB[0m
[2mnode_modules/.nitro/vite/services/ssr/[0m[2massets/[0m[36mjob.functions-CjEaygwf.js                               [0m[1;2m 23.09 kB[0m[2m │ gzip:   5.43 kB[0m
[2mnode_modules/.nitro/vite/services/ssr/[0m[2massets/[0m[36m_authenticated.workspace.notificacoes-Cewe-kZR.js       [0m[1;2m 23.28 kB[0m[2m │ gzip:   4.98 kB[0m
[2mnode_modules/.nitro/vite/services/ssr/[0m[2massets/[0m[36m_public.index-LqxDuANh.js                               [0m[1;2m 25.22 kB[0m[2m │ gzip:   5.90 kB[0m
[2mnode_modules/.nitro/vite/services/ssr/[0m[2massets/[0m[36m_authenticated.planner.render-DF3J_CV7.js               [0m[1;2m 25.27 kB[0m[2m │ gzip:   6.43 kB[0m
[2mnode_modules/.nitro/vite/services/ssr/[0m[2massets/[0m[36m_authenticated.workspace.ia-kmGoOyUm.js                 [0m[1;2m 25.59 kB[0m[2m │ gzip:   6.51 kB[0m
[2mnode_modules/.nitro/vite/services/ssr/[0m[2massets/[0m[36m_authenticated.workspace.perfil-DG_nZVPk.js             [0m[1;2m 26.82 kB[0m[2m │ gzip:   5.81 kB[0m
[2mnode_modules/.nitro/vite/services/ssr/[0m[2massets/[0m[36m_authenticated.planner.producao-DaFwYqjv.js             [0m[1;2m 27.16 kB[0m[2m │ gzip:   6.35 kB[0m
[2mnode_modules/.nitro/vite/services/ssr/[0m[2massets/[0m[36m_authenticated.workspace.empresa-D_bEOO91.js            [0m[1;2m 28.31 kB[0m[2m │ gzip:   6.02 kB[0m
[2mnode_modules/.nitro/vite/services/ssr/[0m[2massets/[0m[36m_authenticated.workspace.modulos-CijXQ6va.js            [0m[1;2m 29.71 kB[0m[2m │ gzip:   6.69 kB[0m
[2mnode_modules/.nitro/vite/services/ssr/[0m[2massets/[0m[36meditor-context-CLQc6wwe.js                              [0m[1;2m 31.41 kB[0m[2m │ gzip:   8.46 kB[0m
[2mnode_modules/.nitro/vite/services/ssr/[0m[2massets/[0m[36m_authenticated-CvINQiuG.js                              [0m[1;2m 31.99 kB[0m[2m │ gzip:   7.92 kB[0m
[2mnode_modules/.nitro/vite/services/ssr/[0m[2massets/[0m[36m_authenticated.admin.biblioteca-BfG6Se_a.js             [0m[1;2m 33.57 kB[0m[2m │ gzip:   6.51 kB[0m
[2mnode_modules/.nitro/vite/services/ssr/[0m[2massets/[0m[36m_authenticated.workspace.creditos-DxsnLdCm.js           [0m[1;2m 33.74 kB[0m[2m │ gzip:   7.02 kB[0m
[2mnode_modules/.nitro/vite/services/ssr/[0m[2massets/[0m[36mLibraryPanel-wLv8s3cm.js                                [0m[1;2m 37.13 kB[0m[2m │ gzip:   8.86 kB[0m
[2mnode_modules/.nitro/vite/services/ssr/[0m[2massets/[0m[36m_authenticated.planner.visao-swb7cqoT.js                [0m[1;2m 44.90 kB[0m[2m │ gzip:  11.35 kB[0m
[2mnode_modules/.nitro/vite/services/ssr/[0m[2massets/[0m[36m_authenticated.workspace.index-Cy-tone-.js              [0m[1;2m 46.64 kB[0m[2m │ gzip:  11.36 kB[0m
[2mnode_modules/.nitro/vite/services/ssr/[0m[2massets/[0m[36m_authenticated.workspace.configuracoes-Dlw-aTSu.js      [0m[1;2m 48.17 kB[0m[2m │ gzip:   8.51 kB[0m
[2mnode_modules/.nitro/vite/services/ssr/[0m[2massets/[0m[36m_tanstack-start-manifest_v-DiWJkjTz.js                  [0m[1;2m 51.68 kB[0m[2m │ gzip:   6.61 kB[0m
[2mnode_modules/.nitro/vite/services/ssr/[0m[2massets/[0m[36m_authenticated.planner.configurador-CdqWAiRx.js         [0m[1;2m 52.48 kB[0m[2m │ gzip:  13.10 kB[0m
[2mnode_modules/.nitro/vite/services/ssr/[0m[2massets/[0m[36mInspector-Dx_aFXGS.js                                   [0m[1;2m 55.10 kB[0m[2m │ gzip:  12.13 kB[0m
[2mnode_modules/.nitro/vite/services/ssr/[0m[2massets/[0m[36m_authenticated.planner.decoradora-Q60RIGIA.js           [0m[1;2m 56.54 kB[0m[2m │ gzip:  14.36 kB[0m
[2mnode_modules/.nitro/vite/services/ssr/[0m[2massets/[0m[36m_authenticated.planner.orcamento-projeto-8R-oXKB7.js    [0m[1;2m 59.13 kB[0m[2m │ gzip:  16.25 kB[0m
[2mnode_modules/.nitro/vite/services/ssr/[0m[2massets/[0m[36m_authenticated.planner.marketplace-B-yPvHTL.js          [0m[1;2m 66.94 kB[0m[2m │ gzip:  15.43 kB[0m
[2mnode_modules/.nitro/vite/services/ssr/[0m[2massets/[0m[36minsert-Bqr1dv9u.js                                      [0m[1;2m 70.10 kB[0m[2m │ gzip:  17.01 kB[0m
[2mnode_modules/.nitro/vite/services/ssr/[0m[2massets/[0m[36m_authenticated.planner.projetos._projectId-CYeB5yID.js  [0m[1;2m 82.32 kB[0m[2m │ gzip:  19.08 kB[0m
[2mnode_modules/.nitro/vite/services/ssr/[0m[2massets/[0m[36mrouter-FeC-F8Bu.js                                      [0m[1;2m129.06 kB[0m[2m │ gzip:  24.90 kB[0m
[2mnode_modules/.nitro/vite/services/ssr/[0m[2massets/[0m[36m_authenticated.planner.video-woIgo2cx.js                [0m[1;2m137.47 kB[0m[2m │ gzip:  30.72 kB[0m
[2mnode_modules/.nitro/vite/services/ssr/[0m[2massets/[0m[36mserver-Bdq_ytap.js                                      [0m[1;2m275.61 kB[0m[2m │ gzip:  65.55 kB[0m
[2mnode_modules/.nitro/vite/services/ssr/[0m[2massets/[0m[36mPlannerAIPanel-C6_ZeLj8.js                              [0m[1;2m307.95 kB[0m[2m │ gzip:  84.46 kB[0m
[2mnode_modules/.nitro/vite/services/ssr/[0m[2massets/[0m[36mplanner-v2-C9LJ6Fg1.js                                  [0m[1;2m449.15 kB[0m[2m │ gzip:  97.12 kB[0m
[2mnode_modules/.nitro/vite/services/ssr/[0m[2massets/[0m[36m_authenticated.planner.ia-CUeHZaFW.js                   [0m[1;2m459.25 kB[0m[2m │ gzip: 105.99 kB[0m

✓ built in 7.69s
[33m[PLUGIN_TIMINGS] [0mYour build spent 95% of 7.7s inside plugin hooks (7.3s).
Measured inside the callback, so queue time is excluded and time the callback itself awaited is not:
  - tanstack-router:code-splitter:compile-reference-file transform (30%, 2.3s, 89 calls)
  - tanstack-router:code-splitter:compile-virtual-file transform (18%, 1.4s, 90 calls)
Those rows are 48% of the build; the rest of the 95% is below.
Not measurable — 3 hooks whose calls overlap, so elapsed time covers work other calls were doing. Profile with `node --cpu-prof`:
  - tanstack-start-core:import-protection resolveId (3377 calls)
  - tanstack-start-core::server-fn:ssr transform (89 calls)
  - @tailwindcss/vite:generate:build transform (2 calls)
See https://rolldown.rs/reference/InputOptions.checks#plugintimings for more details.


[nitro] ◐ Building [Nitro] (preset: cloudflare-module, compatibility: 2026-08-19)
[nitro] ✔ Generated public .output/public
vite v8.2.1 building nitro environment for production...

 WARN  inlineDynamicImports option is ignored because the codeSplitting option is specified.

[2Ktransforming...[32m✓[0m 3235 modules transformed.
rendering chunks...
computing gzip size...
[2m.output/server/[0m[36m_libs/srvx.mjs                                           [0m[1;2m    0.16 kB[0m[2m │ gzip:   0.13 kB[0m
[2m.output/server/[0m[36m_ssr/dioris-logo-DHVLVWFd.mjs                            [0m[1;2m    0.19 kB[0m[2m │ gzip:   0.15 kB[0m
[2m.output/server/[0m[36m_ssr/empty-plugin-adapters-wYPk3NfP.mjs                  [0m[1;2m    0.23 kB[0m[2m │ gzip:   0.16 kB[0m
[2m.output/server/[0m[36m_public-BX0fQMTi.mjs                                     [0m[1;2m    0.23 kB[0m[2m │ gzip:   0.18 kB[0m
[2m.output/server/[0m[36m_ssr/utils-C_uf36nf.mjs                                  [0m[1;2m    0.29 kB[0m[2m │ gzip:   0.21 kB[0m
[2m.output/server/[0m[36m_libs/radix-ui__number.mjs                               [0m[1;2m    0.37 kB[0m[2m │ gzip:   0.26 kB[0m
[2m.output/server/[0m[36m_ssr/createServerRpc-D1y6hoq7.mjs                        [0m[1;2m    0.39 kB[0m[2m │ gzip:   0.27 kB[0m
[2m.output/server/[0m[36m_authenticated.planner.projetos.novo-D8GdgSME.mjs        [0m[1;2m    0.40 kB[0m[2m │ gzip:   0.30 kB[0m
[2m.output/server/[0m[36m_libs/babel__runtime.mjs                                 [0m[1;2m    0.43 kB[0m[2m │ gzip:   0.28 kB[0m
[2m.output/server/[0m[36m_ssr/ssr.mjs                                             [0m[1;2m    0.44 kB[0m[2m │ gzip:   0.25 kB[0m
[2m.output/server/[0m[36m_authenticated.planner.projetos-DXScuHel.mjs             [0m[1;2m    0.46 kB[0m[2m │ gzip:   0.29 kB[0m
[2m.output/server/[0m[36m_authenticated.planner.index-Cw0DW35W.mjs                [0m[1;2m    0.47 kB[0m[2m │ gzip:   0.34 kB[0m
[2m.output/server/[0m[36m_ssr/skeleton-D9W9wFsj.mjs                               [0m[1;2m    0.49 kB[0m[2m │ gzip:   0.33 kB[0m
[2m.output/server/[0m[36m_ssr/server-Bdq_ytap.mjs                                 [0m[1;2m    0.49 kB[0m[2m │ gzip:   0.33 kB[0m
[2m.output/server/[0m[36m_ssr/createSsrRpc-B1I7fV1-.mjs                           [0m[1;2m    0.53 kB[0m[2m │ gzip:   0.34 kB[0m
[2m.output/server/[0m[36m_ssr/audit.server-B5B2lunP.mjs                           [0m[1;2m    0.57 kB[0m[2m │ gzip:   0.29 kB[0m
[2m.output/server/[0m[36m_ssr/snapshot-D9AZtAyw.mjs                               [0m[1;2m    0.61 kB[0m[2m │ gzip:   0.38 kB[0m
[2m.output/server/[0m[36m_ssr/page-container-DTgtvWbf.mjs                         [0m[1;2m    0.69 kB[0m[2m │ gzip:   0.39 kB[0m
[2m.output/server/[0m[36m_ssr/server-user.server-yt9fLx6w.mjs                     [0m[1;2m    0.78 kB[0m[2m │ gzip:   0.50 kB[0m
[2m.output/server/[0m[36m_ssr/use-permissions-hAuLkX26.mjs                        [0m[1;2m    0.79 kB[0m[2m │ gzip:   0.48 kB[0m
[2m.output/server/[0m[36m_ssr/key-hash.server-ClCvntBD.mjs                        [0m[1;2m    0.82 kB[0m[2m │ gzip:   0.49 kB[0m
[2m.output/server/[0m[36m_ssr/useServerFn-v-4HvCR4.mjs                            [0m[1;2m    0.83 kB[0m[2m │ gzip:   0.45 kB[0m
[2m.output/server/[0m[36m_chunks/ssr-renderer.mjs                                 [0m[1;2m    0.85 kB[0m[2m │ gzip:   0.44 kB[0m
[2m.output/server/[0m[36m_ssr/label-DBD1bRRP.mjs                                  [0m[1;2m    0.96 kB[0m[2m │ gzip:   0.48 kB[0m
[2m.output/server/[0m[36m_ssr/textarea-kko37XEX.mjs                               [0m[1;2m    0.98 kB[0m[2m │ gzip:   0.53 kB[0m
[2m.output/server/[0m[36m_ssr/input-B8Q2ztVi.mjs                                  [0m[1;2m    1.07 kB[0m[2m │ gzip:   0.57 kB[0m
[2m.output/server/[0m[36m_ssr/require-auth-BAMIlcTQ.mjs                           [0m[1;2m    1.08 kB[0m[2m │ gzip:   0.59 kB[0m
[2m.output/server/[0m[36m_ssr/planner-render-worker.functions-EQFsIYGk.mjs        [0m[1;2m    1.12 kB[0m[2m │ gzip:   0.63 kB[0m
[2m.output/server/[0m[36m_ssr/use-ai-CDySXulQ.mjs                                 [0m[1;2m    1.13 kB[0m[2m │ gzip:   0.47 kB[0m
[2m.output/server/[0m[36m_libs/radix-ui__react-label.mjs                          [0m[1;2m    1.14 kB[0m[2m │ gzip:   0.59 kB[0m
[2m.output/server/[0m[36m_libs/hookable.mjs                                       [0m[1;2m    1.19 kB[0m[2m │ gzip:   0.53 kB[0m
[2m.output/server/[0m[36m_ssr/search-input-yYk8iQa5.mjs                           [0m[1;2m    1.26 kB[0m[2m │ gzip:   0.61 kB[0m
[2m.output/server/[0m[36m_ssr/form-section-3RgWcqG4.mjs                           [0m[1;2m    1.27 kB[0m[2m │ gzip:   0.51 kB[0m
[2m.output/server/[0m[36m_ssr/status-badge-CNE0XIpC.mjs                           [0m[1;2m    1.33 kB[0m[2m │ gzip:   0.59 kB[0m
[2m.output/server/[0m[36m_authenticated.crm-D-XoDHbc.mjs                          [0m[1;2m    1.34 kB[0m[2m │ gzip:   0.64 kB[0m
[2m.output/server/[0m[36m_authenticated.sistemas-BdSerHwQ.mjs                     [0m[1;2m    1.37 kB[0m[2m │ gzip:   0.63 kB[0m
[2m.output/server/[0m[36m_authenticated.sites-CopdGkk9.mjs                        [0m[1;2m    1.37 kB[0m[2m │ gzip:   0.64 kB[0m
[2m.output/server/[0m[36m_authenticated.financeiro-CJhtpe2_.mjs                   [0m[1;2m    1.37 kB[0m[2m │ gzip:   0.63 kB[0m
[2m.output/server/[0m[36m_authenticated.automacao-BaNmSZuA.mjs                    [0m[1;2m    1.38 kB[0m[2m │ gzip:   0.65 kB[0m
[2m.output/server/[0m[36m_authenticated.marketplace-CxV8DLnN.mjs                  [0m[1;2m    1.39 kB[0m[2m │ gzip:   0.64 kB[0m
[2m.output/server/[0m[36m_ssr/room-ops-DY-mjfH3.mjs                               [0m[1;2m    1.41 kB[0m[2m │ gzip:   0.62 kB[0m
[2m.output/server/[0m[36m_ssr/empty-state-BUI2e7PD.mjs                            [0m[1;2m    1.43 kB[0m[2m │ gzip:   0.56 kB[0m
[2m.output/server/[0m[36m_ssr/switch-Cn1w-cIH.mjs                                 [0m[1;2m    1.43 kB[0m[2m │ gzip:   0.66 kB[0m
[2m.output/server/[0m[36m_ssr/page-header-CbWqIXik.mjs                            [0m[1;2m    1.43 kB[0m[2m │ gzip:   0.57 kB[0m
[2m.output/server/[0m[36m_ssr/logger.server-D4ip8hZS.mjs                          [0m[1;2m    1.44 kB[0m[2m │ gzip:   0.64 kB[0m
[2m.output/server/[0m[36m_ssr/client-BrBeECP-.mjs                                 [0m[1;2m    1.48 kB[0m[2m │ gzip:   0.68 kB[0m
[2m.output/server/[0m[36m_public.blog._slug-C6yCypeb.mjs                          [0m[1;2m    1.55 kB[0m[2m │ gzip:   0.70 kB[0m
[2m.output/server/[0m[36m_ssr/metrics.server-DGepYLsA.mjs                         [0m[1;2m    1.55 kB[0m[2m │ gzip:   0.52 kB[0m
[2m.output/server/[0m[36m_ssr/dashboard.functions-RzXjDnK4.mjs                    [0m[1;2m    1.57 kB[0m[2m │ gzip:   0.74 kB[0m
[2m.output/server/[0m[36m_libs/radix-ui__react-separator.mjs                      [0m[1;2m    1.60 kB[0m[2m │ gzip:   0.72 kB[0m
[2m.output/server/[0m[36m_ssr/admin.server-CdAb5cU8.mjs                           [0m[1;2m    1.62 kB[0m[2m │ gzip:   0.82 kB[0m
[2m.output/server/[0m[36m_ssr/use-dashboard-DAlzj1H6.mjs                          [0m[1;2m    1.66 kB[0m[2m │ gzip:   0.84 kB[0m
[2m.output/server/[0m[36m_ssr/metric-card-B4QxsncX.mjs                            [0m[1;2m    1.78 kB[0m[2m │ gzip:   0.66 kB[0m
[2m.output/server/[0m[36m_runtime.mjs                                             [0m[1;2m    1.79 kB[0m[2m │ gzip:   0.80 kB[0m
[2m.output/server/[0m[36m_ssr/use-api-gateway-DT9AB9fk.mjs                        [0m[1;2m    1.82 kB[0m[2m │ gzip:   0.58 kB[0m
[2m.output/server/[0m[36m_ssr/modules-Bc6n8Qjp.mjs                                [0m[1;2m    1.84 kB[0m[2m │ gzip:   0.73 kB[0m
[2m.output/server/[0m[36m_authenticated.workspace.historico-DCtABGBO.mjs          [0m[1;2m    1.85 kB[0m[2m │ gzip:   0.82 kB[0m
[2m.output/server/[0m[36m_libs/radix-ui__primitive.mjs                            [0m[1;2m    1.87 kB[0m[2m │ gzip:   0.74 kB[0m
[2m.output/server/[0m[36m_authenticated.workspace.atividades-BTYBxY_1.mjs         [0m[1;2m    1.89 kB[0m[2m │ gzip:   0.81 kB[0m
[2m.output/server/[0m[36m_ssr/button-Bq5vK6RO.mjs                                 [0m[1;2m    1.96 kB[0m[2m │ gzip:   0.88 kB[0m
[2m.output/server/[0m[36m_ssr/tabs-CCJRliUM.mjs                                   [0m[1;2m    1.97 kB[0m[2m │ gzip:   0.71 kB[0m
[2m.output/server/[0m[36m_ssr/use-billing-DPm75nDk.mjs                            [0m[1;2m    1.99 kB[0m[2m │ gzip:   0.70 kB[0m
[2m.output/server/[0m[36m_ssr/start-CgVPAZ-N.mjs                                  [0m[1;2m    1.99 kB[0m[2m │ gzip:   0.87 kB[0m
[2m.output/server/[0m[36m_authenticated.workspace.integracoes-dR56dqsd.mjs        [0m[1;2m    2.00 kB[0m[2m │ gzip:   0.85 kB[0m
[2m.output/server/[0m[36m_ssr/require-tenant-BFCslQT7.mjs                         [0m[1;2m    2.05 kB[0m[2m │ gzip:   0.97 kB[0m
[2m.output/server/[0m[36m_ssr/card-CtX3ithx.mjs                                   [0m[1;2m    2.05 kB[0m[2m │ gzip:   0.60 kB[0m
[2m.output/server/[0m[36m_libs/zustand.mjs                                        [0m[1;2m    2.07 kB[0m[2m │ gzip:   0.78 kB[0m
[2m.output/server/[0m[36m_ssr/use-jobs-D8OpcOhB.mjs                               [0m[1;2m    2.09 kB[0m[2m │ gzip:   0.60 kB[0m
[2m.output/server/[0m[36m_authenticated-CNN98p0z.mjs                              [0m[1;2m    2.21 kB[0m[2m │ gzip:   0.90 kB[0m
[2m.output/server/[0m[36m_ssr/config.functions-BP5xhmat.mjs                       [0m[1;2m    2.27 kB[0m[2m │ gzip:   1.09 kB[0m
[2m.output/server/[0m[36m_ssr/mercadopago.server-Cy431U6C.mjs                     [0m[1;2m    2.28 kB[0m[2m │ gzip:   1.07 kB[0m
[2m.output/server/[0m[36m_public.faq-B84AJrgY.mjs                                 [0m[1;2m    2.32 kB[0m[2m │ gzip:   0.93 kB[0m
[2m.output/server/[0m[36m_ssr/planner-projects.functions-DBxoRvyO.mjs             [0m[1;2m    2.32 kB[0m[2m │ gzip:   0.95 kB[0m
[2m.output/server/[0m[36m_ssr/data-table-D8OLiqv-.mjs                             [0m[1;2m    2.34 kB[0m[2m │ gzip:   0.87 kB[0m
[2m.output/server/[0m[36m_ssr/notify.server-DtlyzPta.mjs                          [0m[1;2m    2.34 kB[0m[2m │ gzip:   1.09 kB[0m
[2m.output/server/[0m[36m_public.privacidade-Dd29vX5f.mjs                         [0m[1;2m    2.41 kB[0m[2m │ gzip:   1.09 kB[0m
[2m.output/server/[0m[36m_ssr/bus.server-DFjAXqnB.mjs                             [0m[1;2m    2.48 kB[0m[2m │ gzip:   1.05 kB[0m
[2m.output/server/[0m[36m_ssr/module-card-DThTCkqg.mjs                            [0m[1;2m    2.49 kB[0m[2m │ gzip:   0.95 kB[0m
[2m.output/server/[0m[36m_public.termos-cq11vzEC.mjs                              [0m[1;2m    2.58 kB[0m[2m │ gzip:   1.17 kB[0m
[2m.output/server/[0m[36m_authenticated.workspace.assets-D0BFML-o.mjs             [0m[1;2m    2.60 kB[0m[2m │ gzip:   0.99 kB[0m
[2m.output/server/[0m[36m_ssr/ai.functions-D49Mo3wj.mjs                           [0m[1;2m    2.61 kB[0m[2m │ gzip:   1.05 kB[0m
[2m.output/server/[0m[36m_ssr/public-catalog.functions-wDIl0XNs.mjs               [0m[1;2m    2.62 kB[0m[2m │ gzip:   1.09 kB[0m
[2m.output/server/[0m[36m_ssr/reset-password-DYIX4HdA.mjs                         [0m[1;2m    2.74 kB[0m[2m │ gzip:   1.08 kB[0m
[2m.output/server/[0m[36m_ssr/badge-WgRir4L7.mjs                                  [0m[1;2m    2.84 kB[0m[2m │ gzip:   1.05 kB[0m
[2m.output/server/[0m[36m_ssr/pricing-LCBr8I1b.mjs                                [0m[1;2m    2.88 kB[0m[2m │ gzip:   1.20 kB[0m
[2m.output/server/[0m[36m_ssr/render-worker.server-BV5gDcWR.mjs                   [0m[1;2m    2.92 kB[0m[2m │ gzip:   1.41 kB[0m
[2m.output/server/[0m[36m_ssr/public-blog.functions-91b-SL3l.mjs                  [0m[1;2m    2.93 kB[0m[2m │ gzip:   1.25 kB[0m
[2m.output/server/[0m[36m_ssr/use-security-9qHzuS2c.mjs                           [0m[1;2m    2.95 kB[0m[2m │ gzip:   0.65 kB[0m
[2m.output/server/[0m[36m_public.blog._slug-CKnzj6yA.mjs                          [0m[1;2m    3.05 kB[0m[2m │ gzip:   1.08 kB[0m
[2m.output/server/[0m[36m_ssr/use-events-BAQUCzW9.mjs                             [0m[1;2m    3.20 kB[0m[2m │ gzip:   1.20 kB[0m
[2m.output/server/[0m[36m_ssr/registry-data.server-D-ucEzdy.mjs                   [0m[1;2m    3.24 kB[0m[2m │ gzip:   1.25 kB[0m
[2m.output/server/[0m[36m_libs/class-variance-authority+clsx.mjs                  [0m[1;2m    3.25 kB[0m[2m │ gzip:   1.27 kB[0m
[2m.output/server/[0m[36m_public.reembolso-DJXlh_JX.mjs                           [0m[1;2m    3.35 kB[0m[2m │ gzip:   1.54 kB[0m
[2m.output/server/[0m[36m_public.integracoes-DmMRv_C1.mjs                         [0m[1;2m    3.55 kB[0m[2m │ gzip:   1.31 kB[0m
[2m.output/server/[0m[36m_ssr/dialog-DIo89e4g.mjs                                 [0m[1;2m    3.77 kB[0m[2m │ gzip:   1.15 kB[0m
[2m.output/server/[0m[36m_ssr/admin-billing.functions-BDHSGKHi.mjs                [0m[1;2m    3.79 kB[0m[2m │ gzip:   1.45 kB[0m
[2m.output/server/[0m[36m_authenticated.configuracoes.empresa-CGt4rqsM.mjs        [0m[1;2m    3.92 kB[0m[2m │ gzip:   1.42 kB[0m
[2m.output/server/[0m[36m_ssr/billing.functions-phAF8_fk.mjs                      [0m[1;2m    4.10 kB[0m[2m │ gzip:   1.63 kB[0m
[2m.output/server/[0m[36m_authenticated.ia-CFilRj4Y.mjs                           [0m[1;2m    4.13 kB[0m[2m │ gzip:   1.32 kB[0m
[2m.output/server/[0m[36m_ssr/sheet-C1vjnj_d.mjs                                  [0m[1;2m    4.20 kB[0m[2m │ gzip:   1.28 kB[0m
[2m.output/server/[0m[36m_public.docs-DIUYooVo.mjs                                [0m[1;2m    4.21 kB[0m[2m │ gzip:   1.57 kB[0m
[2m.output/server/[0m[36m_libs/radix-ui__react-progress.mjs                       [0m[1;2m    4.25 kB[0m[2m │ gzip:   1.44 kB[0m
[2m.output/server/[0m[36m_ssr/admin-observability.functions-DpWweLf8.mjs          [0m[1;2m    4.29 kB[0m[2m │ gzip:   1.50 kB[0m
[2m.output/server/[0m[36m_public.recursos-GHyKhmzn.mjs                            [0m[1;2m    4.33 kB[0m[2m │ gzip:   1.65 kB[0m
[2m.output/server/[0m[36m_ssr/configuration.server-D-Dv-gmD.mjs                   [0m[1;2m    4.37 kB[0m[2m │ gzip:   1.43 kB[0m
[2m.output/server/[0m[36m_public.status-BvJGTDhx.mjs                              [0m[1;2m    4.38 kB[0m[2m │ gzip:   1.47 kB[0m
[2m.output/server/[0m[36m_public.cookies-DLL1ZWUv.mjs                             [0m[1;2m    4.47 kB[0m[2m │ gzip:   1.94 kB[0m
[2m.output/server/[0m[36m_ssr/library-supabase-DNYKRCsE.mjs                       [0m[1;2m    4.64 kB[0m[2m │ gzip:   1.80 kB[0m
[2m.output/server/[0m[36m_ssr/use-assets-1cgCVZ4h.mjs                             [0m[1;2m    4.78 kB[0m[2m │ gzip:   1.60 kB[0m
[2m.output/server/[0m[36m_ssr/serialization-B-ZWySRo.mjs                          [0m[1;2m    4.96 kB[0m[2m │ gzip:   1.38 kB[0m
[2m.output/server/[0m[36m_public.produtos-DAd9FD8z.mjs                            [0m[1;2m    5.09 kB[0m[2m │ gzip:   1.79 kB[0m
[2m.output/server/[0m[36m_ssr/admin-blog.functions-D06pv9t3.mjs                   [0m[1;2m    5.41 kB[0m[2m │ gzip:   1.83 kB[0m
[2m.output/server/[0m[36m_authenticated.planner.projetos.index-7YVYMLCC.mjs       [0m[1;2m    5.42 kB[0m[2m │ gzip:   1.87 kB[0m
[2m.output/server/[0m[36m_authenticated.workspace.ajuda-rAewEd0B.mjs              [0m[1;2m    5.54 kB[0m[2m │ gzip:   1.90 kB[0m
[2m.output/server/[0m[36m_public.sobre-BRa9Dors.mjs                               [0m[1;2m    5.59 kB[0m[2m │ gzip:   1.75 kB[0m
[2m.output/server/[0m[36m_public.contato-ZJW0Zw2M.mjs                             [0m[1;2m    5.60 kB[0m[2m │ gzip:   1.66 kB[0m
[2m.output/server/[0m[36m_ssr/select-Dg1urBTx.mjs                                 [0m[1;2m    5.61 kB[0m[2m │ gzip:   1.53 kB[0m
[2m.output/server/[0m[36m_libs/@radix-ui/react-avatar+[...].mjs                   [0m[1;2m    5.66 kB[0m[2m │ gzip:   1.66 kB[0m
[2m.output/server/[0m[36m_ssr/events.functions-Do-OUWhc.mjs                       [0m[1;2m    5.77 kB[0m[2m │ gzip:   1.79 kB[0m
[2m.output/server/[0m[36m_ssr/use-observability-BEZ6wVym.mjs                      [0m[1;2m    5.78 kB[0m[2m │ gzip:   1.80 kB[0m
[2m.output/server/[0m[36m_authenticated.storage-B1EzFpQ1.mjs                      [0m[1;2m    5.81 kB[0m[2m │ gzip:   1.75 kB[0m
[2m.output/server/[0m[36m_public.produtos.criador-CR2sCO4C.mjs                    [0m[1;2m    5.96 kB[0m[2m │ gzip:   1.81 kB[0m
[2m.output/server/[0m[36m_ssr/planner-catalog.functions-Dw1kgVHy.mjs              [0m[1;2m    6.06 kB[0m[2m │ gzip:   2.10 kB[0m
[2m.output/server/[0m[36m_public.blog-BTepcQh1.mjs                                [0m[1;2m    6.09 kB[0m[2m │ gzip:   1.95 kB[0m
[2m.output/server/[0m[36m_libs/radix-ui__react-tabs.mjs                           [0m[1;2m    6.17 kB[0m[2m │ gzip:   1.84 kB[0m
[2m.output/server/[0m[36m_ssr/planner-projects.functions-B1H9oxjT.mjs             [0m[1;2m    6.31 kB[0m[2m │ gzip:   1.63 kB[0m
[2m.output/server/[0m[36m_ssr/dropdown-menu-BtjXROHi.mjs                          [0m[1;2m    6.35 kB[0m[2m │ gzip:   1.45 kB[0m
[2m.output/server/[0m[36m_ssr/use-notifications-DV_SM-sQ.mjs                      [0m[1;2m    6.88 kB[0m[2m │ gzip:   1.81 kB[0m
[2m.output/server/[0m[36m_ssr/planner-ai.functions-BeglVp1N.mjs                   [0m[1;2m    6.89 kB[0m[2m │ gzip:   2.42 kB[0m
[2m.output/server/[0m[36m_ssr/billing.functions-9B-OZ-PT.mjs                      [0m[1;2m    6.90 kB[0m[2m │ gzip:   2.11 kB[0m
[2m.output/server/[0m[36m_ssr/manager.server-Cb04vqCJ.mjs                         [0m[1;2m    6.96 kB[0m[2m │ gzip:   2.13 kB[0m
[2m.output/server/[0m[36m_public.produtos.planner-DpBtyl7V.mjs                    [0m[1;2m    7.16 kB[0m[2m │ gzip:   2.15 kB[0m
[2m.output/server/[0m[36m_authenticated.admin.observabilidade-DxRhXvRJ.mjs        [0m[1;2m    7.22 kB[0m[2m │ gzip:   2.09 kB[0m
[2m.output/server/[0m[36m_authenticated.workspace.api-keys-DoVl0AiC.mjs           [0m[1;2m    7.44 kB[0m[2m │ gzip:   2.21 kB[0m
[2m.output/server/[0m[36m_ssr/checkout.functions-BQn_Uzqg.mjs                     [0m[1;2m    7.55 kB[0m[2m │ gzip:   2.50 kB[0m
[2m.output/server/[0m[36m_public.seguranca-DpATPA4T.mjs                           [0m[1;2m    7.60 kB[0m[2m │ gzip:   2.67 kB[0m
[2m.output/server/[0m[36m_ssr/planner-materials.functions-C5fJpUTg.mjs            [0m[1;2m    7.62 kB[0m[2m │ gzip:   2.42 kB[0m
[2m.output/server/[0m[36m_libs/radix-ui__react-switch.mjs                         [0m[1;2m    7.87 kB[0m[2m │ gzip:   2.30 kB[0m
[2m.output/server/[0m[36m_ssr/use-platform-admin-Bgn-TGVl.mjs                     [0m[1;2m    8.09 kB[0m[2m │ gzip:   2.68 kB[0m
[2m.output/server/[0m[36m_ssr/planner-snapshots.functions-r6_hCW76.mjs            [0m[1;2m    8.46 kB[0m[2m │ gzip:   2.41 kB[0m
[2m.output/server/[0m[36m_libs/tanstack__react-query.mjs                          [0m[1;2m    8.54 kB[0m[2m │ gzip:   2.09 kB[0m
[2m.output/server/[0m[36m_public.changelog-B8b5tchp.mjs                           [0m[1;2m    8.78 kB[0m[2m │ gzip:   2.95 kB[0m
[2m.output/server/[0m[36m_authenticated.workspace-DUAtWvZr.mjs                    [0m[1;2m    9.03 kB[0m[2m │ gzip:   2.53 kB[0m
[2m.output/server/[0m[36m_ssr/ai.functions-BmNCCoQN.mjs                           [0m[1;2m    9.21 kB[0m[2m │ gzip:   2.53 kB[0m
[2m.output/server/[0m[36m_ssr/decompose-CLlk6gxI.mjs                              [0m[1;2m    9.57 kB[0m[2m │ gzip:   3.34 kB[0m
[2m.output/server/[0m[36m_authenticated.planner-A-wnnUB5.mjs                      [0m[1;2m   10.25 kB[0m[2m │ gzip:   3.15 kB[0m
[2m.output/server/[0m[36m_libs/tanstack__history.mjs                              [0m[1;2m   10.67 kB[0m[2m │ gzip:   3.12 kB[0m
[2m.output/server/[0m[36m_authenticated.observabilidade-CFFu2Z-F.mjs              [0m[1;2m   10.68 kB[0m[2m │ gzip:   2.54 kB[0m
[2m.output/server/[0m[36m_public.planos-D0qdNCGz.mjs                              [0m[1;2m   10.85 kB[0m[2m │ gzip:   3.06 kB[0m
[2m.output/server/[0m[36m_ssr/notifications.functions-_IEUJYTC.mjs                [0m[1;2m   10.89 kB[0m[2m │ gzip:   2.36 kB[0m
[2m.output/server/[0m[36m_ssr/observability.functions-DT5eYsnm.mjs                [0m[1;2m   11.22 kB[0m[2m │ gzip:   2.77 kB[0m
[2m.output/server/[0m[36m_ssr/use-command-palette-fTAYAJhC.mjs                    [0m[1;2m   11.49 kB[0m[2m │ gzip:   3.32 kB[0m
[2m.output/server/[0m[36m_authenticated.notificacoes-xaoQ5ayr.mjs                 [0m[1;2m   11.73 kB[0m[2m │ gzip:   2.38 kB[0m
[2m.output/server/[0m[36m_ssr/use-configuration-CgjqmjC3.mjs                      [0m[1;2m   12.11 kB[0m[2m │ gzip:   2.96 kB[0m
[2m.output/server/[0m[36m_ssr/auth-DtymOqfq.mjs                                   [0m[1;2m   12.47 kB[0m[2m │ gzip:   3.04 kB[0m
[2m.output/server/[0m[36m_libs/supabase__functions-js.mjs                         [0m[1;2m   12.69 kB[0m[2m │ gzip:   3.50 kB[0m
[2m.output/server/[0m[36m_ssr/assets.functions-CzUFDq5G.mjs                       [0m[1;2m   12.83 kB[0m[2m │ gzip:   3.30 kB[0m
[2m.output/server/[0m[36m_ssr/TenantProvider-5xP4ZO5D.mjs                         [0m[1;2m   13.28 kB[0m[2m │ gzip:   4.35 kB[0m
[2m.output/server/[0m[36m_ssr/plugin-functions-CC3ixPYP.mjs                       [0m[1;2m   13.30 kB[0m[2m │ gzip:   3.18 kB[0m
[2m.output/server/[0m[36m_ssr/manager.server-DI34gFzZ.mjs                         [0m[1;2m   13.39 kB[0m[2m │ gzip:   3.61 kB[0m
[2m.output/server/[0m[36m_ssr/planner-render.functions-SjmPqJwZ.mjs               [0m[1;2m   13.42 kB[0m[2m │ gzip:   3.67 kB[0m
[2m.output/server/[0m[36m_authenticated.admin-DGoQxvfL.mjs                        [0m[1;2m   13.79 kB[0m[2m │ gzip:   4.25 kB[0m
[2m.output/server/[0m[36m_authenticated.api-gateway-CTaotd8W.mjs                  [0m[1;2m   14.00 kB[0m[2m │ gzip:   3.25 kB[0m
[2m.output/server/[0m[36m_authenticated.jobs-CGeY9zIP.mjs                         [0m[1;2m   14.15 kB[0m[2m │ gzip:   3.17 kB[0m
[2m.output/server/[0m[36m_ssr/pbr-catalog-IyT8uT6o.mjs                            [0m[1;2m   14.26 kB[0m[2m │ gzip:   2.97 kB[0m
[2m.output/server/[0m[36m_ssr/manager.server-D4NQ70Rh.mjs                         [0m[1;2m   14.80 kB[0m[2m │ gzip:   4.56 kB[0m
[2m.output/server/[0m[36m_authenticated.cache-DBfXyaHz.mjs                        [0m[1;2m   14.95 kB[0m[2m │ gzip:   3.26 kB[0m
[2m.output/server/[0m[36m_ssr/api-gateway.functions-Dm9GZX2b.mjs                  [0m[1;2m   15.12 kB[0m[2m │ gzip:   3.94 kB[0m
[2m.output/server/[0m[36m_ssr/quality.functions-DoOSMx_H.mjs                      [0m[1;2m   15.17 kB[0m[2m │ gzip:   3.90 kB[0m
[2m.output/server/[0m[36m_ssr/tenant.functions-C_k0oJua.mjs                       [0m[1;2m   15.44 kB[0m[2m │ gzip:   3.72 kB[0m
[2m.output/server/[0m[36m_authenticated.quality-BjD6-FkD.mjs                      [0m[1;2m   15.63 kB[0m[2m │ gzip:   3.41 kB[0m
[2m.output/server/[0m[36m_authenticated.sdk-CBVZALCf.mjs                          [0m[1;2m   16.24 kB[0m[2m │ gzip:   4.14 kB[0m
[2m.output/server/[0m[36m_authenticated.planner.biblioteca-ByYWIr-P.mjs           [0m[1;2m   16.37 kB[0m[2m │ gzip:   4.15 kB[0m
[2m.output/server/[0m[36m_libs/h3+rou3+srvx.mjs                                   [0m[1;2m   16.71 kB[0m[2m │ gzip:   4.86 kB[0m
[2m.output/server/[0m[36m_authenticated.cicd-CVXDUnA2.mjs                         [0m[1;2m   16.72 kB[0m[2m │ gzip:   3.28 kB[0m
[2m.output/server/[0m[36m_ssr/cache.functions-D5f3amj6.mjs                        [0m[1;2m   16.77 kB[0m[2m │ gzip:   4.02 kB[0m
[2m.output/server/[0m[36m_ssr/planner-quotes.functions-CpN6bOLa.mjs               [0m[1;2m   16.95 kB[0m[2m │ gzip:   4.21 kB[0m
[2m.output/server/[0m[36m_libs/cmdk.mjs                                           [0m[1;2m   17.01 kB[0m[2m │ gzip:   5.58 kB[0m
[2m.output/server/[0m[36m_ssr/planner-production.functions-BL_qRuro.mjs           [0m[1;2m   17.31 kB[0m[2m │ gzip:   4.07 kB[0m
[2m.output/server/[0m[36m_authenticated.recovery-Cb22louE.mjs                     [0m[1;2m   17.39 kB[0m[2m │ gzip:   3.54 kB[0m
[2m.output/server/[0m[36m_ssr/integrations.functions-P0NusPBQ.mjs                 [0m[1;2m   17.60 kB[0m[2m │ gzip:   4.00 kB[0m
[2m.output/server/[0m[36m_ssr/library.admin.functions-LQE6cTgj.mjs                [0m[1;2m   18.23 kB[0m[2m │ gzip:   4.00 kB[0m
[2m.output/server/[0m[36m_authenticated.admin.billing-B9vIpPFm.mjs                [0m[1;2m   18.26 kB[0m[2m │ gzip:   4.73 kB[0m
[2m.output/server/[0m[36m_authenticated.planner.engenharia-esgoCkpr.mjs           [0m[1;2m   18.72 kB[0m[2m │ gzip:   4.19 kB[0m
[2m.output/server/[0m[36m_libs/radix-ui__react-tooltip.mjs                        [0m[1;2m   19.07 kB[0m[2m │ gzip:   4.39 kB[0m
[2m.output/server/[0m[36m_authenticated.planner.orcamentos-Ci1oiq34.mjs           [0m[1;2m   20.03 kB[0m[2m │ gzip:   5.11 kB[0m
[2m.output/server/[0m[36m_ssr/planner-assets.functions-ClTaqMyh.mjs               [0m[1;2m   20.05 kB[0m[2m │ gzip:   4.73 kB[0m
[2m.output/server/[0m[36m_authenticated.planner.materiais-DHnbsIce.mjs            [0m[1;2m   20.15 kB[0m[2m │ gzip:   4.79 kB[0m
[2m.output/server/[0m[36m_authenticated.planner.assets-Cmzu5c1U.mjs               [0m[1;2m   20.31 kB[0m[2m │ gzip:   6.00 kB[0m
[2m.output/server/[0m[36m_ssr/security.functions-DBGSjkYb.mjs                     [0m[1;2m   20.38 kB[0m[2m │ gzip:   4.65 kB[0m
[2m.output/server/[0m[36m_authenticated.planner.ia-studio-DPE6kFUl.mjs            [0m[1;2m   20.75 kB[0m[2m │ gzip:   4.82 kB[0m
[2m.output/server/[0m[36m_authenticated.admin.blog-CdADaV6y.mjs                   [0m[1;2m   20.76 kB[0m[2m │ gzip:   4.68 kB[0m
[2m.output/server/[0m[36m_ssr/planner-ai.functions-DIxxfDIy.mjs                   [0m[1;2m   21.33 kB[0m[2m │ gzip:   5.50 kB[0m
[2m.output/server/[0m[36m_ssr/cicd.functions-BBYmXqL_.mjs                         [0m[1;2m   21.85 kB[0m[2m │ gzip:   4.88 kB[0m
[2m.output/server/[0m[36m_libs/radix-ui__react-slider.mjs                         [0m[1;2m   22.43 kB[0m[2m │ gzip:   5.47 kB[0m
[2m.output/server/[0m[36m_ssr/configuration.functions-cmxWhYav.mjs                [0m[1;2m   22.50 kB[0m[2m │ gzip:   4.59 kB[0m
[2m.output/server/[0m[36m_ssr/recovery.functions-D8cf3Wo4.mjs                     [0m[1;2m   22.55 kB[0m[2m │ gzip:   4.87 kB[0m
[2m.output/server/[0m[36m_ssr/job.functions-CjEaygwf.mjs                          [0m[1;2m   23.03 kB[0m[2m │ gzip:   5.47 kB[0m
[2m.output/server/[0m[36m_ssr/PublicLayout-6tuH7QRN.mjs                           [0m[1;2m   23.21 kB[0m[2m │ gzip:   5.28 kB[0m
[2m.output/server/[0m[36m_authenticated.security-Dtf5dIk6.mjs                     [0m[1;2m   23.25 kB[0m[2m │ gzip:   4.74 kB[0m
[2m.output/server/[0m[36m_authenticated.workspace.equipe-CvW3WUF-.mjs             [0m[1;2m   23.36 kB[0m[2m │ gzip:   5.24 kB[0m
[2m.output/server/[0m[36m_authenticated.workspace.assinatura-Bgq8gLCX.mjs         [0m[1;2m   23.44 kB[0m[2m │ gzip:   4.55 kB[0m
[2m.output/server/[0m[36m_libs/@floating-ui/dom+[...].mjs                         [0m[1;2m   25.47 kB[0m[2m │ gzip:   6.61 kB[0m
[2m.output/server/[0m[36m_authenticated.configuracoes.index-DYa-c5iR.mjs          [0m[1;2m   25.50 kB[0m[2m │ gzip:   4.91 kB[0m
[2m.output/server/[0m[36m_libs/@floating-ui/core+[...].mjs                        [0m[1;2m   25.65 kB[0m[2m │ gzip:   6.36 kB[0m
[2m.output/server/[0m[36m_authenticated.workspace.notificacoes-Cewe-kZR.mjs       [0m[1;2m   27.97 kB[0m[2m │ gzip:   5.22 kB[0m
[2m.output/server/[0m[36m_authenticated.planner.render-DF3J_CV7.mjs               [0m[1;2m   28.52 kB[0m[2m │ gzip:   6.64 kB[0m
[2m.output/server/[0m[36m_public.index-LqxDuANh.mjs                               [0m[1;2m   29.11 kB[0m[2m │ gzip:   6.06 kB[0m
[2m.output/server/[0m[36m_authenticated.workspace.ia-kmGoOyUm.mjs                 [0m[1;2m   30.09 kB[0m[2m │ gzip:   6.72 kB[0m
[2m.output/server/[0m[36m_libs/radix-ui__react-scroll-area.mjs                    [0m[1;2m   30.44 kB[0m[2m │ gzip:   6.07 kB[0m
[2m.output/server/[0m[36m_authenticated.planner.producao-DaFwYqjv.mjs             [0m[1;2m   31.07 kB[0m[2m │ gzip:   6.59 kB[0m
[2m.output/server/[0m[36m_authenticated.workspace.perfil-DG_nZVPk.mjs             [0m[1;2m   31.55 kB[0m[2m │ gzip:   6.02 kB[0m
[2m.output/server/[0m[36m_libs/@floating-ui/react-dom+[...].mjs                   [0m[1;2m   31.56 kB[0m[2m │ gzip:   8.02 kB[0m
[2m.output/server/[0m[36m_ssr/editor-context-CLQc6wwe.mjs                         [0m[1;2m   32.14 kB[0m[2m │ gzip:   8.52 kB[0m
[2m.output/server/[0m[36m_authenticated.workspace.empresa-D_bEOO91.mjs            [0m[1;2m   32.32 kB[0m[2m │ gzip:   6.18 kB[0m
[2m.output/server/[0m[36m_authenticated-CvINQiuG.mjs                              [0m[1;2m   34.68 kB[0m[2m │ gzip:   8.06 kB[0m
[2m.output/server/[0m[36m_authenticated.workspace.modulos-CijXQ6va.mjs            [0m[1;2m   35.20 kB[0m[2m │ gzip:   6.93 kB[0m
[2m.output/server/[0m[36m_libs/supabase__supabase-js.mjs                          [0m[1;2m   36.50 kB[0m[2m │ gzip:  10.71 kB[0m
[2m.output/server/[0m[36m_authenticated.admin.biblioteca-BfG6Se_a.mjs             [0m[1;2m   39.09 kB[0m[2m │ gzip:   6.75 kB[0m
[2m.output/server/[0m[36m_authenticated.workspace.creditos-DxsnLdCm.mjs           [0m[1;2m   39.56 kB[0m[2m │ gzip:   7.25 kB[0m
[2m.output/server/[0m[36m_ssr/LibraryPanel-wLv8s3cm.mjs                           [0m[1;2m   40.88 kB[0m[2m │ gzip:   9.05 kB[0m
[2m.output/server/[0m[36m_libs/@radix-ui/react-select+[...].mjs                   [0m[1;2m   46.75 kB[0m[2m │ gzip:   9.93 kB[0m
[2m.output/server/[0m[36m_authenticated.planner.visao-swb7cqoT.mjs                [0m[1;2m   48.43 kB[0m[2m │ gzip:  11.47 kB[0m
[2m.output/server/[0m[36m_libs/supabase__phoenix.mjs                              [0m[1;2m   50.58 kB[0m[2m │ gzip:  12.78 kB[0m
[2m.output/server/[0m[36m_authenticated.workspace.index-Cy-tone-.mjs              [0m[1;2m   51.26 kB[0m[2m │ gzip:  11.44 kB[0m
[2m.output/server/[0m[36m_tanstack-start-manifest_v-DiWJkjTz.mjs                  [0m[1;2m   51.73 kB[0m[2m │ gzip:   6.65 kB[0m
[2m.output/server/[0m[36m_libs/sonner.mjs                                         [0m[1;2m   53.72 kB[0m[2m │ gzip:  12.15 kB[0m
[2m.output/server/[0m[36m_authenticated.planner.configurador-CdqWAiRx.mjs         [0m[1;2m   55.80 kB[0m[2m │ gzip:  13.18 kB[0m
[2m.output/server/[0m[36m_authenticated.workspace.configuracoes-Dlw-aTSu.mjs      [0m[1;2m   57.79 kB[0m[2m │ gzip:   8.86 kB[0m
[2m.output/server/[0m[36m_libs/@radix-ui/react-accordion+[...].mjs                [0m[1;2m   58.06 kB[0m[2m │ gzip:  12.21 kB[0m
[2m.output/server/[0m[36m_authenticated.planner.decoradora-Q60RIGIA.mjs           [0m[1;2m   58.91 kB[0m[2m │ gzip:  14.44 kB[0m
[2m.output/server/[0m[36m_libs/@radix-ui/react-dropdown-menu+[...].mjs            [0m[1;2m   60.02 kB[0m[2m │ gzip:  11.95 kB[0m
[2m.output/server/[0m[36m_ssr/Inspector-Dx_aFXGS.mjs                              [0m[1;2m   60.19 kB[0m[2m │ gzip:  12.38 kB[0m
[2m.output/server/[0m[36m_authenticated.planner.orcamento-projeto-8R-oXKB7.mjs    [0m[1;2m   61.25 kB[0m[2m │ gzip:  16.27 kB[0m
[2m.output/server/[0m[36m_libs/@radix-ui/react-dialog+[...].mjs                   [0m[1;2m   66.82 kB[0m[2m │ gzip:  15.77 kB[0m
[2m.output/server/[0m[36m_libs/tanstack__query-core.mjs                           [0m[1;2m   66.90 kB[0m[2m │ gzip:  13.98 kB[0m
[2m.output/server/[0m[36m_authenticated.planner.marketplace-B-yPvHTL.mjs          [0m[1;2m   69.80 kB[0m[2m │ gzip:  15.44 kB[0m
[2m.output/server/[0m[36m_ssr/insert-Bqr1dv9u.mjs                                 [0m[1;2m   69.90 kB[0m[2m │ gzip:  16.95 kB[0m
[2m.output/server/[0m[36m_libs/supabase__realtime-js+unenv.mjs                    [0m[1;2m   81.17 kB[0m[2m │ gzip:  20.57 kB[0m
[2m.output/server/[0m[36mindex.mjs                                                [0m[1;2m   82.65 kB[0m[2m │ gzip:  17.88 kB[0m
[2m.output/server/[0m[36m_libs/tailwind-merge.mjs                                 [0m[1;2m   88.17 kB[0m[2m │ gzip:  15.68 kB[0m
[2m.output/server/[0m[36m_authenticated.planner.projetos._projectId-CYeB5yID.mjs  [0m[1;2m   92.05 kB[0m[2m │ gzip:  19.49 kB[0m
[2m.output/server/[0m[36m_libs/zod.mjs                                            [0m[1;2m  100.45 kB[0m[2m │ gzip:  17.37 kB[0m
[2m.output/server/[0m[36m_libs/lucide-react.mjs                                   [0m[1;2m  104.71 kB[0m[2m │ gzip:  18.66 kB[0m
[2m.output/server/[0m[36m_libs/supabase__postgrest-js.mjs                         [0m[1;2m  105.59 kB[0m[2m │ gzip:  21.70 kB[0m
[2m.output/server/[0m[36m_libs/@supabase/storage-js+[...].mjs                     [0m[1;2m  119.70 kB[0m[2m │ gzip:  22.40 kB[0m
[2m.output/server/[0m[36m_ssr/router-FeC-F8Bu.mjs                                 [0m[1;2m  125.08 kB[0m[2m │ gzip:  24.67 kB[0m
[2m.output/server/[0m[36m_authenticated.planner.video-woIgo2cx.mjs                [0m[1;2m  145.12 kB[0m[2m │ gzip:  30.86 kB[0m
[2m.output/server/[0m[36m_ssr/server-Bdq_ytap2.mjs                                [0m[1;2m  268.76 kB[0m[2m │ gzip:  64.31 kB[0m
[2m.output/server/[0m[36m_ssr/PlannerAIPanel-C6_ZeLj8.mjs                         [0m[1;2m  308.09 kB[0m[2m │ gzip:  84.32 kB[0m
[2m.output/server/[0m[36m_libs/supabase__auth-js.mjs                              [0m[1;2m  313.15 kB[0m[2m │ gzip:  63.79 kB[0m
[2m.output/server/[0m[36m_libs/framer-motion.mjs                                  [0m[1;2m  364.06 kB[0m[2m │ gzip:  92.51 kB[0m
[2m.output/server/[0m[36m_libs/@react-three/postprocessing+[...].mjs              [0m[1;2m  452.24 kB[0m[2m │ gzip: 178.00 kB[0m
[2m.output/server/[0m[36m_ssr/planner-v2-C9LJ6Fg1.mjs                             [0m[1;2m  457.87 kB[0m[2m │ gzip:  97.12 kB[0m
[2m.output/server/[0m[36m_authenticated.planner.ia-CUeHZaFW.mjs                   [0m[1;2m  471.12 kB[0m[2m │ gzip: 105.95 kB[0m
[2m.output/server/[0m[36m_libs/@react-three/drei+[...].mjs                        [0m[33;1m  508.74 kB[0m[2m │ gzip: 117.42 kB[0m
[2m.output/server/[0m[36m_libs/@tanstack/react-router+[...].mjs                   [0m[33;1m  642.56 kB[0m[2m │ gzip: 134.86 kB[0m
[2m.output/server/[0m[36m_libs/@monogrid/gainmap-js+[...].mjs                     [0m[33;1m1,912.51 kB[0m[2m │ gzip: 377.65 kB[0m

✓ built in 1.58s
[nitro] ℹ Using auto generated worker name: diegocesarpadilha2316-ai-friendly-hello
ℹ Generated .output/server/wrangler.json
ℹ Generated .wrangler/deploy/config.json
ℹ Generated .output/public/_headers
ℹ Generated .output/nitro.json

[nitro] ✔ You can preview this build using npx vite preview
[nitro] ✔ You can deploy this build using npx nitro deploy --prebuilt
ssr_output=local
ssr_chunks_discovered=258
patched_ssr_chunks=5
