$ vite build && python3 scripts/patch_nitro_ssr_cycle.py
The plugin "vite-tsconfig-paths" is detected. Vite now supports tsconfig paths resolution natively via the resolve.tsconfigPaths option. You can remove the plugin and set resolve.tsconfigPaths: true in your Vite config instead.
vite v8.2.1 building client environment for production...
[2Ktransforming...[plugin tanstack-start-core::server-fn:client] /home/ubuntu/dioris-audit-repo/src/core/services/tenant.functions.ts:41:30 createServerFn().inputValidator() is deprecated. Use createServerFn().validator() instead.
[plugin tanstack-start-core::server-fn:client] /home/ubuntu/dioris-audit-repo/src/core/services/tenant.functions.ts:241:36 createServerFn().inputValidator() is deprecated. Use createServerFn().validator() instead.
[plugin tanstack-start-core::server-fn:client] /home/ubuntu/dioris-audit-repo/src/core/services/tenant.functions.ts:284:29 createServerFn().inputValidator() is deprecated. Use createServerFn().validator() instead.
[plugin tanstack-start-core::server-fn:client] /home/ubuntu/dioris-audit-repo/src/core/services/tenant.functions.ts:316:33 createServerFn().inputValidator() is deprecated. Use createServerFn().validator() instead.
[plugin tanstack-start-core::server-fn:client] /home/ubuntu/dioris-audit-repo/src/core/services/tenant.functions.ts:345:32 createServerFn().inputValidator() is deprecated. Use createServerFn().validator() instead.
[plugin tanstack-start-core::server-fn:client] /home/ubuntu/dioris-audit-repo/src/core/services/tenant.functions.ts:378:33 createServerFn().inputValidator() is deprecated. Use createServerFn().validator() instead.
[plugin tanstack-start-core::server-fn:client] /home/ubuntu/dioris-audit-repo/src/core/services/tenant.functions.ts:395:33 createServerFn().inputValidator() is deprecated. Use createServerFn().validator() instead.
[plugin tanstack-start-core::server-fn:client] /home/ubuntu/dioris-audit-repo/src/lib/public-blog.functions.ts:80:34 createServerFn().inputValidator() is deprecated. Use createServerFn().validator() instead.
[plugin tanstack-start-core::server-fn:client] /home/ubuntu/dioris-audit-repo/src/lib/checkout.functions.ts:86:34 createServerFn().inputValidator() is deprecated. Use createServerFn().validator() instead.
[plugin tanstack-start-core::server-fn:client] /home/ubuntu/dioris-audit-repo/src/lib/checkout.functions.ts:159:33 createServerFn().inputValidator() is deprecated. Use createServerFn().validator() instead.
[plugin tanstack-start-core::server-fn:client] /home/ubuntu/dioris-audit-repo/src/lib/planner-projects.functions.ts:63:27 createServerFn().inputValidator() is deprecated. Use createServerFn().validator() instead.
[plugin tanstack-start-core::server-fn:client] /home/ubuntu/dioris-audit-repo/src/lib/planner-projects.functions.ts:77:33 createServerFn().inputValidator() is deprecated. Use createServerFn().validator() instead.
[plugin tanstack-start-core::server-fn:client] /home/ubuntu/dioris-audit-repo/src/lib/planner-projects.functions.ts:106:30 createServerFn().inputValidator() is deprecated. Use createServerFn().validator() instead.
[plugin tanstack-start-core::server-fn:client] /home/ubuntu/dioris-audit-repo/src/lib/planner-projects.functions.ts:131:33 createServerFn().inputValidator() is deprecated. Use createServerFn().validator() instead.
[plugin tanstack-start-core::server-fn:client] /home/ubuntu/dioris-audit-repo/src/lib/planner-projects.functions.ts:153:30 createServerFn().inputValidator() is deprecated. Use createServerFn().validator() instead.
[plugin tanstack-start-core::server-fn:client] /home/ubuntu/dioris-audit-repo/src/modules/planner/domains/catalog/library.admin.functions.ts:35:35 createServerFn().inputValidator() is deprecated. Use createServerFn().validator() instead.
[plugin tanstack-start-core::server-fn:client] /home/ubuntu/dioris-audit-repo/src/modules/planner/domains/catalog/library.admin.functions.ts:61:34 createServerFn().inputValidator() is deprecated. Use createServerFn().validator() instead.
[plugin tanstack-start-core::server-fn:client] /home/ubuntu/dioris-audit-repo/src/modules/planner/domains/catalog/library.admin.functions.ts:140:37 createServerFn().inputValidator() is deprecated. Use createServerFn().validator() instead.
[plugin tanstack-start-core::server-fn:client] /home/ubuntu/dioris-audit-repo/src/modules/planner/domains/catalog/library.admin.functions.ts:162:36 createServerFn().inputValidator() is deprecated. Use createServerFn().validator() instead.
[plugin tanstack-start-core::server-fn:client] /home/ubuntu/dioris-audit-repo/src/modules/planner/domains/catalog/library.admin.functions.ts:184:36 createServerFn().inputValidator() is deprecated. Use createServerFn().validator() instead.
[plugin tanstack-start-core::server-fn:client] /home/ubuntu/dioris-audit-repo/src/modules/planner/domains/catalog/library.admin.functions.ts:208:36 createServerFn().inputValidator() is deprecated. Use createServerFn().validator() instead.
[plugin tanstack-start-core::server-fn:client] /home/ubuntu/dioris-audit-repo/src/modules/planner/domains/catalog/library.admin.functions.ts:232:36 createServerFn().inputValidator() is deprecated. Use createServerFn().validator() instead.
[plugin tanstack-start-core::server-fn:client] /home/ubuntu/dioris-audit-repo/src/modules/planner/domains/catalog/library.admin.functions.ts:251:36 createServerFn().inputValidator() is deprecated. Use createServerFn().validator() instead.
[plugin tanstack-start-core::server-fn:client] /home/ubuntu/dioris-audit-repo/src/modules/planner/domains/catalog/library.admin.functions.ts:301:37 createServerFn().inputValidator() is deprecated. Use createServerFn().validator() instead.
[plugin tanstack-start-core::server-fn:client] /home/ubuntu/dioris-audit-repo/src/modules/planner/domains/catalog/library.admin.functions.ts:427:39 createServerFn().inputValidator() is deprecated. Use createServerFn().validator() instead.
[plugin tanstack-start-core::server-fn:client] /home/ubuntu/dioris-audit-repo/src/lib/admin-blog.functions.ts:100:36 createServerFn().inputValidator() is deprecated. Use createServerFn().validator() instead.
[plugin tanstack-start-core::server-fn:client] /home/ubuntu/dioris-audit-repo/src/lib/admin-blog.functions.ts:158:36 createServerFn().inputValidator() is deprecated. Use createServerFn().validator() instead.
[plugin tanstack-start-core::server-fn:client] /home/ubuntu/dioris-audit-repo/src/lib/planner-quotes.functions.ts:87:27 createServerFn().inputValidator() is deprecated. Use createServerFn().validator() instead.
[plugin tanstack-start-core::server-fn:client] /home/ubuntu/dioris-audit-repo/src/lib/planner-quotes.functions.ts:112:25 createServerFn().inputValidator() is deprecated. Use createServerFn().validator() instead.
[plugin tanstack-start-core::server-fn:client] /home/ubuntu/dioris-audit-repo/src/lib/planner-quotes.functions.ts:206:28 createServerFn().inputValidator() is deprecated. Use createServerFn().validator() instead.
[plugin tanstack-start-core::server-fn:client] /home/ubuntu/dioris-audit-repo/src/lib/planner-quotes.functions.ts:276:28 createServerFn().inputValidator() is deprecated. Use createServerFn().validator() instead.
[plugin tanstack-start-core::server-fn:client] /home/ubuntu/dioris-audit-repo/src/lib/planner-quotes.functions.ts:353:31 createServerFn().inputValidator() is deprecated. Use createServerFn().validator() instead.
[plugin tanstack-start-core::server-fn:client] /home/ubuntu/dioris-audit-repo/src/lib/planner-quotes.functions.ts:376:28 createServerFn().inputValidator() is deprecated. Use createServerFn().validator() instead.
[plugin tanstack-start-core::server-fn:client] /home/ubuntu/dioris-audit-repo/src/lib/planner-quotes.functions.ts:391:38 createServerFn().inputValidator() is deprecated. Use createServerFn().validator() instead.
[plugin tanstack-start-core::server-fn:client] /home/ubuntu/dioris-audit-repo/src/lib/admin-billing.functions.ts:86:38 createServerFn().inputValidator() is deprecated. Use createServerFn().validator() instead.
[plugin tanstack-start-core::server-fn:client] /home/ubuntu/dioris-audit-repo/src/lib/planner-assets.functions.ts:28:33 createServerFn().inputValidator() is deprecated. Use createServerFn().validator() instead.
[plugin tanstack-start-core::server-fn:client] /home/ubuntu/dioris-audit-repo/src/lib/planner-assets.functions.ts:45:34 createServerFn().inputValidator() is deprecated. Use createServerFn().validator() instead.
[plugin tanstack-start-core::server-fn:client] /home/ubuntu/dioris-audit-repo/src/lib/planner-assets.functions.ts:96:27 createServerFn().inputValidator() is deprecated. Use createServerFn().validator() instead.
[plugin tanstack-start-core::server-fn:client] /home/ubuntu/dioris-audit-repo/src/lib/planner-assets.functions.ts:120:25 createServerFn().inputValidator() is deprecated. Use createServerFn().validator() instead.
[plugin tanstack-start-core::server-fn:client] /home/ubuntu/dioris-audit-repo/src/lib/planner-assets.functions.ts:174:33 createServerFn().inputValidator() is deprecated. Use createServerFn().validator() instead.
[plugin tanstack-start-core::server-fn:client] /home/ubuntu/dioris-audit-repo/src/lib/planner-assets.functions.ts:243:36 createServerFn().inputValidator() is deprecated. Use createServerFn().validator() instead.
[plugin tanstack-start-core::server-fn:client] /home/ubuntu/dioris-audit-repo/src/lib/planner-assets.functions.ts:302:32 createServerFn().inputValidator() is deprecated. Use createServerFn().validator() instead.
[plugin tanstack-start-core::server-fn:client] /home/ubuntu/dioris-audit-repo/src/lib/planner-assets.functions.ts:335:34 createServerFn().inputValidator() is deprecated. Use createServerFn().validator() instead.
[plugin tanstack-start-core::server-fn:client] /home/ubuntu/dioris-audit-repo/src/lib/planner-assets.functions.ts:391:35 createServerFn().inputValidator() is deprecated. Use createServerFn().validator() instead.
[plugin tanstack-start-core::server-fn:client] /home/ubuntu/dioris-audit-repo/src/lib/planner-assets.functions.ts:425:32 createServerFn().inputValidator() is deprecated. Use createServerFn().validator() instead.
[plugin tanstack-start-core::server-fn:client] /home/ubuntu/dioris-audit-repo/src/lib/planner-assets.functions.ts:445:29 createServerFn().inputValidator() is deprecated. Use createServerFn().validator() instead.
[plugin tanstack-start-core::server-fn:client] /home/ubuntu/dioris-audit-repo/src/lib/planner-assets.functions.ts:491:34 createServerFn().inputValidator() is deprecated. Use createServerFn().validator() instead.
[plugin tanstack-start-core::server-fn:client] /home/ubuntu/dioris-audit-repo/src/core/ai/ai.functions.ts:62:31 createServerFn().inputValidator() is deprecated. Use createServerFn().validator() instead.
[plugin tanstack-start-core::server-fn:client] /home/ubuntu/dioris-audit-repo/src/core/ai/ai.functions.ts:89:31 createServerFn().inputValidator() is deprecated. Use createServerFn().validator() instead.
[plugin tanstack-start-core::server-fn:client] /home/ubuntu/dioris-audit-repo/src/core/ai/ai.functions.ts:116:36 createServerFn().inputValidator() is deprecated. Use createServerFn().validator() instead.
[plugin tanstack-start-core::server-fn:client] /home/ubuntu/dioris-audit-repo/src/lib/planner-production.functions.ts:71:37 createServerFn().inputValidator() is deprecated. Use createServerFn().validator() instead.
[plugin tanstack-start-core::server-fn:client] /home/ubuntu/dioris-audit-repo/src/lib/planner-production.functions.ts:97:35 createServerFn().inputValidator() is deprecated. Use createServerFn().validator() instead.
[plugin tanstack-start-core::server-fn:client] /home/ubuntu/dioris-audit-repo/src/lib/planner-production.functions.ts:185:38 createServerFn().inputValidator() is deprecated. Use createServerFn().validator() instead.
[plugin tanstack-start-core::server-fn:client] /home/ubuntu/dioris-audit-repo/src/lib/planner-production.functions.ts:273:41 createServerFn().inputValidator() is deprecated. Use createServerFn().validator() instead.
[plugin tanstack-start-core::server-fn:client] /home/ubuntu/dioris-audit-repo/src/lib/planner-production.functions.ts:306:43 createServerFn().inputValidator() is deprecated. Use createServerFn().validator() instead.
[plugin tanstack-start-core::server-fn:client] /home/ubuntu/dioris-audit-repo/src/lib/planner-production.functions.ts:327:31 createServerFn().inputValidator() is deprecated. Use createServerFn().validator() instead.
[plugin tanstack-start-core::server-fn:client] /home/ubuntu/dioris-audit-repo/src/lib/planner-production.functions.ts:378:38 createServerFn().inputValidator() is deprecated. Use createServerFn().validator() instead.
[plugin tanstack-start-core::server-fn:client] /home/ubuntu/dioris-audit-repo/src/lib/planner-production.functions.ts:420:28 createServerFn().inputValidator() is deprecated. Use createServerFn().validator() instead.
[plugin tanstack-start-core::server-fn:client] /home/ubuntu/dioris-audit-repo/src/lib/planner-render.functions.ts:77:31 createServerFn().inputValidator() is deprecated. Use createServerFn().validator() instead.
[plugin tanstack-start-core::server-fn:client] /home/ubuntu/dioris-audit-repo/src/lib/planner-render.functions.ts:99:29 createServerFn().inputValidator() is deprecated. Use createServerFn().validator() instead.
[plugin tanstack-start-core::server-fn:client] /home/ubuntu/dioris-audit-repo/src/lib/planner-render.functions.ts:165:33 createServerFn().inputValidator() is deprecated. Use createServerFn().validator() instead.
[plugin tanstack-start-core::server-fn:client] /home/ubuntu/dioris-audit-repo/src/lib/planner-render.functions.ts:248:32 createServerFn().inputValidator() is deprecated. Use createServerFn().validator() instead.
[plugin tanstack-start-core::server-fn:client] /home/ubuntu/dioris-audit-repo/src/lib/planner-render.functions.ts:264:32 createServerFn().inputValidator() is deprecated. Use createServerFn().validator() instead.
[plugin tanstack-start-core::server-fn:client] /home/ubuntu/dioris-audit-repo/src/lib/planner-render.functions.ts:279:34 createServerFn().inputValidator() is deprecated. Use createServerFn().validator() instead.
[plugin tanstack-start-core::server-fn:client] /home/ubuntu/dioris-audit-repo/src/lib/planner-render.functions.ts:341:37 createServerFn().inputValidator() is deprecated. Use createServerFn().validator() instead.
[plugin tanstack-start-core::server-fn:client] /home/ubuntu/dioris-audit-repo/src/lib/planner-ai.functions.ts:74:31 createServerFn().inputValidator() is deprecated. Use createServerFn().validator() instead.
[plugin tanstack-start-core::server-fn:client] /home/ubuntu/dioris-audit-repo/src/lib/planner-ai.functions.ts:99:32 createServerFn().inputValidator() is deprecated. Use createServerFn().validator() instead.
[plugin tanstack-start-core::server-fn:client] /home/ubuntu/dioris-audit-repo/src/lib/planner-ai.functions.ts:152:29 createServerFn().inputValidator() is deprecated. Use createServerFn().validator() instead.
[plugin tanstack-start-core::server-fn:client] /home/ubuntu/dioris-audit-repo/src/lib/planner-ai.functions.ts:220:32 createServerFn().inputValidator() is deprecated. Use createServerFn().validator() instead.
[plugin tanstack-start-core::server-fn:client] /home/ubuntu/dioris-audit-repo/src/lib/planner-ai.functions.ts:238:32 createServerFn().inputValidator() is deprecated. Use createServerFn().validator() instead.
[plugin tanstack-start-core::server-fn:client] /home/ubuntu/dioris-audit-repo/src/lib/planner-ai.functions.ts:266:32 createServerFn().inputValidator() is deprecated. Use createServerFn().validator() instead.
[plugin tanstack-start-core::server-fn:client] /home/ubuntu/dioris-audit-repo/src/lib/planner-ai.functions.ts:368:33 createServerFn().inputValidator() is deprecated. Use createServerFn().validator() instead.
[plugin tanstack-start-core::server-fn:client] /home/ubuntu/dioris-audit-repo/src/lib/planner-ai.functions.ts:430:29 createServerFn().inputValidator() is deprecated. Use createServerFn().validator() instead.
[plugin tanstack-start-core::server-fn:client] /home/ubuntu/dioris-audit-repo/src/lib/planner-ai.functions.ts:454:31 createServerFn().inputValidator() is deprecated. Use createServerFn().validator() instead.
[plugin tanstack-start-core::server-fn:client] /home/ubuntu/dioris-audit-repo/src/lib/planner-ai.functions.ts:478:31 createServerFn().inputValidator() is deprecated. Use createServerFn().validator() instead.
[plugin tanstack-start-core::server-fn:client] /home/ubuntu/dioris-audit-repo/src/lib/planner-ai.functions.ts:493:29 createServerFn().inputValidator() is deprecated. Use createServerFn().validator() instead.
[plugin tanstack-start-core::server-fn:client] /home/ubuntu/dioris-audit-repo/src/lib/planner-materials.functions.ts:53:37 createServerFn().inputValidator() is deprecated. Use createServerFn().validator() instead.
[plugin tanstack-start-core::server-fn:client] /home/ubuntu/dioris-audit-repo/src/lib/planner-materials.functions.ts:115:43 createServerFn().inputValidator() is deprecated. Use createServerFn().validator() instead.
[plugin tanstack-start-core::server-fn:client] /home/ubuntu/dioris-audit-repo/src/lib/planner-materials.functions.ts:146:43 createServerFn().inputValidator() is deprecated. Use createServerFn().validator() instead.
[plugin tanstack-start-core::server-fn:client] /home/ubuntu/dioris-audit-repo/src/lib/planner-snapshots.functions.ts:47:36 createServerFn().inputValidator() is deprecated. Use createServerFn().validator() instead.
[plugin tanstack-start-core::server-fn:client] /home/ubuntu/dioris-audit-repo/src/lib/planner-snapshots.functions.ts:75:36 createServerFn().inputValidator() is deprecated. Use createServerFn().validator() instead.
[plugin tanstack-start-core::server-fn:client] /home/ubuntu/dioris-audit-repo/src/lib/planner-snapshots.functions.ts:132:36 createServerFn().inputValidator() is deprecated. Use createServerFn().validator() instead.
[plugin tanstack-start-core::server-fn:client] /home/ubuntu/dioris-audit-repo/src/lib/planner-snapshots.functions.ts:162:37 createServerFn().inputValidator() is deprecated. Use createServerFn().validator() instead.
[plugin tanstack-start-core::server-fn:client] /home/ubuntu/dioris-audit-repo/src/lib/planner-snapshots.functions.ts:210:35 createServerFn().inputValidator() is deprecated. Use createServerFn().validator() instead.
[plugin tanstack-start-core::server-fn:client] /home/ubuntu/dioris-audit-repo/src/core/api-gateway/api-gateway.functions.ts:166:29 createServerFn().inputValidator() is deprecated. Use createServerFn().validator() instead.
[plugin tanstack-start-core::server-fn:client] /home/ubuntu/dioris-audit-repo/src/core/api-gateway/api-gateway.functions.ts:192:29 createServerFn().inputValidator() is deprecated. Use createServerFn().validator() instead.
[plugin tanstack-start-core::server-fn:client] /home/ubuntu/dioris-audit-repo/src/core/api-gateway/api-gateway.functions.ts:204:29 createServerFn().inputValidator() is deprecated. Use createServerFn().validator() instead.
[plugin tanstack-start-core::server-fn:client] /home/ubuntu/dioris-audit-repo/src/core/api-gateway/api-gateway.functions.ts:230:35 createServerFn().inputValidator() is deprecated. Use createServerFn().validator() instead.
[plugin tanstack-start-core::server-fn:client] /home/ubuntu/dioris-audit-repo/src/core/api-gateway/api-gateway.functions.ts:257:31 createServerFn().inputValidator() is deprecated. Use createServerFn().validator() instead.
[plugin tanstack-start-core::server-fn:client] /home/ubuntu/dioris-audit-repo/src/core/api-gateway/api-gateway.functions.ts:297:36 createServerFn().inputValidator() is deprecated. Use createServerFn().validator() instead.
[plugin tanstack-start-core::server-fn:client] /home/ubuntu/dioris-audit-repo/src/core/api-gateway/api-gateway.functions.ts:330:33 createServerFn().inputValidator() is deprecated. Use createServerFn().validator() instead.
[plugin tanstack-start-core::server-fn:client] /home/ubuntu/dioris-audit-repo/src/core/api-gateway/api-gateway.functions.ts:361:33 createServerFn().inputValidator() is deprecated. Use createServerFn().validator() instead.
[plugin tanstack-start-core::server-fn:client] /home/ubuntu/dioris-audit-repo/src/core/api-gateway/api-gateway.functions.ts:373:33 createServerFn().inputValidator() is deprecated. Use createServerFn().validator() instead.
[plugin tanstack-start-core::server-fn:client] /home/ubuntu/dioris-audit-repo/src/core/security/security.functions.ts:111:37 createServerFn().inputValidator() is deprecated. Use createServerFn().validator() instead.
[plugin tanstack-start-core::server-fn:client] /home/ubuntu/dioris-audit-repo/src/core/security/security.functions.ts:153:38 createServerFn().inputValidator() is deprecated. Use createServerFn().validator() instead.
[plugin tanstack-start-core::server-fn:client] /home/ubuntu/dioris-audit-repo/src/core/security/security.functions.ts:175:37 createServerFn().inputValidator() is deprecated. Use createServerFn().validator() instead.
[plugin tanstack-start-core::server-fn:client] /home/ubuntu/dioris-audit-repo/src/core/security/security.functions.ts:199:39 createServerFn().inputValidator() is deprecated. Use createServerFn().validator() instead.
[plugin tanstack-start-core::server-fn:client] /home/ubuntu/dioris-audit-repo/src/core/security/security.functions.ts:224:34 createServerFn().inputValidator() is deprecated. Use createServerFn().validator() instead.
[plugin tanstack-start-core::server-fn:client] /home/ubuntu/dioris-audit-repo/src/core/security/security.functions.ts:260:34 createServerFn().inputValidator() is deprecated. Use createServerFn().validator() instead.
[plugin tanstack-start-core::server-fn:client] /home/ubuntu/dioris-audit-repo/src/core/security/security.functions.ts:286:34 createServerFn().inputValidator() is deprecated. Use createServerFn().validator() instead.
[plugin tanstack-start-core::server-fn:client] /home/ubuntu/dioris-audit-repo/src/core/security/security.functions.ts:314:39 createServerFn().inputValidator() is deprecated. Use createServerFn().validator() instead.
[plugin tanstack-start-core::server-fn:client] /home/ubuntu/dioris-audit-repo/src/core/security/security.functions.ts:341:39 createServerFn().inputValidator() is deprecated. Use createServerFn().validator() instead.
[plugin tanstack-start-core::server-fn:client] /home/ubuntu/dioris-audit-repo/src/core/jobs/job.functions.ts:282:27 createServerFn().inputValidator() is deprecated. Use createServerFn().validator() instead.
[plugin tanstack-start-core::server-fn:client] /home/ubuntu/dioris-audit-repo/src/core/jobs/job.functions.ts:292:26 createServerFn().inputValidator() is deprecated. Use createServerFn().validator() instead.
[plugin tanstack-start-core::server-fn:client] /home/ubuntu/dioris-audit-repo/src/core/jobs/job.functions.ts:300:25 createServerFn().inputValidator() is deprecated. Use createServerFn().validator() instead.
[plugin tanstack-start-core::server-fn:client] /home/ubuntu/dioris-audit-repo/src/core/jobs/job.functions.ts:308:26 createServerFn().inputValidator() is deprecated. Use createServerFn().validator() instead.
[plugin tanstack-start-core::server-fn:client] /home/ubuntu/dioris-audit-repo/src/core/jobs/job.functions.ts:323:28 createServerFn().inputValidator() is deprecated. Use createServerFn().validator() instead.
[plugin tanstack-start-core::server-fn:client] /home/ubuntu/dioris-audit-repo/src/core/jobs/job.functions.ts:355:27 createServerFn().inputValidator() is deprecated. Use createServerFn().validator() instead.
[plugin tanstack-start-core::server-fn:client] /home/ubuntu/dioris-audit-repo/src/core/jobs/job.functions.ts:382:27 createServerFn().inputValidator() is deprecated. Use createServerFn().validator() instead.
[plugin tanstack-start-core::server-fn:client] /home/ubuntu/dioris-audit-repo/src/core/jobs/job.functions.ts:401:34 createServerFn().inputValidator() is deprecated. Use createServerFn().validator() instead.
[plugin tanstack-start-core::server-fn:client] /home/ubuntu/dioris-audit-repo/src/core/jobs/job.functions.ts:409:27 createServerFn().inputValidator() is deprecated. Use createServerFn().validator() instead.
[plugin tanstack-start-core::server-fn:client] /home/ubuntu/dioris-audit-repo/src/core/quality/quality.functions.ts:104:35 createServerFn().inputValidator() is deprecated. Use createServerFn().validator() instead.
[plugin tanstack-start-core::server-fn:client] /home/ubuntu/dioris-audit-repo/src/core/quality/quality.functions.ts:140:35 createServerFn().inputValidator() is deprecated. Use createServerFn().validator() instead.
[plugin tanstack-start-core::server-fn:client] /home/ubuntu/dioris-audit-repo/src/core/quality/quality.functions.ts:174:33 createServerFn().inputValidator() is deprecated. Use createServerFn().validator() instead.
[plugin tanstack-start-core::server-fn:client] /home/ubuntu/dioris-audit-repo/src/core/quality/quality.functions.ts:201:38 createServerFn().inputValidator() is deprecated. Use createServerFn().validator() instead.
[plugin tanstack-start-core::server-fn:client] /home/ubuntu/dioris-audit-repo/src/core/quality/quality.functions.ts:250:34 createServerFn().inputValidator() is deprecated. Use createServerFn().validator() instead.
[plugin tanstack-start-core::server-fn:client] /home/ubuntu/dioris-audit-repo/src/core/quality/quality.functions.ts:284:34 createServerFn().inputValidator() is deprecated. Use createServerFn().validator() instead.
[plugin tanstack-start-core::server-fn:client] /home/ubuntu/dioris-audit-repo/src/core/cicd/cicd.functions.ts:112:38 createServerFn().inputValidator() is deprecated. Use createServerFn().validator() instead.
[plugin tanstack-start-core::server-fn:client] /home/ubuntu/dioris-audit-repo/src/core/cicd/cicd.functions.ts:144:38 createServerFn().inputValidator() is deprecated. Use createServerFn().validator() instead.
[plugin tanstack-start-core::server-fn:client] /home/ubuntu/dioris-audit-repo/src/core/cicd/cicd.functions.ts:200:35 createServerFn().inputValidator() is deprecated. Use createServerFn().validator() instead.
[plugin tanstack-start-core::server-fn:client] /home/ubuntu/dioris-audit-repo/src/core/cicd/cicd.functions.ts:233:35 createServerFn().inputValidator() is deprecated. Use createServerFn().validator() instead.
[plugin tanstack-start-core::server-fn:client] /home/ubuntu/dioris-audit-repo/src/core/cicd/cicd.functions.ts:262:32 createServerFn().inputValidator() is deprecated. Use createServerFn().validator() instead.
[plugin tanstack-start-core::server-fn:client] /home/ubuntu/dioris-audit-repo/src/core/cicd/cicd.functions.ts:304:33 createServerFn().inputValidator() is deprecated. Use createServerFn().validator() instead.
[plugin tanstack-start-core::server-fn:client] /home/ubuntu/dioris-audit-repo/src/core/cicd/cicd.functions.ts:331:35 createServerFn().inputValidator() is deprecated. Use createServerFn().validator() instead.
[plugin tanstack-start-core::server-fn:client] /home/ubuntu/dioris-audit-repo/src/core/cicd/cicd.functions.ts:349:34 createServerFn().inputValidator() is deprecated. Use createServerFn().validator() instead.
[plugin tanstack-start-core::server-fn:client] /home/ubuntu/dioris-audit-repo/src/core/cicd/cicd.functions.ts:381:34 createServerFn().inputValidator() is deprecated. Use createServerFn().validator() instead.
[plugin tanstack-start-core::server-fn:client] /home/ubuntu/dioris-audit-repo/src/core/cicd/cicd.functions.ts:404:35 createServerFn().inputValidator() is deprecated. Use createServerFn().validator() instead.
[plugin tanstack-start-core::server-fn:client] /home/ubuntu/dioris-audit-repo/src/core/cicd/cicd.functions.ts:433:35 createServerFn().inputValidator() is deprecated. Use createServerFn().validator() instead.
[plugin tanstack-start-core::server-fn:client] /home/ubuntu/dioris-audit-repo/src/core/sdk/plugin-functions.ts:181:30 createServerFn().inputValidator() is deprecated. Use createServerFn().validator() instead.
[plugin tanstack-start-core::server-fn:client] /home/ubuntu/dioris-audit-repo/src/core/sdk/plugin-functions.ts:212:29 createServerFn().inputValidator() is deprecated. Use createServerFn().validator() instead.
[plugin tanstack-start-core::server-fn:client] /home/ubuntu/dioris-audit-repo/src/core/sdk/plugin-functions.ts:220:30 createServerFn().inputValidator() is deprecated. Use createServerFn().validator() instead.
[plugin tanstack-start-core::server-fn:client] /home/ubuntu/dioris-audit-repo/src/core/sdk/plugin-functions.ts:228:32 createServerFn().inputValidator() is deprecated. Use createServerFn().validator() instead.
[plugin tanstack-start-core::server-fn:client] /home/ubuntu/dioris-audit-repo/src/core/sdk/plugin-functions.ts:243:35 createServerFn().inputValidator() is deprecated. Use createServerFn().validator() instead.
[plugin tanstack-start-core::server-fn:client] /home/ubuntu/dioris-audit-repo/src/core/sdk/plugin-functions.ts:293:26 createServerFn().inputValidator() is deprecated. Use createServerFn().validator() instead.
[plugin tanstack-start-core::server-fn:client] /home/ubuntu/dioris-audit-repo/src/core/configuration/configuration.functions.ts:43:38 createServerFn().inputValidator() is deprecated. Use createServerFn().validator() instead.
[plugin tanstack-start-core::server-fn:client] /home/ubuntu/dioris-audit-repo/src/core/configuration/configuration.functions.ts:97:27 createServerFn().inputValidator() is deprecated. Use createServerFn().validator() instead.
[plugin tanstack-start-core::server-fn:client] /home/ubuntu/dioris-audit-repo/src/core/configuration/configuration.functions.ts:128:27 createServerFn().inputValidator() is deprecated. Use createServerFn().validator() instead.
[plugin tanstack-start-core::server-fn:client] /home/ubuntu/dioris-audit-repo/src/core/configuration/configuration.functions.ts:161:34 createServerFn().inputValidator() is deprecated. Use createServerFn().validator() instead.
[plugin tanstack-start-core::server-fn:client] /home/ubuntu/dioris-audit-repo/src/core/configuration/configuration.functions.ts:187:32 createServerFn().inputValidator() is deprecated. Use createServerFn().validator() instead.
[plugin tanstack-start-core::server-fn:client] /home/ubuntu/dioris-audit-repo/src/core/configuration/configuration.functions.ts:215:31 createServerFn().inputValidator() is deprecated. Use createServerFn().validator() instead.
[plugin tanstack-start-core::server-fn:client] /home/ubuntu/dioris-audit-repo/src/core/configuration/configuration.functions.ts:258:35 createServerFn().inputValidator() is deprecated. Use createServerFn().validator() instead.
[plugin tanstack-start-core::server-fn:client] /home/ubuntu/dioris-audit-repo/src/core/configuration/configuration.functions.ts:297:31 createServerFn().inputValidator() is deprecated. Use createServerFn().validator() instead.
[plugin tanstack-start-core::server-fn:client] /home/ubuntu/dioris-audit-repo/src/core/configuration/configuration.functions.ts:346:29 createServerFn().inputValidator() is deprecated. Use createServerFn().validator() instead.
[plugin tanstack-start-core::server-fn:client] /home/ubuntu/dioris-audit-repo/src/core/configuration/configuration.functions.ts:387:29 createServerFn().inputValidator() is deprecated. Use createServerFn().validator() instead.
[plugin tanstack-start-core::server-fn:client] /home/ubuntu/dioris-audit-repo/src/core/configuration/configuration.functions.ts:424:29 createServerFn().inputValidator() is deprecated. Use createServerFn().validator() instead.
[plugin tanstack-start-core::server-fn:client] /home/ubuntu/dioris-audit-repo/src/core/configuration/configuration.functions.ts:489:36 createServerFn().inputValidator() is deprecated. Use createServerFn().validator() instead.
[plugin tanstack-start-core::server-fn:client] /home/ubuntu/dioris-audit-repo/src/core/notifications/notifications.functions.ts:70:38 createServerFn().inputValidator() is deprecated. Use createServerFn().validator() instead.
[plugin tanstack-start-core::server-fn:client] /home/ubuntu/dioris-audit-repo/src/core/notifications/notifications.functions.ts:87:37 createServerFn().inputValidator() is deprecated. Use createServerFn().validator() instead.
[plugin tanstack-start-core::server-fn:client] /home/ubuntu/dioris-audit-repo/src/core/notifications/notifications.functions.ts:96:40 createServerFn().inputValidator() is deprecated. Use createServerFn().validator() instead.
[plugin tanstack-start-core::server-fn:client] /home/ubuntu/dioris-audit-repo/src/core/recovery/recovery.functions.ts:119:37 createServerFn().inputValidator() is deprecated. Use createServerFn().validator() instead.
[plugin tanstack-start-core::server-fn:client] /home/ubuntu/dioris-audit-repo/src/core/recovery/recovery.functions.ts:153:37 createServerFn().inputValidator() is deprecated. Use createServerFn().validator() instead.
[plugin tanstack-start-core::server-fn:client] /home/ubuntu/dioris-audit-repo/src/core/recovery/recovery.functions.ts:175:39 createServerFn().inputValidator() is deprecated. Use createServerFn().validator() instead.
[plugin tanstack-start-core::server-fn:client] /home/ubuntu/dioris-audit-repo/src/core/recovery/recovery.functions.ts:202:39 createServerFn().inputValidator() is deprecated. Use createServerFn().validator() instead.
[plugin tanstack-start-core::server-fn:client] /home/ubuntu/dioris-audit-repo/src/core/recovery/recovery.functions.ts:244:37 createServerFn().inputValidator() is deprecated. Use createServerFn().validator() instead.
[plugin tanstack-start-core::server-fn:client] /home/ubuntu/dioris-audit-repo/src/core/recovery/recovery.functions.ts:291:39 createServerFn().inputValidator() is deprecated. Use createServerFn().validator() instead.
[plugin tanstack-start-core::server-fn:client] /home/ubuntu/dioris-audit-repo/src/core/recovery/recovery.functions.ts:324:35 createServerFn().inputValidator() is deprecated. Use createServerFn().validator() instead.
[plugin tanstack-start-core::server-fn:client] /home/ubuntu/dioris-audit-repo/src/core/recovery/recovery.functions.ts:342:40 createServerFn().inputValidator() is deprecated. Use createServerFn().validator() instead.
[plugin tanstack-start-core::server-fn:client] /home/ubuntu/dioris-audit-repo/src/core/recovery/recovery.functions.ts:391:35 createServerFn().inputValidator() is deprecated. Use createServerFn().validator() instead.
[plugin tanstack-start-core::server-fn:client] /home/ubuntu/dioris-audit-repo/src/core/recovery/recovery.functions.ts:425:35 createServerFn().inputValidator() is deprecated. Use createServerFn().validator() instead.
[plugin tanstack-start-core::server-fn:client] /home/ubuntu/dioris-audit-repo/src/core/recovery/recovery.functions.ts:438:34 createServerFn().inputValidator() is deprecated. Use createServerFn().validator() instead.
[plugin tanstack-start-core::server-fn:client] /home/ubuntu/dioris-audit-repo/src/core/observability/observability.functions.ts:18:25 createServerFn().inputValidator() is deprecated. Use createServerFn().validator() instead.
[plugin tanstack-start-core::server-fn:client] /home/ubuntu/dioris-audit-repo/src/core/observability/observability.functions.ts:46:27 createServerFn().inputValidator() is deprecated. Use createServerFn().validator() instead.
[plugin tanstack-start-core::server-fn:client] /home/ubuntu/dioris-audit-repo/src/core/observability/observability.functions.ts:70:26 createServerFn().inputValidator() is deprecated. Use createServerFn().validator() instead.
[plugin tanstack-start-core::server-fn:client] /home/ubuntu/dioris-audit-repo/src/core/observability/observability.functions.ts:181:29 createServerFn().inputValidator() is deprecated. Use createServerFn().validator() instead.
[plugin tanstack-start-core::server-fn:client] /home/ubuntu/dioris-audit-repo/src/core/observability/observability.functions.ts:221:36 createServerFn().inputValidator() is deprecated. Use createServerFn().validator() instead.
[plugin tanstack-start-core::server-fn:client] /home/ubuntu/dioris-audit-repo/src/core/assets/assets.functions.ts:25:35 createServerFn().inputValidator() is deprecated. Use createServerFn().validator() instead.
[plugin tanstack-start-core::server-fn:client] /home/ubuntu/dioris-audit-repo/src/core/assets/assets.functions.ts:38:37 createServerFn().inputValidator() is deprecated. Use createServerFn().validator() instead.
[plugin tanstack-start-core::server-fn:client] /home/ubuntu/dioris-audit-repo/src/core/assets/assets.functions.ts:46:35 createServerFn().inputValidator() is deprecated. Use createServerFn().validator() instead.
[plugin tanstack-start-core::server-fn:client] /home/ubuntu/dioris-audit-repo/src/core/assets/assets.functions.ts:70:33 createServerFn().inputValidator() is deprecated. Use createServerFn().validator() instead.
[plugin tanstack-start-core::server-fn:client] /home/ubuntu/dioris-audit-repo/src/core/assets/assets.functions.ts:79:30 createServerFn().inputValidator() is deprecated. Use createServerFn().validator() instead.
[plugin tanstack-start-core::server-fn:client] /home/ubuntu/dioris-audit-repo/src/core/assets/assets.functions.ts:88:33 createServerFn().inputValidator() is deprecated. Use createServerFn().validator() instead.
[plugin tanstack-start-core::server-fn:client] /home/ubuntu/dioris-audit-repo/src/core/assets/assets.functions.ts:103:27 createServerFn().inputValidator() is deprecated. Use createServerFn().validator() instead.
[plugin tanstack-start-core::server-fn:client] /home/ubuntu/dioris-audit-repo/src/core/events/events.functions.ts:24:30 createServerFn().inputValidator() is deprecated. Use createServerFn().validator() instead.
[plugin tanstack-start-core::server-fn:client] /home/ubuntu/dioris-audit-repo/src/core/events/events.functions.ts:49:27 createServerFn().inputValidator() is deprecated. Use createServerFn().validator() instead.
[plugin tanstack-start-core::server-fn:client] /home/ubuntu/dioris-audit-repo/src/core/events/events.functions.ts:112:37 createServerFn().inputValidator() is deprecated. Use createServerFn().validator() instead.
[plugin tanstack-start-core::server-fn:client] /home/ubuntu/dioris-audit-repo/src/core/cache/cache.functions.ts:176:37 createServerFn().inputValidator() is deprecated. Use createServerFn().validator() instead.
[plugin tanstack-start-core::server-fn:client] /home/ubuntu/dioris-audit-repo/src/core/cache/cache.functions.ts:209:37 createServerFn().inputValidator() is deprecated. Use createServerFn().validator() instead.
[plugin tanstack-start-core::server-fn:client] /home/ubuntu/dioris-audit-repo/src/core/cache/cache.functions.ts:234:30 createServerFn().inputValidator() is deprecated. Use createServerFn().validator() instead.
[plugin tanstack-start-core::server-fn:client] /home/ubuntu/dioris-audit-repo/src/core/cache/cache.functions.ts:255:33 createServerFn().inputValidator() is deprecated. Use createServerFn().validator() instead.
[plugin tanstack-start-core::server-fn:client] /home/ubuntu/dioris-audit-repo/src/core/cache/cache.functions.ts:274:32 createServerFn().inputValidator() is deprecated. Use createServerFn().validator() instead.
[plugin tanstack-start-core::server-fn:client] /home/ubuntu/dioris-audit-repo/src/core/cache/cache.functions.ts:319:28 createServerFn().inputValidator() is deprecated. Use createServerFn().validator() instead.
[plugin tanstack-start-core::server-fn:client] /home/ubuntu/dioris-audit-repo/src/core/integrations/integrations.functions.ts:125:34 createServerFn().inputValidator() is deprecated. Use createServerFn().validator() instead.
[plugin tanstack-start-core::server-fn:client] /home/ubuntu/dioris-audit-repo/src/core/integrations/integrations.functions.ts:151:34 createServerFn().inputValidator() is deprecated. Use createServerFn().validator() instead.
[plugin tanstack-start-core::server-fn:client] /home/ubuntu/dioris-audit-repo/src/core/integrations/integrations.functions.ts:261:32 createServerFn().inputValidator() is deprecated. Use createServerFn().validator() instead.
[plugin tanstack-start-core::server-fn:client] /home/ubuntu/dioris-audit-repo/src/core/integrations/integrations.functions.ts:291:32 createServerFn().inputValidator() is deprecated. Use createServerFn().validator() instead.
[plugin tanstack-start-core::server-fn:client] /home/ubuntu/dioris-audit-repo/src/core/integrations/integrations.functions.ts:311:30 createServerFn().inputValidator() is deprecated. Use createServerFn().validator() instead.
[plugin tanstack-start-core::server-fn:client] /home/ubuntu/dioris-audit-repo/src/core/integrations/integrations.functions.ts:324:35 createServerFn().inputValidator() is deprecated. Use createServerFn().validator() instead.
[plugin tanstack-start-core::server-fn:client] /home/ubuntu/dioris-audit-repo/src/core/billing/billing.functions.ts:149:31 createServerFn().inputValidator() is deprecated. Use createServerFn().validator() instead.
[plugin tanstack-start-core::server-fn:client] /home/ubuntu/dioris-audit-repo/src/lib/planner-catalog.functions.ts:60:37 createServerFn().inputValidator() is deprecated. Use createServerFn().validator() instead.
[plugin tanstack-start-core::server-fn:client] /home/ubuntu/dioris-audit-repo/src/lib/planner-catalog.functions.ts:116:36 createServerFn().inputValidator() is deprecated. Use createServerFn().validator() instead.
[32m✓[0m 3814 modules transformed.
rendering chunks...
computing gzip size...
[2m.output/public/[0m[2massets/[0m[32mdioris-logo-BTtMxKTr.png                                [0m[1;2m424.41 kB[0m
[2m.output/public/[0m[2massets/[0m[35mplanner-v2-CL_hYbha.css                                 [0m[1;2m126.10 kB[0m[2m │ gzip:  20.79 kB[0m
[2m.output/public/[0m[2massets/[0m[35mstyles-V3PZK8uP.css                                     [0m[1;2m196.64 kB[0m[2m │ gzip:  27.52 kB[0m
[2m.output/public/[0m[2massets/[0m[36m_authenticated.planner.index-DJ7LAi8J.js                [0m[1;2m  0.03 kB[0m[2m │ gzip:   0.05 kB[0m
[2m.output/public/[0m[2massets/[0m[36m_authenticated.planner.projetos.novo-DJ7LAi8J.js        [0m[1;2m  0.03 kB[0m[2m │ gzip:   0.05 kB[0m
[2m.output/public/[0m[2massets/[0m[36mdioris-logo-Vml4oOjH.js                                 [0m[1;2m  0.05 kB[0m[2m │ gzip:   0.07 kB[0m
[2m.output/public/[0m[2massets/[0m[36minvariant-DEEwAagU.js                                   [0m[1;2m  0.06 kB[0m[2m │ gzip:   0.08 kB[0m
[2m.output/public/[0m[2massets/[0m[36m_public-B_16IQCF.js                                     [0m[1;2m  0.07 kB[0m[2m │ gzip:   0.09 kB[0m
[2m.output/public/[0m[2massets/[0m[36mnot-found-i5RsCZif.js                                   [0m[1;2m  0.11 kB[0m[2m │ gzip:   0.11 kB[0m
[2m.output/public/[0m[2massets/[0m[36mcheck-BcH2fnlI.js                                       [0m[1;2m  0.12 kB[0m[2m │ gzip:   0.14 kB[0m
[2m.output/public/[0m[2massets/[0m[36mchevron-down-BFrOMcKd.js                                [0m[1;2m  0.12 kB[0m[2m │ gzip:   0.14 kB[0m
[2m.output/public/[0m[2massets/[0m[36mchevron-right-DKoprtRI.js                               [0m[1;2m  0.13 kB[0m[2m │ gzip:   0.14 kB[0m
[2m.output/public/[0m[2massets/[0m[36mmatchContext-CDWQjNQi.js                                [0m[1;2m  0.14 kB[0m[2m │ gzip:   0.12 kB[0m
[2m.output/public/[0m[2massets/[0m[36mloader-circle-BsIS5AAt.js                               [0m[1;2m  0.14 kB[0m[2m │ gzip:   0.15 kB[0m
[2m.output/public/[0m[2massets/[0m[36msquare-1hU6B5DL.js                                      [0m[1;2m  0.14 kB[0m[2m │ gzip:   0.15 kB[0m
[2m.output/public/[0m[2massets/[0m[36museRouter-pwcVhHDy.js                                   [0m[1;2m  0.15 kB[0m[2m │ gzip:   0.14 kB[0m
[2m.output/public/[0m[2massets/[0m[36mplus-BzbBYNLH.js                                        [0m[1;2m  0.15 kB[0m[2m │ gzip:   0.15 kB[0m
[2m.output/public/[0m[2massets/[0m[36mx-BQIdm6q6.js                                           [0m[1;2m  0.15 kB[0m[2m │ gzip:   0.15 kB[0m
[2m.output/public/[0m[2massets/[0m[36m_authenticated.planner.projetos-CrzRnOdr.js             [0m[1;2m  0.15 kB[0m[2m │ gzip:   0.14 kB[0m
[2m.output/public/[0m[2massets/[0m[36mdist-D8Wfxh48.js                                        [0m[1;2m  0.15 kB[0m[2m │ gzip:   0.15 kB[0m
[2m.output/public/[0m[2massets/[0m[36mcloud-COpDxeOf.js                                       [0m[1;2m  0.16 kB[0m[2m │ gzip:   0.16 kB[0m
[2m.output/public/[0m[2massets/[0m[36marrow-left-YlQFT-tb.js                                  [0m[1;2m  0.16 kB[0m[2m │ gzip:   0.16 kB[0m
[2m.output/public/[0m[2massets/[0m[36marrow-right-uVU8RSAS.js                                 [0m[1;2m  0.16 kB[0m[2m │ gzip:   0.16 kB[0m
[2m.output/public/[0m[2massets/[0m[36marrow-up-right-C6wWTgtk.js                              [0m[1;2m  0.16 kB[0m[2m │ gzip:   0.16 kB[0m
[2m.output/public/[0m[2massets/[0m[36mclock-CBe4-cB7.js                                       [0m[1;2m  0.16 kB[0m[2m │ gzip:   0.16 kB[0m
[2m.output/public/[0m[2massets/[0m[36msearch-CqBmvUpl.js                                      [0m[1;2m  0.17 kB[0m[2m │ gzip:   0.17 kB[0m
[2m.output/public/[0m[2massets/[0m[36museSuspenseQuery-TuKT8TXa.js                            [0m[1;2m  0.17 kB[0m[2m │ gzip:   0.16 kB[0m
[2m.output/public/[0m[2massets/[0m[36mtrending-up-H1ryQliY.js                                 [0m[1;2m  0.17 kB[0m[2m │ gzip:   0.17 kB[0m
[2m.output/public/[0m[2massets/[0m[36mgauge-D0fBUITz.js                                       [0m[1;2m  0.17 kB[0m[2m │ gzip:   0.17 kB[0m
[2m.output/public/[0m[2massets/[0m[36mcircle-check-BmTwJqiz.js                                [0m[1;2m  0.17 kB[0m[2m │ gzip:   0.17 kB[0m
[2m.output/public/[0m[2massets/[0m[36mmenu-hUYGTFez.js                                        [0m[1;2m  0.18 kB[0m[2m │ gzip:   0.15 kB[0m
[2m.output/public/[0m[2massets/[0m[36mplay-DTr7ZalE.js                                        [0m[1;2m  0.19 kB[0m[2m │ gzip:   0.18 kB[0m
[2m.output/public/[0m[2massets/[0m[36mbook-gAInkQyq.js                                        [0m[1;2m  0.19 kB[0m[2m │ gzip:   0.17 kB[0m
[2m.output/public/[0m[2massets/[0m[36muser-B2JA6ZxQ.js                                        [0m[1;2m  0.19 kB[0m[2m │ gzip:   0.18 kB[0m
[2m.output/public/[0m[2massets/[0m[36mrotate-ccw-BHWUNjE1.js                                  [0m[1;2m  0.20 kB[0m[2m │ gzip:   0.18 kB[0m
[2m.output/public/[0m[2massets/[0m[36mrotate-cw-DYQec9Ir.js                                   [0m[1;2m  0.20 kB[0m[2m │ gzip:   0.18 kB[0m
[2m.output/public/[0m[2massets/[0m[36minfo-DBcMv5mw.js                                        [0m[1;2m  0.20 kB[0m[2m │ gzip:   0.17 kB[0m
[2m.output/public/[0m[2massets/[0m[36mlock-BFcWWCBW.js                                        [0m[1;2m  0.20 kB[0m[2m │ gzip:   0.19 kB[0m
[2m.output/public/[0m[2massets/[0m[36mcircle-x-Bxh7sWsM.js                                    [0m[1;2m  0.20 kB[0m[2m │ gzip:   0.17 kB[0m
[2m.output/public/[0m[2massets/[0m[36mcredit-card-C5LuIp5_.js                                 [0m[1;2m  0.20 kB[0m[2m │ gzip:   0.18 kB[0m
[2m.output/public/[0m[2massets/[0m[36mcode-xml-54A_AxNV.js                                    [0m[1;2m  0.20 kB[0m[2m │ gzip:   0.17 kB[0m
[2m.output/public/[0m[2massets/[0m[36mundo-2-CykOqW-T.js                                      [0m[1;2m  0.20 kB[0m[2m │ gzip:   0.18 kB[0m
[2m.output/public/[0m[2massets/[0m[36mmail-B-Dt0Ipo.js                                        [0m[1;2m  0.21 kB[0m[2m │ gzip:   0.20 kB[0m
[2m.output/public/[0m[2massets/[0m[36mmusic-BiLDTuxN.js                                       [0m[1;2m  0.21 kB[0m[2m │ gzip:   0.18 kB[0m
[2m.output/public/[0m[2massets/[0m[36mskeleton-Cr5qUpKA.js                                    [0m[1;2m  0.22 kB[0m[2m │ gzip:   0.18 kB[0m
[2m.output/public/[0m[2massets/[0m[36mellipsis-Cunmygve.js                                    [0m[1;2m  0.22 kB[0m[2m │ gzip:   0.16 kB[0m
[2m.output/public/[0m[2massets/[0m[36mupload-DOatu6Dv.js                                      [0m[1;2m  0.23 kB[0m[2m │ gzip:   0.19 kB[0m
[2m.output/public/[0m[2massets/[0m[36mdownload-BkS_42hK.js                                    [0m[1;2m  0.23 kB[0m[2m │ gzip:   0.19 kB[0m
[2m.output/public/[0m[2massets/[0m[36mmessage-square-loco1pyj.js                              [0m[1;2m  0.23 kB[0m[2m │ gzip:   0.20 kB[0m
[2m.output/public/[0m[2massets/[0m[36mactivity-BHMayApP.js                                    [0m[1;2m  0.23 kB[0m[2m │ gzip:   0.20 kB[0m
[2m.output/public/[0m[2massets/[0m[36mcopy-D3A2o1Lw.js                                        [0m[1;2m  0.23 kB[0m[2m │ gzip:   0.21 kB[0m
[2m.output/public/[0m[2massets/[0m[36museRouterState-dAyCvK7c.js                              [0m[1;2m  0.23 kB[0m[2m │ gzip:   0.18 kB[0m
[2m.output/public/[0m[2massets/[0m[36mhistory-D0RkPoLs.js                                     [0m[1;2m  0.23 kB[0m[2m │ gzip:   0.19 kB[0m
[2m.output/public/[0m[2massets/[0m[36mglobe-IgcVK_cC.js                                       [0m[1;2m  0.24 kB[0m[2m │ gzip:   0.19 kB[0m
[2m.output/public/[0m[2massets/[0m[36mdatabase-DdpfpwfC.js                                    [0m[1;2m  0.24 kB[0m[2m │ gzip:   0.20 kB[0m
[2m.output/public/[0m[2massets/[0m[36mexternal-link-B4rNEBw5.js                               [0m[1;2m  0.25 kB[0m[2m │ gzip:   0.20 kB[0m
[2m.output/public/[0m[2massets/[0m[36msettings-2-DFaLrgBU.js                                  [0m[1;2m  0.25 kB[0m[2m │ gzip:   0.19 kB[0m
[2m.output/public/[0m[2massets/[0m[36marchive-CtpAK48Q.js                                     [0m[1;2m  0.25 kB[0m[2m │ gzip:   0.21 kB[0m
[2m.output/public/[0m[2massets/[0m[36meye-CCx4D1Tf.js                                         [0m[1;2m  0.25 kB[0m[2m │ gzip:   0.20 kB[0m
[2m.output/public/[0m[2massets/[0m[36mcalendar-liMhROgy.js                                    [0m[1;2m  0.25 kB[0m[2m │ gzip:   0.20 kB[0m
[2m.output/public/[0m[2massets/[0m[36mmap-pin-0WpgNX3A.js                                     [0m[1;2m  0.25 kB[0m[2m │ gzip:   0.22 kB[0m
[2m.output/public/[0m[2massets/[0m[36mmonitor-CH8SPJh0.js                                     [0m[1;2m  0.25 kB[0m[2m │ gzip:   0.21 kB[0m
[2m.output/public/[0m[2massets/[0m[36mcircle-user-DrBG0y6v.js                                 [0m[1;2m  0.26 kB[0m[2m │ gzip:   0.20 kB[0m
[2m.output/public/[0m[2massets/[0m[36mzap-BjyasE0h.js                                         [0m[1;2m  0.26 kB[0m[2m │ gzip:   0.20 kB[0m
[2m.output/public/[0m[2massets/[0m[36mtriangle-alert-8aEHoYx_.js                              [0m[1;2m  0.26 kB[0m[2m │ gzip:   0.21 kB[0m
[2m.output/public/[0m[2massets/[0m[36mworkflow-DTrJnXUd.js                                    [0m[1;2m  0.26 kB[0m[2m │ gzip:   0.20 kB[0m
[2m.output/public/[0m[2massets/[0m[36mimage-2AJc2Tjd.js                                       [0m[1;2m  0.26 kB[0m[2m │ gzip:   0.22 kB[0m
[2m.output/public/[0m[2massets/[0m[36mshield-CuXv2G9W.js                                      [0m[1;2m  0.27 kB[0m[2m │ gzip:   0.22 kB[0m
[2m.output/public/[0m[2massets/[0m[36mpencil-oHG5xT5p.js                                      [0m[1;2m  0.27 kB[0m[2m │ gzip:   0.22 kB[0m
[2m.output/public/[0m[2massets/[0m[36muse-permissions-BBQkq94m.js                             [0m[1;2m  0.27 kB[0m[2m │ gzip:   0.21 kB[0m
[2m.output/public/[0m[2massets/[0m[36mbook-open-BdA0AvFM.js                                   [0m[1;2m  0.27 kB[0m[2m │ gzip:   0.20 kB[0m
[2m.output/public/[0m[2massets/[0m[36mhouse-Cujhsgfs.js                                       [0m[1;2m  0.28 kB[0m[2m │ gzip:   0.21 kB[0m
[2m.output/public/[0m[2massets/[0m[36mcoins-gw4SUh6l.js                                       [0m[1;2m  0.28 kB[0m[2m │ gzip:   0.22 kB[0m
[2m.output/public/[0m[2massets/[0m[36mlayout-template-BWf7jt9D.js                             [0m[1;2m  0.28 kB[0m[2m │ gzip:   0.19 kB[0m
[2m.output/public/[0m[2massets/[0m[36mlightbulb-COG_QQl6.js                                   [0m[1;2m  0.28 kB[0m[2m │ gzip:   0.22 kB[0m
[2m.output/public/[0m[2massets/[0m[36mplug-CJPeZ2AG.js                                        [0m[1;2m  0.28 kB[0m[2m │ gzip:   0.20 kB[0m
[2m.output/public/[0m[2massets/[0m[36mwallet-DX4-jQTX.js                                      [0m[1;2m  0.28 kB[0m[2m │ gzip:   0.20 kB[0m
[2m.output/public/[0m[2massets/[0m[36mbell-EKgMjUJG.js                                        [0m[1;2m  0.29 kB[0m[2m │ gzip:   0.23 kB[0m
[2m.output/public/[0m[2massets/[0m[36msend-PbhQ2Yhc.js                                        [0m[1;2m  0.29 kB[0m[2m │ gzip:   0.23 kB[0m
[2m.output/public/[0m[2massets/[0m[36mdist-Bmesjtc9.js                                        [0m[1;2m  0.29 kB[0m[2m │ gzip:   0.24 kB[0m
[2m.output/public/[0m[2massets/[0m[36mfolder-open-CljySTPe.js                                 [0m[1;2m  0.29 kB[0m[2m │ gzip:   0.22 kB[0m
[2m.output/public/[0m[2massets/[0m[36mreceipt-BEObeHKf.js                                     [0m[1;2m  0.29 kB[0m[2m │ gzip:   0.21 kB[0m
[2m.output/public/[0m[2massets/[0m[36mlist-todo-Bbur9us6.js                                   [0m[1;2m  0.30 kB[0m[2m │ gzip:   0.22 kB[0m
[2m.output/public/[0m[2massets/[0m[36mwrench-iowlPP3B.js                                      [0m[1;2m  0.30 kB[0m[2m │ gzip:   0.24 kB[0m
[2m.output/public/[0m[2massets/[0m[36musers-DgYAXj5f.js                                       [0m[1;2m  0.30 kB[0m[2m │ gzip:   0.22 kB[0m
[2m.output/public/[0m[2massets/[0m[36mcreateMiddleware-DQnh37QV.js                            [0m[1;2m  0.30 kB[0m[2m │ gzip:   0.17 kB[0m
[2m.output/public/[0m[2massets/[0m[36mbox-CE0rXTS8.js                                         [0m[1;2m  0.31 kB[0m[2m │ gzip:   0.22 kB[0m
[2m.output/public/[0m[2massets/[0m[36muser-plus-DNr-QKzb.js                                   [0m[1;2m  0.31 kB[0m[2m │ gzip:   0.23 kB[0m
[2m.output/public/[0m[2massets/[0m[36mscissors-DVDX27Lm.js                                    [0m[1;2m  0.31 kB[0m[2m │ gzip:   0.22 kB[0m
[2m.output/public/[0m[2massets/[0m[36mshield-check-BIO5RbVa.js                                [0m[1;2m  0.32 kB[0m[2m │ gzip:   0.25 kB[0m
[2m.output/public/[0m[2massets/[0m[36mrefresh-ccw-C0jCHGHa.js                                 [0m[1;2m  0.32 kB[0m[2m │ gzip:   0.22 kB[0m
[2m.output/public/[0m[2massets/[0m[36mrefresh-cw-A0_0dCmn.js                                  [0m[1;2m  0.32 kB[0m[2m │ gzip:   0.22 kB[0m
[2m.output/public/[0m[2massets/[0m[36msave-CjAllqIm.js                                        [0m[1;2m  0.32 kB[0m[2m │ gzip:   0.23 kB[0m
[2m.output/public/[0m[2massets/[0m[36mbot-CmvyXVj1.js                                         [0m[1;2m  0.32 kB[0m[2m │ gzip:   0.23 kB[0m
[2m.output/public/[0m[2massets/[0m[36mtrash-2-Dd9dNkNX.js                                     [0m[1;2m  0.32 kB[0m[2m │ gzip:   0.21 kB[0m
[2m.output/public/[0m[2massets/[0m[36mcamera-CxbvSB8w.js                                      [0m[1;2m  0.33 kB[0m[2m │ gzip:   0.25 kB[0m
[2m.output/public/[0m[2massets/[0m[36mpage-container-DwvwLnal.js                              [0m[1;2m  0.33 kB[0m[2m │ gzip:   0.25 kB[0m
[2m.output/public/[0m[2massets/[0m[36mshopping-bag-CunfP4Wy.js                                [0m[1;2m  0.34 kB[0m[2m │ gzip:   0.24 kB[0m
[2m.output/public/[0m[2massets/[0m[36mfolder-kanban-BKK8FHpo.js                               [0m[1;2m  0.34 kB[0m[2m │ gzip:   0.24 kB[0m
[2m.output/public/[0m[2massets/[0m[36mlayout-dashboard-DwO5iJ3v.js                            [0m[1;2m  0.35 kB[0m[2m │ gzip:   0.20 kB[0m
[2m.output/public/[0m[2massets/[0m[36mshield-alert-CkNuhNhT.js                                [0m[1;2m  0.35 kB[0m[2m │ gzip:   0.26 kB[0m
[2m.output/public/[0m[2massets/[0m[36mkey-round-DHGZljzj.js                                   [0m[1;2m  0.35 kB[0m[2m │ gzip:   0.26 kB[0m
[2m.output/public/[0m[2massets/[0m[36mimage-plus-Yyg0Vbqc.js                                  [0m[1;2m  0.36 kB[0m[2m │ gzip:   0.25 kB[0m
[2m.output/public/[0m[2massets/[0m[36mpackage-BXi8IfIj.js                                     [0m[1;2m  0.37 kB[0m[2m │ gzip:   0.25 kB[0m
[2m.output/public/[0m[2massets/[0m[36mQueryClientProvider-DOSg94f2.js                         [0m[1;2m  0.38 kB[0m[2m │ gzip:   0.27 kB[0m
[2m.output/public/[0m[2massets/[0m[36mlife-buoy-DLuBWJ8u.js                                   [0m[1;2m  0.38 kB[0m[2m │ gzip:   0.23 kB[0m
[2m.output/public/[0m[2massets/[0m[36museStore-Cmswpp8H.js                                    [0m[1;2m  0.38 kB[0m[2m │ gzip:   0.27 kB[0m
[2m.output/public/[0m[2massets/[0m[36mbuilding-2-BbXBm8R6.js                                  [0m[1;2m  0.38 kB[0m[2m │ gzip:   0.24 kB[0m
[2m.output/public/[0m[2massets/[0m[36mfile-text-BJMg4ec5.js                                   [0m[1;2m  0.38 kB[0m[2m │ gzip:   0.25 kB[0m
[2m.output/public/[0m[2massets/[0m[36mhard-drive-BN106yIh.js                                  [0m[1;2m  0.38 kB[0m[2m │ gzip:   0.25 kB[0m
[2m.output/public/[0m[2massets/[0m[36mearth-BKP3sw65.js                                       [0m[1;2m  0.39 kB[0m[2m │ gzip:   0.26 kB[0m
[2m.output/public/[0m[2massets/[0m[36mruler-gUfD6iHk.js                                       [0m[1;2m  0.39 kB[0m[2m │ gzip:   0.24 kB[0m
[2m.output/public/[0m[2massets/[0m[36museServerFn-3ROfUtD8.js                                 [0m[1;2m  0.40 kB[0m[2m │ gzip:   0.28 kB[0m
[2m.output/public/[0m[2massets/[0m[36mfactory-CsFb4O-F.js                                     [0m[1;2m  0.40 kB[0m[2m │ gzip:   0.25 kB[0m
[2m.output/public/[0m[2massets/[0m[36mfilm-1-3xNesG.js                                        [0m[1;2m  0.40 kB[0m[2m │ gzip:   0.24 kB[0m
[2m.output/public/[0m[2massets/[0m[36mclipboard-list-CJaUU2fK.js                              [0m[1;2m  0.41 kB[0m[2m │ gzip:   0.26 kB[0m
[2m.output/public/[0m[2massets/[0m[36mlayers-CIqQl-2h.js                                      [0m[1;2m  0.42 kB[0m[2m │ gzip:   0.24 kB[0m
[2m.output/public/[0m[2massets/[0m[36meye-off-CpSCofHX.js                                     [0m[1;2m  0.43 kB[0m[2m │ gzip:   0.27 kB[0m
[2m.output/public/[0m[2massets/[0m[36mrocket-BisnpX3n.js                                      [0m[1;2m  0.45 kB[0m[2m │ gzip:   0.30 kB[0m
[2m.output/public/[0m[2massets/[0m[36mstar-H4iY_yLY.js                                        [0m[1;2m  0.47 kB[0m[2m │ gzip:   0.29 kB[0m
[2m.output/public/[0m[2massets/[0m[36mmove-3d-CkN1nHxD.js                                     [0m[1;2m  0.48 kB[0m[2m │ gzip:   0.29 kB[0m
[2m.output/public/[0m[2massets/[0m[36msettings-DxtB8-Gu.js                                    [0m[1;2m  0.48 kB[0m[2m │ gzip:   0.26 kB[0m
[2m.output/public/[0m[2massets/[0m[36msparkles-obfj00nw.js                                    [0m[1;2m  0.49 kB[0m[2m │ gzip:   0.28 kB[0m
[2m.output/public/[0m[2massets/[0m[36mstore-DaCLM8n-.js                                       [0m[1;2m  0.49 kB[0m[2m │ gzip:   0.28 kB[0m
[2m.output/public/[0m[2massets/[0m[36mpalette-Dgf9smXU.js                                     [0m[1;2m  0.51 kB[0m[2m │ gzip:   0.28 kB[0m
[2m.output/public/[0m[2massets/[0m[36mwand-sparkles-Det3NTpJ.js                               [0m[1;2m  0.51 kB[0m[2m │ gzip:   0.29 kB[0m
[2m.output/public/[0m[2massets/[0m[36mtextarea-iJbV7_JW.js                                    [0m[1;2m  0.51 kB[0m[2m │ gzip:   0.35 kB[0m
[2m.output/public/[0m[2massets/[0m[36mstar-off-xvneI5nf.js                                    [0m[1;2m  0.52 kB[0m[2m │ gzip:   0.32 kB[0m
[2m.output/public/[0m[2massets/[0m[36mcalculator-C6kaVRCk.js                                  [0m[1;2m  0.53 kB[0m[2m │ gzip:   0.28 kB[0m
[2m.output/public/[0m[2massets/[0m[36muse-ai-DIMdP9nE.js                                      [0m[1;2m  0.56 kB[0m[2m │ gzip:   0.30 kB[0m
[2m.output/public/[0m[2massets/[0m[36mpuzzle-BI-t2u-h.js                                      [0m[1;2m  0.57 kB[0m[2m │ gzip:   0.27 kB[0m
[2m.output/public/[0m[2massets/[0m[36mbrain-DCdkfTGW.js                                       [0m[1;2m  0.57 kB[0m[2m │ gzip:   0.31 kB[0m
[2m.output/public/[0m[2massets/[0m[36msearch-input-CYoxBrfc.js                                [0m[1;2m  0.62 kB[0m[2m │ gzip:   0.41 kB[0m
[2m.output/public/[0m[2massets/[0m[36minput-CtJRUEjR.js                                       [0m[1;2m  0.62 kB[0m[2m │ gzip:   0.39 kB[0m
[2m.output/public/[0m[2massets/[0m[36mcpu-C_Bs4_ac.js                                         [0m[1;2m  0.64 kB[0m[2m │ gzip:   0.29 kB[0m
[2m.output/public/[0m[2massets/[0m[36mform-section-C_8N5zyb.js                                [0m[1;2m  0.64 kB[0m[2m │ gzip:   0.35 kB[0m
[2m.output/public/[0m[2massets/[0m[36mdist-ezsOS-3t.js                                        [0m[1;2m  0.70 kB[0m[2m │ gzip:   0.48 kB[0m
[2m.output/public/[0m[2massets/[0m[36m_authenticated.crm-Bn5QIKoZ.js                          [0m[1;2m  0.71 kB[0m[2m │ gzip:   0.44 kB[0m
[2m.output/public/[0m[2massets/[0m[36mlabel-CCka-hIV.js                                       [0m[1;2m  0.71 kB[0m[2m │ gzip:   0.46 kB[0m
[2m.output/public/[0m[2massets/[0m[36m_authenticated.financeiro-DLGs3m_k.js                   [0m[1;2m  0.72 kB[0m[2m │ gzip:   0.43 kB[0m
[2m.output/public/[0m[2massets/[0m[36m_authenticated.sistemas-CBrEmx7r.js                     [0m[1;2m  0.72 kB[0m[2m │ gzip:   0.43 kB[0m
[2m.output/public/[0m[2massets/[0m[36m_authenticated.sites-Ctw777o5.js                        [0m[1;2m  0.72 kB[0m[2m │ gzip:   0.43 kB[0m
[2m.output/public/[0m[2massets/[0m[36m_authenticated.marketplace-rQh9OjWS.js                  [0m[1;2m  0.73 kB[0m[2m │ gzip:   0.44 kB[0m
[2m.output/public/[0m[2massets/[0m[36m_authenticated.automacao-C0UtEs3l.js                    [0m[1;2m  0.73 kB[0m[2m │ gzip:   0.44 kB[0m
[2m.output/public/[0m[2massets/[0m[36mroom-ops-DcJWt_1J.js                                    [0m[1;2m  0.74 kB[0m[2m │ gzip:   0.40 kB[0m
[2m.output/public/[0m[2massets/[0m[36mplanner-projects.functions-DIxttaDv.js                  [0m[1;2m  0.77 kB[0m[2m │ gzip:   0.41 kB[0m
[2m.output/public/[0m[2massets/[0m[36mpage-header-wanCvyQN.js                                 [0m[1;2m  0.79 kB[0m[2m │ gzip:   0.41 kB[0m
[2m.output/public/[0m[2massets/[0m[36mempty-state-Crzir6A_.js                                 [0m[1;2m  0.79 kB[0m[2m │ gzip:   0.40 kB[0m
[2m.output/public/[0m[2massets/[0m[36mai.functions-C9LIIkf9.js                                [0m[1;2m  0.79 kB[0m[2m │ gzip:   0.43 kB[0m
[2m.output/public/[0m[2massets/[0m[36muse-api-gateway-DE58EAOb.js                             [0m[1;2m  0.84 kB[0m[2m │ gzip:   0.36 kB[0m
[2m.output/public/[0m[2massets/[0m[36mboxes-DaKSPF2l.js                                       [0m[1;2m  0.85 kB[0m[2m │ gzip:   0.39 kB[0m
[2m.output/public/[0m[2massets/[0m[36m_public.blog._slug-DsffwO4U.js                          [0m[1;2m  0.88 kB[0m[2m │ gzip:   0.51 kB[0m
[2m.output/public/[0m[2massets/[0m[36muse-dashboard-xAWjOmkR.js                               [0m[1;2m  0.88 kB[0m[2m │ gzip:   0.57 kB[0m
[2m.output/public/[0m[2massets/[0m[36mstatus-badge-B_NFaPD-.js                                [0m[1;2m  0.88 kB[0m[2m │ gzip:   0.44 kB[0m
[2m.output/public/[0m[2massets/[0m[36muse-jobs-BT-NOXfU.js                                    [0m[1;2m  0.98 kB[0m[2m │ gzip:   0.39 kB[0m
[2m.output/public/[0m[2massets/[0m[36mmetric-card-Bst-qB5K.js                                 [0m[1;2m  0.99 kB[0m[2m │ gzip:   0.47 kB[0m
[2m.output/public/[0m[2massets/[0m[36m_authenticated.workspace.historico-KKQHim9F.js          [0m[1;2m  1.00 kB[0m[2m │ gzip:   0.58 kB[0m
[2m.output/public/[0m[2massets/[0m[36m_authenticated.workspace.atividades-o9Hk0cG8.js         [0m[1;2m  1.02 kB[0m[2m │ gzip:   0.57 kB[0m
[2m.output/public/[0m[2massets/[0m[36mcard-DBr4uFug.js                                        [0m[1;2m  1.05 kB[0m[2m │ gzip:   0.40 kB[0m
[2m.output/public/[0m[2massets/[0m[36mtslib.es6-Tae09705.js                                   [0m[1;2m  1.06 kB[0m[2m │ gzip:   0.52 kB[0m
[2m.output/public/[0m[2massets/[0m[36m_authenticated.workspace.integracoes-5EZ1i2Ky.js        [0m[1;2m  1.07 kB[0m[2m │ gzip:   0.58 kB[0m
[2m.output/public/[0m[2massets/[0m[36muse-events-DNC4cR8M.js                                  [0m[1;2m  1.09 kB[0m[2m │ gzip:   0.57 kB[0m
[2m.output/public/[0m[2massets/[0m[36m_public.faq-B8ADTYEh.js                                 [0m[1;2m  1.17 kB[0m[2m │ gzip:   0.64 kB[0m
[2m.output/public/[0m[2massets/[0m[36m_authenticated-mMO4FkRZ.js                              [0m[1;2m  1.19 kB[0m[2m │ gzip:   0.56 kB[0m
[2m.output/public/[0m[2massets/[0m[36mcreateLucideIcon-BSmofTXP.js                            [0m[1;2m  1.19 kB[0m[2m │ gzip:   0.69 kB[0m
[2m.output/public/[0m[2massets/[0m[36muse-security-DkxaKE5W.js                                [0m[1;2m  1.24 kB[0m[2m │ gzip:   0.40 kB[0m
[2m.output/public/[0m[2massets/[0m[36mdata-table-B4GJqNtj.js                                  [0m[1;2m  1.29 kB[0m[2m │ gzip:   0.65 kB[0m
[2m.output/public/[0m[2massets/[0m[36m_authenticated.planner.ia-B7HRIbWg.js                   [0m[1;2m  1.29 kB[0m[2m │ gzip:   0.67 kB[0m
[2m.output/public/[0m[2massets/[0m[36m_authenticated.workspace.assets-HKk8sp9q.js             [0m[1;2m  1.32 kB[0m[2m │ gzip:   0.69 kB[0m
[2m.output/public/[0m[2massets/[0m[36mreset-password-DsbZxyBp.js                              [0m[1;2m  1.37 kB[0m[2m │ gzip:   0.74 kB[0m
[2m.output/public/[0m[2massets/[0m[36muse-billing-mY324MpJ.js                                 [0m[1;2m  1.42 kB[0m[2m │ gzip:   0.69 kB[0m
[2m.output/public/[0m[2massets/[0m[36mmodule-card-BYAEJXg5.js                                 [0m[1;2m  1.44 kB[0m[2m │ gzip:   0.73 kB[0m
[2m.output/public/[0m[2massets/[0m[36mplanner-ai.functions-BTzt3ZiX.js                        [0m[1;2m  1.51 kB[0m[2m │ gzip:   0.67 kB[0m
[2m.output/public/[0m[2massets/[0m[36mzoom-in-eSbCR9_E.js                                     [0m[1;2m  1.61 kB[0m[2m │ gzip:   0.73 kB[0m
[2m.output/public/[0m[2massets/[0m[36m_public.privacidade-Cn26mCRV.js                         [0m[1;2m  1.61 kB[0m[2m │ gzip:   0.86 kB[0m
[2m.output/public/[0m[2massets/[0m[36mwith-selector-Bn15C_7X.js                               [0m[1;2m  1.62 kB[0m[2m │ gzip:   0.72 kB[0m
[2m.output/public/[0m[2massets/[0m[36m_public.blog._slug-OmLNpIKs.js                          [0m[1;2m  1.65 kB[0m[2m │ gzip:   0.78 kB[0m
[2m.output/public/[0m[2massets/[0m[36m_public.termos-GyyZaUmO.js                              [0m[1;2m  1.78 kB[0m[2m │ gzip:   0.94 kB[0m
[2m.output/public/[0m[2massets/[0m[36muse-platform-admin-DWR7y99w.js                          [0m[1;2m  1.89 kB[0m[2m │ gzip:   0.91 kB[0m
[2m.output/public/[0m[2massets/[0m[36mbutton-ClvgXvC2.js                                      [0m[1;2m  1.92 kB[0m[2m │ gzip:   0.95 kB[0m
[2m.output/public/[0m[2massets/[0m[36muse-assets-CRegbjbW.js                                  [0m[1;2m  1.92 kB[0m[2m │ gzip:   0.89 kB[0m
[2m.output/public/[0m[2massets/[0m[36mmodules-e-Jb-tvH.js                                     [0m[1;2m  1.93 kB[0m[2m │ gzip:   0.85 kB[0m
[2m.output/public/[0m[2massets/[0m[36m_authenticated.configuracoes.empresa-DoMpCt1O.js        [0m[1;2m  1.96 kB[0m[2m │ gzip:   1.01 kB[0m
[2m.output/public/[0m[2massets/[0m[36mbadge-DopEZs1P.js                                       [0m[1;2m  1.98 kB[0m[2m │ gzip:   0.82 kB[0m
[2m.output/public/[0m[2massets/[0m[36mdialog-DVAkHGqt.js                                      [0m[1;2m  2.13 kB[0m[2m │ gzip:   0.86 kB[0m
[2m.output/public/[0m[2massets/[0m[36m_authenticated.ia-D68nXv1h.js                           [0m[1;2m  2.29 kB[0m[2m │ gzip:   1.00 kB[0m
[2m.output/public/[0m[2massets/[0m[36museMutation-Vf2XWs40.js                                 [0m[1;2m  2.33 kB[0m[2m │ gzip:   0.98 kB[0m
[2m.output/public/[0m[2massets/[0m[36muse-observability-vH0zDjtF.js                           [0m[1;2m  2.36 kB[0m[2m │ gzip:   1.06 kB[0m
[2m.output/public/[0m[2massets/[0m[36msheet-69q_YmJP.js                                       [0m[1;2m  2.38 kB[0m[2m │ gzip:   0.94 kB[0m
[2m.output/public/[0m[2massets/[0m[36m_public.integracoes-BYDoBLvO.js                         [0m[1;2m  2.51 kB[0m[2m │ gzip:   1.24 kB[0m
[2m.output/public/[0m[2massets/[0m[36mlibrary-supabase-D6v0w8SR.js                            [0m[1;2m  2.53 kB[0m[2m │ gzip:   1.10 kB[0m
[2m.output/public/[0m[2massets/[0m[36m_public.reembolso-BVF1ElSa.js                           [0m[1;2m  2.55 kB[0m[2m │ gzip:   1.30 kB[0m
[2m.output/public/[0m[2massets/[0m[36m_public.status-CnSmYsqX.js                              [0m[1;2m  2.63 kB[0m[2m │ gzip:   1.14 kB[0m
[2m.output/public/[0m[2massets/[0m[36m_public.docs-YiADlnSf.js                                [0m[1;2m  2.73 kB[0m[2m │ gzip:   1.27 kB[0m
[2m.output/public/[0m[2massets/[0m[36mdist-DGXWKUNW.js                                        [0m[1;2m  2.89 kB[0m[2m │ gzip:   1.28 kB[0m
[2m.output/public/[0m[2massets/[0m[36muse-notifications-BjPWDwnF.js                           [0m[1;2m  2.92 kB[0m[2m │ gzip:   1.15 kB[0m
[2m.output/public/[0m[2massets/[0m[36m_authenticated.planner.projetos.index-COJ28xKX.js       [0m[1;2m  2.93 kB[0m[2m │ gzip:   1.37 kB[0m
[2m.output/public/[0m[2massets/[0m[36m_public.recursos-DAb-GnZd.js                            [0m[1;2m  3.03 kB[0m[2m │ gzip:   1.44 kB[0m
[2m.output/public/[0m[2massets/[0m[36mserialization-B0-dm16K.js                               [0m[1;2m  3.17 kB[0m[2m │ gzip:   1.04 kB[0m
[2m.output/public/[0m[2massets/[0m[36m_public.contato-B54oaHnh.js                             [0m[1;2m  3.22 kB[0m[2m │ gzip:   1.29 kB[0m
[2m.output/public/[0m[2massets/[0m[36mutils-Cyqtejqa.js                                       [0m[1;2m  3.27 kB[0m[2m │ gzip:   1.47 kB[0m
[2m.output/public/[0m[2massets/[0m[36m_authenticated.storage-AsBcqKRw.js                      [0m[1;2m  3.30 kB[0m[2m │ gzip:   1.34 kB[0m
[2m.output/public/[0m[2massets/[0m[36m_public.blog-B55cK4ee.js                                [0m[1;2m  3.41 kB[0m[2m │ gzip:   1.46 kB[0m
[2m.output/public/[0m[2massets/[0m[36m_public.cookies-LSOxiiyV.js                             [0m[1;2m  3.53 kB[0m[2m │ gzip:   1.69 kB[0m
[2m.output/public/[0m[2massets/[0m[36mtabs-BaV1-MEi.js                                        [0m[1;2m  3.57 kB[0m[2m │ gzip:   1.48 kB[0m
[2m.output/public/[0m[2massets/[0m[36m_public.sobre-DAQnhfvw.js                               [0m[1;2m  3.68 kB[0m[2m │ gzip:   1.60 kB[0m
[2m.output/public/[0m[2massets/[0m[36m_public.produtos-CVSx8JKH.js                            [0m[1;2m  3.70 kB[0m[2m │ gzip:   1.54 kB[0m
[2m.output/public/[0m[2massets/[0m[36m_authenticated.workspace.api-keys-CL-QlcmH.js           [0m[1;2m  3.79 kB[0m[2m │ gzip:   1.65 kB[0m
[2m.output/public/[0m[2massets/[0m[36m_public.produtos.criador-C2t9vRaH.js                    [0m[1;2m  4.24 kB[0m[2m │ gzip:   1.72 kB[0m
[2m.output/public/[0m[2massets/[0m[36mdist-CqxCfn2o.js                                        [0m[1;2m  4.24 kB[0m[2m │ gzip:   1.85 kB[0m
[2m.output/public/[0m[2massets/[0m[36mswitch-C__0zDCc.js                                      [0m[1;2m  4.35 kB[0m[2m │ gzip:   1.84 kB[0m
[2m.output/public/[0m[2massets/[0m[36m_authenticated.admin.observabilidade-CcI3cRaT.js        [0m[1;2m  4.46 kB[0m[2m │ gzip:   1.63 kB[0m
[2m.output/public/[0m[2massets/[0m[36mdist-qlCBSUnb.js                                        [0m[1;2m  4.83 kB[0m[2m │ gzip:   1.73 kB[0m
[2m.output/public/[0m[2massets/[0m[36muse-configuration-GfpUewIH.js                           [0m[1;2m  4.98 kB[0m[2m │ gzip:   1.80 kB[0m
[2m.output/public/[0m[2massets/[0m[36m_public.produtos.planner-DHWJqyzX.js                    [0m[1;2m  5.34 kB[0m[2m │ gzip:   2.07 kB[0m
[2m.output/public/[0m[2massets/[0m[36m_authenticated.workspace-BUugZ6pS.js                    [0m[1;2m  5.44 kB[0m[2m │ gzip:   2.03 kB[0m
[2m.output/public/[0m[2massets/[0m[36m_authenticated.observabilidade-wb4fhcUH.js              [0m[1;2m  5.80 kB[0m[2m │ gzip:   1.94 kB[0m
[2m.output/public/[0m[2massets/[0m[36m_public.planos-jL4hgvRX.js                              [0m[1;2m  6.08 kB[0m[2m │ gzip:   2.24 kB[0m
[2m.output/public/[0m[2massets/[0m[36m_authenticated.notificacoes-Cq7WoQQY.js                 [0m[1;2m  6.13 kB[0m[2m │ gzip:   1.75 kB[0m
[2m.output/public/[0m[2massets/[0m[36mdecompose-C6MWB0UU.js                                   [0m[1;2m  6.17 kB[0m[2m │ gzip:   2.57 kB[0m
[2m.output/public/[0m[2massets/[0m[36m_public.changelog-DwhhNg6f.js                           [0m[1;2m  6.26 kB[0m[2m │ gzip:   2.58 kB[0m
[2m.output/public/[0m[2massets/[0m[36m_authenticated.planner-BeNdkeQh.js                      [0m[1;2m  6.83 kB[0m[2m │ gzip:   2.74 kB[0m
[2m.output/public/[0m[2massets/[0m[36m_public.seguranca-DNzPMkBr.js                           [0m[1;2m  6.92 kB[0m[2m │ gzip:   2.92 kB[0m
[2m.output/public/[0m[2massets/[0m[36mauth-GxgAu09s.js                                        [0m[1;2m  7.18 kB[0m[2m │ gzip:   2.36 kB[0m
[2m.output/public/[0m[2massets/[0m[36mdist-CDQgcXop.js                                        [0m[1;2m  7.20 kB[0m[2m │ gzip:   2.78 kB[0m
[2m.output/public/[0m[2massets/[0m[36mdist-DR8EHhPP.js                                        [0m[1;2m  7.32 kB[0m[2m │ gzip:   2.65 kB[0m
[2m.output/public/[0m[2massets/[0m[36m_authenticated.api-gateway-DIApTdeo.js                  [0m[1;2m  7.63 kB[0m[2m │ gzip:   2.48 kB[0m
[2m.output/public/[0m[2massets/[0m[36m_authenticated.jobs--iLcxLfy.js                         [0m[1;2m  7.91 kB[0m[2m │ gzip:   2.44 kB[0m
[2m.output/public/[0m[2massets/[0m[36m_authenticated.cache-DQ72bwA3.js                        [0m[1;2m  8.32 kB[0m[2m │ gzip:   2.56 kB[0m
[2m.output/public/[0m[2massets/[0m[36m_authenticated.planner.biblioteca-DhKsSKkS.js           [0m[1;2m  8.61 kB[0m[2m │ gzip:   2.79 kB[0m
[2m.output/public/[0m[2massets/[0m[36m_authenticated.sdk-D01BdLOc.js                          [0m[1;2m  8.61 kB[0m[2m │ gzip:   3.13 kB[0m
[2m.output/public/[0m[2massets/[0m[36mjsx-runtime-B5yqYJvp.js                                 [0m[1;2m  8.74 kB[0m[2m │ gzip:   3.34 kB[0m
[2m.output/public/[0m[2massets/[0m[36m_authenticated.quality-XbNcIMqX.js                      [0m[1;2m  8.86 kB[0m[2m │ gzip:   2.70 kB[0m
[2m.output/public/[0m[2massets/[0m[36m_authenticated.cicd-BYDnIyj0.js                         [0m[1;2m  9.25 kB[0m[2m │ gzip:   2.54 kB[0m
[2m.output/public/[0m[2massets/[0m[36m_authenticated.recovery-ByxMy6Pf.js                     [0m[1;2m  9.67 kB[0m[2m │ gzip:   2.78 kB[0m
[2m.output/public/[0m[2massets/[0m[36m_authenticated.workspace.ajuda-CdvnMGCC.js              [0m[1;2m  9.74 kB[0m[2m │ gzip:   3.74 kB[0m
[2m.output/public/[0m[2massets/[0m[36m_authenticated.planner.engenharia-B4TqB6eL.js           [0m[1;2m  9.83 kB[0m[2m │ gzip:   2.97 kB[0m
[2m.output/public/[0m[2massets/[0m[36m_authenticated.planner.orcamentos-BOnx7xdX.js           [0m[1;2m  9.83 kB[0m[2m │ gzip:   3.46 kB[0m
[2m.output/public/[0m[2massets/[0m[36m_authenticated.planner.materiais-o7z0OKxF.js            [0m[1;2m 10.08 kB[0m[2m │ gzip:   3.22 kB[0m
[2m.output/public/[0m[2massets/[0m[36m_authenticated.planner.assets-yBWS0gzq.js               [0m[1;2m 10.54 kB[0m[2m │ gzip:   4.35 kB[0m
[2m.output/public/[0m[2massets/[0m[36m_authenticated.admin-BNNO6PEM.js                        [0m[1;2m 10.78 kB[0m[2m │ gzip:   4.07 kB[0m
[2m.output/public/[0m[2massets/[0m[36m_authenticated.admin.billing-CQ9RIAvW.js                [0m[1;2m 11.00 kB[0m[2m │ gzip:   3.68 kB[0m
[2m.output/public/[0m[2massets/[0m[36mpbr-catalog-B_2GdiDm.js                                 [0m[1;2m 11.04 kB[0m[2m │ gzip:   2.44 kB[0m
[2m.output/public/[0m[2massets/[0m[36m_authenticated.admin.blog-DW1v_HLz.js                   [0m[1;2m 11.77 kB[0m[2m │ gzip:   3.38 kB[0m
[2m.output/public/[0m[2massets/[0m[36m_authenticated.workspace.equipe-Mimt7_7z.js             [0m[1;2m 12.26 kB[0m[2m │ gzip:   4.03 kB[0m
[2m.output/public/[0m[2massets/[0m[36m_authenticated.planner.ia-studio-LVTtipq9.js            [0m[1;2m 12.34 kB[0m[2m │ gzip:   3.86 kB[0m
[2m.output/public/[0m[2massets/[0m[36m_authenticated.workspace.assinatura-fyksZjHf.js         [0m[1;2m 12.40 kB[0m[2m │ gzip:   3.54 kB[0m
[2m.output/public/[0m[2massets/[0m[36m_authenticated.security-CiKFnPKR.js                     [0m[1;2m 13.09 kB[0m[2m │ gzip:   3.58 kB[0m
[2m.output/public/[0m[2massets/[0m[36m_authenticated.configuracoes.index-DxV1Qidy.js          [0m[1;2m 14.64 kB[0m[2m │ gzip:   3.68 kB[0m
[2m.output/public/[0m[2massets/[0m[36m_authenticated.planner.render-tIRhqbC_.js               [0m[1;2m 14.91 kB[0m[2m │ gzip:   4.79 kB[0m
[2m.output/public/[0m[2massets/[0m[36meditor-context-BPi29_GO.js                              [0m[1;2m 15.00 kB[0m[2m │ gzip:   5.12 kB[0m
[2m.output/public/[0m[2massets/[0m[36m_authenticated.workspace.notificacoes-BKL0Prn4.js       [0m[1;2m 15.22 kB[0m[2m │ gzip:   4.47 kB[0m
[2m.output/public/[0m[2massets/[0m[36m_authenticated.planner.producao-DqlZSmmc.js             [0m[1;2m 16.25 kB[0m[2m │ gzip:   4.72 kB[0m
[2m.output/public/[0m[2massets/[0m[36muse-command-palette-BYkafrEY.js                         [0m[1;2m 18.69 kB[0m[2m │ gzip:   6.93 kB[0m
[2m.output/public/[0m[2massets/[0m[36m_public.index-B8BpcU56.js                               [0m[1;2m 18.77 kB[0m[2m │ gzip:   5.27 kB[0m
[2m.output/public/[0m[2massets/[0m[36m_authenticated.workspace.perfil-DwdKLtr_.js             [0m[1;2m 18.80 kB[0m[2m │ gzip:   5.73 kB[0m
[2m.output/public/[0m[2massets/[0m[36m_authenticated.workspace.empresa-DY7OtGzV.js            [0m[1;2m 18.96 kB[0m[2m │ gzip:   6.02 kB[0m
[2m.output/public/[0m[2massets/[0m[36m_authenticated.workspace.modulos-CYos8L64.js            [0m[1;2m 19.24 kB[0m[2m │ gzip:   5.40 kB[0m
[2m.output/public/[0m[2massets/[0m[36mdropdown-menu-4jstIw04.js                               [0m[1;2m 20.66 kB[0m[2m │ gzip:   6.00 kB[0m
[2m.output/public/[0m[2massets/[0m[36m_authenticated.workspace.creditos-s4BXHDfg.js           [0m[1;2m 21.79 kB[0m[2m │ gzip:   5.78 kB[0m
[2m.output/public/[0m[2massets/[0m[36mes2015-IlJ-JOzF.js                                      [0m[1;2m 21.90 kB[0m[2m │ gzip:   7.85 kB[0m
[2m.output/public/[0m[2massets/[0m[36mselect-BIiFVmps.js                                      [0m[1;2m 22.36 kB[0m[2m │ gzip:   7.52 kB[0m
[2m.output/public/[0m[2massets/[0m[36m_authenticated.admin.biblioteca-T9eaHiQo.js             [0m[1;2m 22.96 kB[0m[2m │ gzip:   5.52 kB[0m
[2m.output/public/[0m[2massets/[0m[36mLibraryPanel-CRfpvuby.js                                [0m[1;2m 23.08 kB[0m[2m │ gzip:   6.73 kB[0m
[2m.output/public/[0m[2massets/[0m[36museBaseQuery-CGXrX_6-.js                                [0m[1;2m 23.56 kB[0m[2m │ gzip:   7.79 kB[0m
[2m.output/public/[0m[2massets/[0m[36m_authenticated.workspace.ia-ybvQcT8k.js                 [0m[1;2m 26.43 kB[0m[2m │ gzip:   9.08 kB[0m
[2m.output/public/[0m[2massets/[0m[36mdist-B4jg8zgk.js                                        [0m[1;2m 26.51 kB[0m[2m │ gzip:  10.24 kB[0m
[2m.output/public/[0m[2massets/[0m[36mutils-DojpP95n.js                                       [0m[1;2m 27.26 kB[0m[2m │ gzip:   8.69 kB[0m
[2m.output/public/[0m[2massets/[0m[36m_authenticated.planner.visao-JogM-jCK.js                [0m[1;2m 27.64 kB[0m[2m │ gzip:   8.56 kB[0m
[2m.output/public/[0m[2massets/[0m[36m_authenticated.workspace.index-BD7Ea04d.js              [0m[1;2m 28.57 kB[0m[2m │ gzip:   8.76 kB[0m
[2m.output/public/[0m[2massets/[0m[36m_authenticated.workspace.configuracoes-B4BGB7R0.js      [0m[1;2m 28.82 kB[0m[2m │ gzip:   6.58 kB[0m
[2m.output/public/[0m[2massets/[0m[36m_authenticated-Bd7QjdNc.js                              [0m[1;2m 30.55 kB[0m[2m │ gzip:   9.45 kB[0m
[2m.output/public/[0m[2massets/[0m[36m_authenticated.planner.configurador-BUkkfHRr.js         [0m[1;2m 33.69 kB[0m[2m │ gzip:   9.80 kB[0m
[2m.output/public/[0m[2massets/[0m[36mInspector-BF0eqN3M.js                                   [0m[1;2m 34.82 kB[0m[2m │ gzip:  10.03 kB[0m
[2m.output/public/[0m[2massets/[0m[36m_authenticated.planner.decoradora-UpEQ5-jk.js           [0m[1;2m 37.26 kB[0m[2m │ gzip:  11.38 kB[0m
[2m.output/public/[0m[2massets/[0m[36m_authenticated.planner.marketplace-DorHbXBI.js          [0m[1;2m 41.59 kB[0m[2m │ gzip:  11.80 kB[0m
[2m.output/public/[0m[2massets/[0m[36m_authenticated.planner.orcamento-projeto-Cuyqtx39.js    [0m[1;2m 48.13 kB[0m[2m │ gzip:  15.98 kB[0m
[2m.output/public/[0m[2massets/[0m[36minsert-CClW-71e.js                                      [0m[1;2m 55.40 kB[0m[2m │ gzip:  14.48 kB[0m
[2m.output/public/[0m[2massets/[0m[36m_authenticated.planner.projetos._projectId-BHr4ukp1.js  [0m[1;2m 56.20 kB[0m[2m │ gzip:  16.14 kB[0m
[2m.output/public/[0m[2massets/[0m[36m_authenticated.planner.video-B6rWGS3n.js                [0m[1;2m 88.92 kB[0m[2m │ gzip:  22.73 kB[0m
[2m.output/public/[0m[2massets/[0m[36mPublicLayout-HZAX7z8j.js                                [0m[1;2m140.58 kB[0m[2m │ gzip:  45.43 kB[0m
[2m.output/public/[0m[2massets/[0m[36mPlannerAIPanel-Csgc0t1k.js                              [0m[1;2m188.31 kB[0m[2m │ gzip:  60.30 kB[0m
[2m.output/public/[0m[2massets/[0m[36mclient-DuHRIJQG.js                                      [0m[1;2m208.02 kB[0m[2m │ gzip:  53.77 kB[0m
[2m.output/public/[0m[2massets/[0m[36mplanner-v2-bXl-03y6.js                                  [0m[1;2m262.42 kB[0m[2m │ gzip:  72.90 kB[0m
[2m.output/public/[0m[2massets/[0m[36mindex-B1zTyjRm.js                                       [0m[1;2m498.14 kB[0m[2m │ gzip: 147.77 kB[0m
[2m.output/public/[0m[2massets/[0m[36mViewport3D-6oeovhPz.js                                  [0m[33;1m673.35 kB[0m[2m │ gzip: 255.31 kB[0m
[2m.output/public/[0m[2massets/[0m[36mContactShadows-OuakEAlP.js                              [0m[33;1m935.26 kB[0m[2m │ gzip: 246.93 kB[0m

[33m[INEFFECTIVE_DYNAMIC_IMPORT] [0msrc/core/providers/TenantProvider.tsx is dynamically imported by src/modules/planner/domains/ai/proxy.ts, src/start.ts but also statically imported by src/core/billing/use-billing.ts, src/core/components/WorkspaceLayout.tsx, src/core/components/ui-kit/company-switcher.tsx, src/core/dashboard/use-dashboard.ts, src/core/hooks/index.ts, ..., dynamic import will not move module into another chunk.

[plugin builtin:vite-reporter] [33;1m
(!) Some chunks are larger than 500 kB after minification. Consider:
- Using dynamic import() to code-split the application
- Use build.rolldownOptions.output.codeSplitting to improve chunking: https://rolldown.rs/reference/OutputOptions.codeSplitting
- Adjust chunk size limit for this warning via build.chunkSizeWarningLimit.[0m
✓ built in 9.04s
vite v8.2.1 building ssr environment for production...
[2Ktransforming...[plugin tanstack-start-core::server-fn:ssr] /home/ubuntu/dioris-audit-repo/src/lib/public-blog.functions.ts?tss-serverfn-split:80:34 createServerFn().inputValidator() is deprecated. Use createServerFn().validator() instead.
[plugin tanstack-start-core::server-fn:ssr] /home/ubuntu/dioris-audit-repo/src/lib/planner-projects.functions.ts?tss-serverfn-split:63:27 createServerFn().inputValidator() is deprecated. Use createServerFn().validator() instead.
[plugin tanstack-start-core::server-fn:ssr] /home/ubuntu/dioris-audit-repo/src/lib/planner-projects.functions.ts?tss-serverfn-split:77:33 createServerFn().inputValidator() is deprecated. Use createServerFn().validator() instead.
[plugin tanstack-start-core::server-fn:ssr] /home/ubuntu/dioris-audit-repo/src/lib/planner-projects.functions.ts?tss-serverfn-split:106:30 createServerFn().inputValidator() is deprecated. Use createServerFn().validator() instead.
[plugin tanstack-start-core::server-fn:ssr] /home/ubuntu/dioris-audit-repo/src/lib/planner-projects.functions.ts?tss-serverfn-split:131:33 createServerFn().inputValidator() is deprecated. Use createServerFn().validator() instead.
[plugin tanstack-start-core::server-fn:ssr] /home/ubuntu/dioris-audit-repo/src/lib/planner-projects.functions.ts?tss-serverfn-split:153:30 createServerFn().inputValidator() is deprecated. Use createServerFn().validator() instead.
[plugin tanstack-start-core::server-fn:ssr] /home/ubuntu/dioris-audit-repo/src/core/services/tenant.functions.ts?tss-serverfn-split:41:30 createServerFn().inputValidator() is deprecated. Use createServerFn().validator() instead.
[plugin tanstack-start-core::server-fn:ssr] /home/ubuntu/dioris-audit-repo/src/core/services/tenant.functions.ts?tss-serverfn-split:241:36 createServerFn().inputValidator() is deprecated. Use createServerFn().validator() instead.
[plugin tanstack-start-core::server-fn:ssr] /home/ubuntu/dioris-audit-repo/src/core/services/tenant.functions.ts?tss-serverfn-split:284:29 createServerFn().inputValidator() is deprecated. Use createServerFn().validator() instead.
[plugin tanstack-start-core::server-fn:ssr] /home/ubuntu/dioris-audit-repo/src/core/services/tenant.functions.ts?tss-serverfn-split:316:33 createServerFn().inputValidator() is deprecated. Use createServerFn().validator() instead.
[plugin tanstack-start-core::server-fn:ssr] /home/ubuntu/dioris-audit-repo/src/core/services/tenant.functions.ts?tss-serverfn-split:345:32 createServerFn().inputValidator() is deprecated. Use createServerFn().validator() instead.
[plugin tanstack-start-core::server-fn:ssr] /home/ubuntu/dioris-audit-repo/src/core/services/tenant.functions.ts?tss-serverfn-split:378:33 createServerFn().inputValidator() is deprecated. Use createServerFn().validator() instead.
[plugin tanstack-start-core::server-fn:ssr] /home/ubuntu/dioris-audit-repo/src/core/services/tenant.functions.ts?tss-serverfn-split:395:33 createServerFn().inputValidator() is deprecated. Use createServerFn().validator() instead.
[plugin tanstack-start-core::server-fn:ssr] /home/ubuntu/dioris-audit-repo/src/lib/checkout.functions.ts?tss-serverfn-split:86:34 createServerFn().inputValidator() is deprecated. Use createServerFn().validator() instead.
[plugin tanstack-start-core::server-fn:ssr] /home/ubuntu/dioris-audit-repo/src/lib/checkout.functions.ts?tss-serverfn-split:159:33 createServerFn().inputValidator() is deprecated. Use createServerFn().validator() instead.
[plugin tanstack-start-core::server-fn:ssr] /home/ubuntu/dioris-audit-repo/src/lib/planner-snapshots.functions.ts?tss-serverfn-split:47:36 createServerFn().inputValidator() is deprecated. Use createServerFn().validator() instead.
[plugin tanstack-start-core::server-fn:ssr] /home/ubuntu/dioris-audit-repo/src/lib/planner-snapshots.functions.ts?tss-serverfn-split:75:36 createServerFn().inputValidator() is deprecated. Use createServerFn().validator() instead.
[plugin tanstack-start-core::server-fn:ssr] /home/ubuntu/dioris-audit-repo/src/lib/planner-snapshots.functions.ts?tss-serverfn-split:132:36 createServerFn().inputValidator() is deprecated. Use createServerFn().validator() instead.
[plugin tanstack-start-core::server-fn:ssr] /home/ubuntu/dioris-audit-repo/src/lib/planner-snapshots.functions.ts?tss-serverfn-split:162:37 createServerFn().inputValidator() is deprecated. Use createServerFn().validator() instead.
[plugin tanstack-start-core::server-fn:ssr] /home/ubuntu/dioris-audit-repo/src/lib/planner-snapshots.functions.ts?tss-serverfn-split:210:35 createServerFn().inputValidator() is deprecated. Use createServerFn().validator() instead.
[plugin tanstack-start-core::server-fn:ssr] /home/ubuntu/dioris-audit-repo/src/core/services/tenant.functions.ts:41:30 createServerFn().inputValidator() is deprecated. Use createServerFn().validator() instead.
[plugin tanstack-start-core::server-fn:ssr] /home/ubuntu/dioris-audit-repo/src/core/services/tenant.functions.ts:241:36 createServerFn().inputValidator() is deprecated. Use createServerFn().validator() instead.
[plugin tanstack-start-core::server-fn:ssr] /home/ubuntu/dioris-audit-repo/src/core/services/tenant.functions.ts:284:29 createServerFn().inputValidator() is deprecated. Use createServerFn().validator() instead.
[plugin tanstack-start-core::server-fn:ssr] /home/ubuntu/dioris-audit-repo/src/core/services/tenant.functions.ts:316:33 createServerFn().inputValidator() is deprecated. Use createServerFn().validator() instead.
[plugin tanstack-start-core::server-fn:ssr] /home/ubuntu/dioris-audit-repo/src/core/services/tenant.functions.ts:345:32 createServerFn().inputValidator() is deprecated. Use createServerFn().validator() instead.
[plugin tanstack-start-core::server-fn:ssr] /home/ubuntu/dioris-audit-repo/src/core/services/tenant.functions.ts:378:33 createServerFn().inputValidator() is deprecated. Use createServerFn().validator() instead.
[plugin tanstack-start-core::server-fn:ssr] /home/ubuntu/dioris-audit-repo/src/core/services/tenant.functions.ts:395:33 createServerFn().inputValidator() is deprecated. Use createServerFn().validator() instead.
[plugin tanstack-start-core::server-fn:ssr] /home/ubuntu/dioris-audit-repo/src/core/configuration/configuration.functions.ts?tss-serverfn-split:43:38 createServerFn().inputValidator() is deprecated. Use createServerFn().validator() instead.
[plugin tanstack-start-core::server-fn:ssr] /home/ubuntu/dioris-audit-repo/src/core/configuration/configuration.functions.ts?tss-serverfn-split:97:27 createServerFn().inputValidator() is deprecated. Use createServerFn().validator() instead.
[plugin tanstack-start-core::server-fn:ssr] /home/ubuntu/dioris-audit-repo/src/core/configuration/configuration.functions.ts?tss-serverfn-split:128:27 createServerFn().inputValidator() is deprecated. Use createServerFn().validator() instead.
[plugin tanstack-start-core::server-fn:ssr] /home/ubuntu/dioris-audit-repo/src/core/configuration/configuration.functions.ts?tss-serverfn-split:161:34 createServerFn().inputValidator() is deprecated. Use createServerFn().validator() instead.
[plugin tanstack-start-core::server-fn:ssr] /home/ubuntu/dioris-audit-repo/src/core/configuration/configuration.functions.ts?tss-serverfn-split:187:32 createServerFn().inputValidator() is deprecated. Use createServerFn().validator() instead.
[plugin tanstack-start-core::server-fn:ssr] /home/ubuntu/dioris-audit-repo/src/core/configuration/configuration.functions.ts?tss-serverfn-split:215:31 createServerFn().inputValidator() is deprecated. Use createServerFn().validator() instead.
[plugin tanstack-start-core::server-fn:ssr] /home/ubuntu/dioris-audit-repo/src/core/configuration/configuration.functions.ts?tss-serverfn-split:258:35 createServerFn().inputValidator() is deprecated. Use createServerFn().validator() instead.
[plugin tanstack-start-core::server-fn:ssr] /home/ubuntu/dioris-audit-repo/src/core/configuration/configuration.functions.ts?tss-serverfn-split:297:31 createServerFn().inputValidator() is deprecated. Use createServerFn().validator() instead.
[plugin tanstack-start-core::server-fn:ssr] /home/ubuntu/dioris-audit-repo/src/core/configuration/configuration.functions.ts?tss-serverfn-split:346:29 createServerFn().inputValidator() is deprecated. Use createServerFn().validator() instead.
[plugin tanstack-start-core::server-fn:ssr] /home/ubuntu/dioris-audit-repo/src/core/configuration/configuration.functions.ts?tss-serverfn-split:387:29 createServerFn().inputValidator() is deprecated. Use createServerFn().validator() instead.
[plugin tanstack-start-core::server-fn:ssr] /home/ubuntu/dioris-audit-repo/src/core/configuration/configuration.functions.ts?tss-serverfn-split:424:29 createServerFn().inputValidator() is deprecated. Use createServerFn().validator() instead.
[plugin tanstack-start-core::server-fn:ssr] /home/ubuntu/dioris-audit-repo/src/core/configuration/configuration.functions.ts?tss-serverfn-split:489:36 createServerFn().inputValidator() is deprecated. Use createServerFn().validator() instead.
[plugin tanstack-start-core::server-fn:ssr] /home/ubuntu/dioris-audit-repo/src/core/observability/observability.functions.ts?tss-serverfn-split:18:25 createServerFn().inputValidator() is deprecated. Use createServerFn().validator() instead.
[plugin tanstack-start-core::server-fn:ssr] /home/ubuntu/dioris-audit-repo/src/core/observability/observability.functions.ts?tss-serverfn-split:46:27 createServerFn().inputValidator() is deprecated. Use createServerFn().validator() instead.
[plugin tanstack-start-core::server-fn:ssr] /home/ubuntu/dioris-audit-repo/src/core/observability/observability.functions.ts?tss-serverfn-split:70:26 createServerFn().inputValidator() is deprecated. Use createServerFn().validator() instead.
[plugin tanstack-start-core::server-fn:ssr] /home/ubuntu/dioris-audit-repo/src/core/observability/observability.functions.ts?tss-serverfn-split:181:29 createServerFn().inputValidator() is deprecated. Use createServerFn().validator() instead.
[plugin tanstack-start-core::server-fn:ssr] /home/ubuntu/dioris-audit-repo/src/core/observability/observability.functions.ts?tss-serverfn-split:221:36 createServerFn().inputValidator() is deprecated. Use createServerFn().validator() instead.
[plugin tanstack-start-core::server-fn:ssr] /home/ubuntu/dioris-audit-repo/src/core/notifications/notifications.functions.ts?tss-serverfn-split:70:38 createServerFn().inputValidator() is deprecated. Use createServerFn().validator() instead.
[plugin tanstack-start-core::server-fn:ssr] /home/ubuntu/dioris-audit-repo/src/core/notifications/notifications.functions.ts?tss-serverfn-split:87:37 createServerFn().inputValidator() is deprecated. Use createServerFn().validator() instead.
[plugin tanstack-start-core::server-fn:ssr] /home/ubuntu/dioris-audit-repo/src/core/notifications/notifications.functions.ts?tss-serverfn-split:96:40 createServerFn().inputValidator() is deprecated. Use createServerFn().validator() instead.
[plugin tanstack-start-core::server-fn:ssr] /home/ubuntu/dioris-audit-repo/src/core/events/events.functions.ts?tss-serverfn-split:24:30 createServerFn().inputValidator() is deprecated. Use createServerFn().validator() instead.
[plugin tanstack-start-core::server-fn:ssr] /home/ubuntu/dioris-audit-repo/src/core/events/events.functions.ts?tss-serverfn-split:49:27 createServerFn().inputValidator() is deprecated. Use createServerFn().validator() instead.
[plugin tanstack-start-core::server-fn:ssr] /home/ubuntu/dioris-audit-repo/src/core/events/events.functions.ts?tss-serverfn-split:112:37 createServerFn().inputValidator() is deprecated. Use createServerFn().validator() instead.
[plugin tanstack-start-core::server-fn:ssr] /home/ubuntu/dioris-audit-repo/src/lib/planner-assets.functions.ts?tss-serverfn-split:28:33 createServerFn().inputValidator() is deprecated. Use createServerFn().validator() instead.
[plugin tanstack-start-core::server-fn:ssr] /home/ubuntu/dioris-audit-repo/src/lib/planner-assets.functions.ts?tss-serverfn-split:45:34 createServerFn().inputValidator() is deprecated. Use createServerFn().validator() instead.
[plugin tanstack-start-core::server-fn:ssr] /home/ubuntu/dioris-audit-repo/src/lib/planner-assets.functions.ts?tss-serverfn-split:96:27 createServerFn().inputValidator() is deprecated. Use createServerFn().validator() instead.
[plugin tanstack-start-core::server-fn:ssr] /home/ubuntu/dioris-audit-repo/src/lib/planner-assets.functions.ts?tss-serverfn-split:120:25 createServerFn().inputValidator() is deprecated. Use createServerFn().validator() instead.
[plugin tanstack-start-core::server-fn:ssr] /home/ubuntu/dioris-audit-repo/src/lib/planner-assets.functions.ts?tss-serverfn-split:174:33 createServerFn().inputValidator() is deprecated. Use createServerFn().validator() instead.
[plugin tanstack-start-core::server-fn:ssr] /home/ubuntu/dioris-audit-repo/src/lib/planner-assets.functions.ts?tss-serverfn-split:243:36 createServerFn().inputValidator() is deprecated. Use createServerFn().validator() instead.
[plugin tanstack-start-core::server-fn:ssr] /home/ubuntu/dioris-audit-repo/src/lib/planner-assets.functions.ts?tss-serverfn-split:302:32 createServerFn().inputValidator() is deprecated. Use createServerFn().validator() instead.
[plugin tanstack-start-core::server-fn:ssr] /home/ubuntu/dioris-audit-repo/src/lib/planner-assets.functions.ts?tss-serverfn-split:335:34 createServerFn().inputValidator() is deprecated. Use createServerFn().validator() instead.
[plugin tanstack-start-core::server-fn:ssr] /home/ubuntu/dioris-audit-repo/src/lib/planner-assets.functions.ts?tss-serverfn-split:391:35 createServerFn().inputValidator() is deprecated. Use createServerFn().validator() instead.
[plugin tanstack-start-core::server-fn:ssr] /home/ubuntu/dioris-audit-repo/src/lib/planner-assets.functions.ts?tss-serverfn-split:425:32 createServerFn().inputValidator() is deprecated. Use createServerFn().validator() instead.
[plugin tanstack-start-core::server-fn:ssr] /home/ubuntu/dioris-audit-repo/src/lib/planner-assets.functions.ts?tss-serverfn-split:445:29 createServerFn().inputValidator() is deprecated. Use createServerFn().validator() instead.
[plugin tanstack-start-core::server-fn:ssr] /home/ubuntu/dioris-audit-repo/src/lib/planner-assets.functions.ts?tss-serverfn-split:491:34 createServerFn().inputValidator() is deprecated. Use createServerFn().validator() instead.
[plugin tanstack-start-core::server-fn:ssr] /home/ubuntu/dioris-audit-repo/src/core/sdk/plugin-functions.ts?tss-serverfn-split:181:30 createServerFn().inputValidator() is deprecated. Use createServerFn().validator() instead.
[plugin tanstack-start-core::server-fn:ssr] /home/ubuntu/dioris-audit-repo/src/core/sdk/plugin-functions.ts?tss-serverfn-split:212:29 createServerFn().inputValidator() is deprecated. Use createServerFn().validator() instead.
[plugin tanstack-start-core::server-fn:ssr] /home/ubuntu/dioris-audit-repo/src/core/sdk/plugin-functions.ts?tss-serverfn-split:220:30 createServerFn().inputValidator() is deprecated. Use createServerFn().validator() instead.
[plugin tanstack-start-core::server-fn:ssr] /home/ubuntu/dioris-audit-repo/src/core/sdk/plugin-functions.ts?tss-serverfn-split:228:32 createServerFn().inputValidator() is deprecated. Use createServerFn().validator() instead.
[plugin tanstack-start-core::server-fn:ssr] /home/ubuntu/dioris-audit-repo/src/core/sdk/plugin-functions.ts?tss-serverfn-split:243:35 createServerFn().inputValidator() is deprecated. Use createServerFn().validator() instead.
[plugin tanstack-start-core::server-fn:ssr] /home/ubuntu/dioris-audit-repo/src/core/sdk/plugin-functions.ts?tss-serverfn-split:293:26 createServerFn().inputValidator() is deprecated. Use createServerFn().validator() instead.
[plugin tanstack-start-core::server-fn:ssr] /home/ubuntu/dioris-audit-repo/src/core/security/security.functions.ts?tss-serverfn-split:111:37 createServerFn().inputValidator() is deprecated. Use createServerFn().validator() instead.
[plugin tanstack-start-core::server-fn:ssr] /home/ubuntu/dioris-audit-repo/src/core/security/security.functions.ts?tss-serverfn-split:153:38 createServerFn().inputValidator() is deprecated. Use createServerFn().validator() instead.
[plugin tanstack-start-core::server-fn:ssr] /home/ubuntu/dioris-audit-repo/src/core/security/security.functions.ts?tss-serverfn-split:175:37 createServerFn().inputValidator() is deprecated. Use createServerFn().validator() instead.
[plugin tanstack-start-core::server-fn:ssr] /home/ubuntu/dioris-audit-repo/src/core/security/security.functions.ts?tss-serverfn-split:199:39 createServerFn().inputValidator() is deprecated. Use createServerFn().validator() instead.
[plugin tanstack-start-core::server-fn:ssr] /home/ubuntu/dioris-audit-repo/src/core/security/security.functions.ts?tss-serverfn-split:224:34 createServerFn().inputValidator() is deprecated. Use createServerFn().validator() instead.
[plugin tanstack-start-core::server-fn:ssr] /home/ubuntu/dioris-audit-repo/src/core/security/security.functions.ts?tss-serverfn-split:260:34 createServerFn().inputValidator() is deprecated. Use createServerFn().validator() instead.
[plugin tanstack-start-core::server-fn:ssr] /home/ubuntu/dioris-audit-repo/src/core/security/security.functions.ts?tss-serverfn-split:286:34 createServerFn().inputValidator() is deprecated. Use createServerFn().validator() instead.
[plugin tanstack-start-core::server-fn:ssr] /home/ubuntu/dioris-audit-repo/src/core/security/security.functions.ts?tss-serverfn-split:314:39 createServerFn().inputValidator() is deprecated. Use createServerFn().validator() instead.
[plugin tanstack-start-core::server-fn:ssr] /home/ubuntu/dioris-audit-repo/src/core/security/security.functions.ts?tss-serverfn-split:341:39 createServerFn().inputValidator() is deprecated. Use createServerFn().validator() instead.
[plugin tanstack-start-core::server-fn:ssr] /home/ubuntu/dioris-audit-repo/src/lib/admin-billing.functions.ts?tss-serverfn-split:86:38 createServerFn().inputValidator() is deprecated. Use createServerFn().validator() instead.
[plugin tanstack-start-core::server-fn:ssr] /home/ubuntu/dioris-audit-repo/src/core/recovery/recovery.functions.ts?tss-serverfn-split:119:37 createServerFn().inputValidator() is deprecated. Use createServerFn().validator() instead.
[plugin tanstack-start-core::server-fn:ssr] /home/ubuntu/dioris-audit-repo/src/core/recovery/recovery.functions.ts?tss-serverfn-split:153:37 createServerFn().inputValidator() is deprecated. Use createServerFn().validator() instead.
[plugin tanstack-start-core::server-fn:ssr] /home/ubuntu/dioris-audit-repo/src/core/recovery/recovery.functions.ts?tss-serverfn-split:175:39 createServerFn().inputValidator() is deprecated. Use createServerFn().validator() instead.
[plugin tanstack-start-core::server-fn:ssr] /home/ubuntu/dioris-audit-repo/src/core/recovery/recovery.functions.ts?tss-serverfn-split:202:39 createServerFn().inputValidator() is deprecated. Use createServerFn().validator() instead.
[plugin tanstack-start-core::server-fn:ssr] /home/ubuntu/dioris-audit-repo/src/core/recovery/recovery.functions.ts?tss-serverfn-split:244:37 createServerFn().inputValidator() is deprecated. Use createServerFn().validator() instead.
[plugin tanstack-start-core::server-fn:ssr] /home/ubuntu/dioris-audit-repo/src/core/recovery/recovery.functions.ts?tss-serverfn-split:291:39 createServerFn().inputValidator() is deprecated. Use createServerFn().validator() instead.
[plugin tanstack-start-core::server-fn:ssr] /home/ubuntu/dioris-audit-repo/src/core/recovery/recovery.functions.ts?tss-serverfn-split:324:35 createServerFn().inputValidator() is deprecated. Use createServerFn().validator() instead.
[plugin tanstack-start-core::server-fn:ssr] /home/ubuntu/dioris-audit-repo/src/core/recovery/recovery.functions.ts?tss-serverfn-split:342:40 createServerFn().inputValidator() is deprecated. Use createServerFn().validator() instead.
[plugin tanstack-start-core::server-fn:ssr] /home/ubuntu/dioris-audit-repo/src/core/recovery/recovery.functions.ts?tss-serverfn-split:391:35 createServerFn().inputValidator() is deprecated. Use createServerFn().validator() instead.
[plugin tanstack-start-core::server-fn:ssr] /home/ubuntu/dioris-audit-repo/src/core/recovery/recovery.functions.ts?tss-serverfn-split:425:35 createServerFn().inputValidator() is deprecated. Use createServerFn().validator() instead.
[plugin tanstack-start-core::server-fn:ssr] /home/ubuntu/dioris-audit-repo/src/core/recovery/recovery.functions.ts?tss-serverfn-split:438:34 createServerFn().inputValidator() is deprecated. Use createServerFn().validator() instead.
[plugin tanstack-start-core::server-fn:ssr] /home/ubuntu/dioris-audit-repo/src/core/ai/ai.functions.ts?tss-serverfn-split:62:31 createServerFn().inputValidator() is deprecated. Use createServerFn().validator() instead.
[plugin tanstack-start-core::server-fn:ssr] /home/ubuntu/dioris-audit-repo/src/core/ai/ai.functions.ts?tss-serverfn-split:89:31 createServerFn().inputValidator() is deprecated. Use createServerFn().validator() instead.
[plugin tanstack-start-core::server-fn:ssr] /home/ubuntu/dioris-audit-repo/src/core/ai/ai.functions.ts?tss-serverfn-split:116:36 createServerFn().inputValidator() is deprecated. Use createServerFn().validator() instead.
[plugin tanstack-start-core::server-fn:ssr] /home/ubuntu/dioris-audit-repo/src/core/assets/assets.functions.ts?tss-serverfn-split:25:35 createServerFn().inputValidator() is deprecated. Use createServerFn().validator() instead.
[plugin tanstack-start-core::server-fn:ssr] /home/ubuntu/dioris-audit-repo/src/core/assets/assets.functions.ts?tss-serverfn-split:38:37 createServerFn().inputValidator() is deprecated. Use createServerFn().validator() instead.
[plugin tanstack-start-core::server-fn:ssr] /home/ubuntu/dioris-audit-repo/src/core/assets/assets.functions.ts?tss-serverfn-split:46:35 createServerFn().inputValidator() is deprecated. Use createServerFn().validator() instead.
[plugin tanstack-start-core::server-fn:ssr] /home/ubuntu/dioris-audit-repo/src/core/assets/assets.functions.ts?tss-serverfn-split:70:33 createServerFn().inputValidator() is deprecated. Use createServerFn().validator() instead.
[plugin tanstack-start-core::server-fn:ssr] /home/ubuntu/dioris-audit-repo/src/core/assets/assets.functions.ts?tss-serverfn-split:79:30 createServerFn().inputValidator() is deprecated. Use createServerFn().validator() instead.
[plugin tanstack-start-core::server-fn:ssr] /home/ubuntu/dioris-audit-repo/src/core/assets/assets.functions.ts?tss-serverfn-split:88:33 createServerFn().inputValidator() is deprecated. Use createServerFn().validator() instead.
[plugin tanstack-start-core::server-fn:ssr] /home/ubuntu/dioris-audit-repo/src/core/assets/assets.functions.ts?tss-serverfn-split:103:27 createServerFn().inputValidator() is deprecated. Use createServerFn().validator() instead.
[plugin tanstack-start-core::server-fn:ssr] /home/ubuntu/dioris-audit-repo/src/lib/planner-production.functions.ts?tss-serverfn-split:71:37 createServerFn().inputValidator() is deprecated. Use createServerFn().validator() instead.
[plugin tanstack-start-core::server-fn:ssr] /home/ubuntu/dioris-audit-repo/src/lib/planner-production.functions.ts?tss-serverfn-split:97:35 createServerFn().inputValidator() is deprecated. Use createServerFn().validator() instead.
[plugin tanstack-start-core::server-fn:ssr] /home/ubuntu/dioris-audit-repo/src/lib/planner-production.functions.ts?tss-serverfn-split:185:38 createServerFn().inputValidator() is deprecated. Use createServerFn().validator() instead.
[plugin tanstack-start-core::server-fn:ssr] /home/ubuntu/dioris-audit-repo/src/lib/planner-production.functions.ts?tss-serverfn-split:273:41 createServerFn().inputValidator() is deprecated. Use createServerFn().validator() instead.
[plugin tanstack-start-core::server-fn:ssr] /home/ubuntu/dioris-audit-repo/src/lib/planner-production.functions.ts?tss-serverfn-split:306:43 createServerFn().inputValidator() is deprecated. Use createServerFn().validator() instead.
[plugin tanstack-start-core::server-fn:ssr] /home/ubuntu/dioris-audit-repo/src/lib/planner-production.functions.ts?tss-serverfn-split:327:31 createServerFn().inputValidator() is deprecated. Use createServerFn().validator() instead.
[plugin tanstack-start-core::server-fn:ssr] /home/ubuntu/dioris-audit-repo/src/lib/planner-production.functions.ts?tss-serverfn-split:378:38 createServerFn().inputValidator() is deprecated. Use createServerFn().validator() instead.
[plugin tanstack-start-core::server-fn:ssr] /home/ubuntu/dioris-audit-repo/src/lib/planner-production.functions.ts?tss-serverfn-split:420:28 createServerFn().inputValidator() is deprecated. Use createServerFn().validator() instead.
[plugin tanstack-start-core::server-fn:ssr] /home/ubuntu/dioris-audit-repo/src/core/billing/billing.functions.ts?tss-serverfn-split:149:31 createServerFn().inputValidator() is deprecated. Use createServerFn().validator() instead.
[plugin tanstack-start-core::server-fn:ssr] /home/ubuntu/dioris-audit-repo/src/core/integrations/integrations.functions.ts?tss-serverfn-split:125:34 createServerFn().inputValidator() is deprecated. Use createServerFn().validator() instead.
[plugin tanstack-start-core::server-fn:ssr] /home/ubuntu/dioris-audit-repo/src/core/integrations/integrations.functions.ts?tss-serverfn-split:151:34 createServerFn().inputValidator() is deprecated. Use createServerFn().validator() instead.
[plugin tanstack-start-core::server-fn:ssr] /home/ubuntu/dioris-audit-repo/src/core/integrations/integrations.functions.ts?tss-serverfn-split:261:32 createServerFn().inputValidator() is deprecated. Use createServerFn().validator() instead.
[plugin tanstack-start-core::server-fn:ssr] /home/ubuntu/dioris-audit-repo/src/core/integrations/integrations.functions.ts?tss-serverfn-split:291:32 createServerFn().inputValidator() is deprecated. Use createServerFn().validator() instead.
[plugin tanstack-start-core::server-fn:ssr] /home/ubuntu/dioris-audit-repo/src/core/integrations/integrations.functions.ts?tss-serverfn-split:311:30 createServerFn().inputValidator() is deprecated. Use createServerFn().validator() instead.
[plugin tanstack-start-core::server-fn:ssr] /home/ubuntu/dioris-audit-repo/src/core/integrations/integrations.functions.ts?tss-serverfn-split:324:35 createServerFn().inputValidator() is deprecated. Use createServerFn().validator() instead.
[plugin tanstack-start-core::server-fn:ssr] /home/ubuntu/dioris-audit-repo/src/modules/planner/domains/catalog/library.admin.functions.ts?tss-serverfn-split:35:35 createServerFn().inputValidator() is deprecated. Use createServerFn().validator() instead.
[plugin tanstack-start-core::server-fn:ssr] /home/ubuntu/dioris-audit-repo/src/modules/planner/domains/catalog/library.admin.functions.ts?tss-serverfn-split:61:34 createServerFn().inputValidator() is deprecated. Use createServerFn().validator() instead.
[plugin tanstack-start-core::server-fn:ssr] /home/ubuntu/dioris-audit-repo/src/modules/planner/domains/catalog/library.admin.functions.ts?tss-serverfn-split:140:37 createServerFn().inputValidator() is deprecated. Use createServerFn().validator() instead.
[plugin tanstack-start-core::server-fn:ssr] /home/ubuntu/dioris-audit-repo/src/modules/planner/domains/catalog/library.admin.functions.ts?tss-serverfn-split:162:36 createServerFn().inputValidator() is deprecated. Use createServerFn().validator() instead.
[plugin tanstack-start-core::server-fn:ssr] /home/ubuntu/dioris-audit-repo/src/modules/planner/domains/catalog/library.admin.functions.ts?tss-serverfn-split:184:36 createServerFn().inputValidator() is deprecated. Use createServerFn().validator() instead.
[plugin tanstack-start-core::server-fn:ssr] /home/ubuntu/dioris-audit-repo/src/modules/planner/domains/catalog/library.admin.functions.ts?tss-serverfn-split:208:36 createServerFn().inputValidator() is deprecated. Use createServerFn().validator() instead.
[plugin tanstack-start-core::server-fn:ssr] /home/ubuntu/dioris-audit-repo/src/modules/planner/domains/catalog/library.admin.functions.ts?tss-serverfn-split:232:36 createServerFn().inputValidator() is deprecated. Use createServerFn().validator() instead.
[plugin tanstack-start-core::server-fn:ssr] /home/ubuntu/dioris-audit-repo/src/modules/planner/domains/catalog/library.admin.functions.ts?tss-serverfn-split:251:36 createServerFn().inputValidator() is deprecated. Use createServerFn().validator() instead.
[plugin tanstack-start-core::server-fn:ssr] /home/ubuntu/dioris-audit-repo/src/modules/planner/domains/catalog/library.admin.functions.ts?tss-serverfn-split:301:37 createServerFn().inputValidator() is deprecated. Use createServerFn().validator() instead.
[plugin tanstack-start-core::server-fn:ssr] /home/ubuntu/dioris-audit-repo/src/modules/planner/domains/catalog/library.admin.functions.ts?tss-serverfn-split:427:39 createServerFn().inputValidator() is deprecated. Use createServerFn().validator() instead.
[plugin tanstack-start-core::server-fn:ssr] /home/ubuntu/dioris-audit-repo/src/lib/planner-materials.functions.ts?tss-serverfn-split:53:37 createServerFn().inputValidator() is deprecated. Use createServerFn().validator() instead.
[plugin tanstack-start-core::server-fn:ssr] /home/ubuntu/dioris-audit-repo/src/lib/planner-materials.functions.ts?tss-serverfn-split:115:43 createServerFn().inputValidator() is deprecated. Use createServerFn().validator() instead.
[plugin tanstack-start-core::server-fn:ssr] /home/ubuntu/dioris-audit-repo/src/lib/planner-materials.functions.ts?tss-serverfn-split:146:43 createServerFn().inputValidator() is deprecated. Use createServerFn().validator() instead.
[plugin tanstack-start-core::server-fn:ssr] /home/ubuntu/dioris-audit-repo/src/core/cache/cache.functions.ts?tss-serverfn-split:176:37 createServerFn().inputValidator() is deprecated. Use createServerFn().validator() instead.
[plugin tanstack-start-core::server-fn:ssr] /home/ubuntu/dioris-audit-repo/src/core/cache/cache.functions.ts?tss-serverfn-split:209:37 createServerFn().inputValidator() is deprecated. Use createServerFn().validator() instead.
[plugin tanstack-start-core::server-fn:ssr] /home/ubuntu/dioris-audit-repo/src/core/cache/cache.functions.ts?tss-serverfn-split:234:30 createServerFn().inputValidator() is deprecated. Use createServerFn().validator() instead.
[plugin tanstack-start-core::server-fn:ssr] /home/ubuntu/dioris-audit-repo/src/core/cache/cache.functions.ts?tss-serverfn-split:255:33 createServerFn().inputValidator() is deprecated. Use createServerFn().validator() instead.
[plugin tanstack-start-core::server-fn:ssr] /home/ubuntu/dioris-audit-repo/src/core/cache/cache.functions.ts?tss-serverfn-split:274:32 createServerFn().inputValidator() is deprecated. Use createServerFn().validator() instead.
[plugin tanstack-start-core::server-fn:ssr] /home/ubuntu/dioris-audit-repo/src/core/cache/cache.functions.ts?tss-serverfn-split:319:28 createServerFn().inputValidator() is deprecated. Use createServerFn().validator() instead.
[plugin tanstack-start-core::server-fn:ssr] /home/ubuntu/dioris-audit-repo/src/core/jobs/job.functions.ts?tss-serverfn-split:282:27 createServerFn().inputValidator() is deprecated. Use createServerFn().validator() instead.
[plugin tanstack-start-core::server-fn:ssr] /home/ubuntu/dioris-audit-repo/src/core/jobs/job.functions.ts?tss-serverfn-split:292:26 createServerFn().inputValidator() is deprecated. Use createServerFn().validator() instead.
[plugin tanstack-start-core::server-fn:ssr] /home/ubuntu/dioris-audit-repo/src/core/jobs/job.functions.ts?tss-serverfn-split:300:25 createServerFn().inputValidator() is deprecated. Use createServerFn().validator() instead.
[plugin tanstack-start-core::server-fn:ssr] /home/ubuntu/dioris-audit-repo/src/core/jobs/job.functions.ts?tss-serverfn-split:308:26 createServerFn().inputValidator() is deprecated. Use createServerFn().validator() instead.
[plugin tanstack-start-core::server-fn:ssr] /home/ubuntu/dioris-audit-repo/src/core/jobs/job.functions.ts?tss-serverfn-split:323:28 createServerFn().inputValidator() is deprecated. Use createServerFn().validator() instead.
[plugin tanstack-start-core::server-fn:ssr] /home/ubuntu/dioris-audit-repo/src/core/jobs/job.functions.ts?tss-serverfn-split:355:27 createServerFn().inputValidator() is deprecated. Use createServerFn().validator() instead.
[plugin tanstack-start-core::server-fn:ssr] /home/ubuntu/dioris-audit-repo/src/core/jobs/job.functions.ts?tss-serverfn-split:382:27 createServerFn().inputValidator() is deprecated. Use createServerFn().validator() instead.
[plugin tanstack-start-core::server-fn:ssr] /home/ubuntu/dioris-audit-repo/src/core/jobs/job.functions.ts?tss-serverfn-split:401:34 createServerFn().inputValidator() is deprecated. Use createServerFn().validator() instead.
[plugin tanstack-start-core::server-fn:ssr] /home/ubuntu/dioris-audit-repo/src/core/jobs/job.functions.ts?tss-serverfn-split:409:27 createServerFn().inputValidator() is deprecated. Use createServerFn().validator() instead.
[plugin tanstack-start-core::server-fn:ssr] /home/ubuntu/dioris-audit-repo/src/lib/planner-ai.functions.ts?tss-serverfn-split:74:31 createServerFn().inputValidator() is deprecated. Use createServerFn().validator() instead.
[plugin tanstack-start-core::server-fn:ssr] /home/ubuntu/dioris-audit-repo/src/lib/planner-ai.functions.ts?tss-serverfn-split:99:32 createServerFn().inputValidator() is deprecated. Use createServerFn().validator() instead.
[plugin tanstack-start-core::server-fn:ssr] /home/ubuntu/dioris-audit-repo/src/lib/planner-ai.functions.ts?tss-serverfn-split:152:29 createServerFn().inputValidator() is deprecated. Use createServerFn().validator() instead.
[plugin tanstack-start-core::server-fn:ssr] /home/ubuntu/dioris-audit-repo/src/lib/planner-ai.functions.ts?tss-serverfn-split:220:32 createServerFn().inputValidator() is deprecated. Use createServerFn().validator() instead.
[plugin tanstack-start-core::server-fn:ssr] /home/ubuntu/dioris-audit-repo/src/lib/planner-ai.functions.ts?tss-serverfn-split:238:32 createServerFn().inputValidator() is deprecated. Use createServerFn().validator() instead.
[plugin tanstack-start-core::server-fn:ssr] /home/ubuntu/dioris-audit-repo/src/lib/planner-ai.functions.ts?tss-serverfn-split:266:32 createServerFn().inputValidator() is deprecated. Use createServerFn().validator() instead.
[plugin tanstack-start-core::server-fn:ssr] /home/ubuntu/dioris-audit-repo/src/lib/planner-ai.functions.ts?tss-serverfn-split:368:33 createServerFn().inputValidator() is deprecated. Use createServerFn().validator() instead.
[plugin tanstack-start-core::server-fn:ssr] /home/ubuntu/dioris-audit-repo/src/lib/planner-ai.functions.ts?tss-serverfn-split:430:29 createServerFn().inputValidator() is deprecated. Use createServerFn().validator() instead.
[plugin tanstack-start-core::server-fn:ssr] /home/ubuntu/dioris-audit-repo/src/lib/planner-ai.functions.ts?tss-serverfn-split:454:31 createServerFn().inputValidator() is deprecated. Use createServerFn().validator() instead.
[plugin tanstack-start-core::server-fn:ssr] /home/ubuntu/dioris-audit-repo/src/lib/planner-ai.functions.ts?tss-serverfn-split:478:31 createServerFn().inputValidator() is deprecated. Use createServerFn().validator() instead.
[plugin tanstack-start-core::server-fn:ssr] /home/ubuntu/dioris-audit-repo/src/lib/planner-ai.functions.ts?tss-serverfn-split:493:29 createServerFn().inputValidator() is deprecated. Use createServerFn().validator() instead.
[plugin tanstack-start-core::server-fn:ssr] /home/ubuntu/dioris-audit-repo/src/lib/admin-blog.functions.ts?tss-serverfn-split:100:36 createServerFn().inputValidator() is deprecated. Use createServerFn().validator() instead.
[plugin tanstack-start-core::server-fn:ssr] /home/ubuntu/dioris-audit-repo/src/lib/admin-blog.functions.ts?tss-serverfn-split:158:36 createServerFn().inputValidator() is deprecated. Use createServerFn().validator() instead.
[plugin tanstack-start-core::server-fn:ssr] /home/ubuntu/dioris-audit-repo/src/lib/planner-quotes.functions.ts?tss-serverfn-split:87:27 createServerFn().inputValidator() is deprecated. Use createServerFn().validator() instead.
[plugin tanstack-start-core::server-fn:ssr] /home/ubuntu/dioris-audit-repo/src/lib/planner-quotes.functions.ts?tss-serverfn-split:112:25 createServerFn().inputValidator() is deprecated. Use createServerFn().validator() instead.
[plugin tanstack-start-core::server-fn:ssr] /home/ubuntu/dioris-audit-repo/src/lib/planner-quotes.functions.ts?tss-serverfn-split:206:28 createServerFn().inputValidator() is deprecated. Use createServerFn().validator() instead.
[plugin tanstack-start-core::server-fn:ssr] /home/ubuntu/dioris-audit-repo/src/lib/planner-quotes.functions.ts?tss-serverfn-split:276:28 createServerFn().inputValidator() is deprecated. Use createServerFn().validator() instead.
[plugin tanstack-start-core::server-fn:ssr] /home/ubuntu/dioris-audit-repo/src/lib/planner-quotes.functions.ts?tss-serverfn-split:353:31 createServerFn().inputValidator() is deprecated. Use createServerFn().validator() instead.
[plugin tanstack-start-core::server-fn:ssr] /home/ubuntu/dioris-audit-repo/src/lib/planner-quotes.functions.ts?tss-serverfn-split:376:28 createServerFn().inputValidator() is deprecated. Use createServerFn().validator() instead.
[plugin tanstack-start-core::server-fn:ssr] /home/ubuntu/dioris-audit-repo/src/lib/planner-quotes.functions.ts?tss-serverfn-split:391:38 createServerFn().inputValidator() is deprecated. Use createServerFn().validator() instead.
[plugin tanstack-start-core::server-fn:ssr] /home/ubuntu/dioris-audit-repo/src/core/quality/quality.functions.ts?tss-serverfn-split:104:35 createServerFn().inputValidator() is deprecated. Use createServerFn().validator() instead.
[plugin tanstack-start-core::server-fn:ssr] /home/ubuntu/dioris-audit-repo/src/core/quality/quality.functions.ts?tss-serverfn-split:140:35 createServerFn().inputValidator() is deprecated. Use createServerFn().validator() instead.
[plugin tanstack-start-core::server-fn:ssr] /home/ubuntu/dioris-audit-repo/src/core/quality/quality.functions.ts?tss-serverfn-split:174:33 createServerFn().inputValidator() is deprecated. Use createServerFn().validator() instead.
[plugin tanstack-start-core::server-fn:ssr] /home/ubuntu/dioris-audit-repo/src/core/quality/quality.functions.ts?tss-serverfn-split:201:38 createServerFn().inputValidator() is deprecated. Use createServerFn().validator() instead.
[plugin tanstack-start-core::server-fn:ssr] /home/ubuntu/dioris-audit-repo/src/core/quality/quality.functions.ts?tss-serverfn-split:250:34 createServerFn().inputValidator() is deprecated. Use createServerFn().validator() instead.
[plugin tanstack-start-core::server-fn:ssr] /home/ubuntu/dioris-audit-repo/src/core/quality/quality.functions.ts?tss-serverfn-split:284:34 createServerFn().inputValidator() is deprecated. Use createServerFn().validator() instead.
[plugin tanstack-start-core::server-fn:ssr] /home/ubuntu/dioris-audit-repo/src/core/cicd/cicd.functions.ts?tss-serverfn-split:112:38 createServerFn().inputValidator() is deprecated. Use createServerFn().validator() instead.
[plugin tanstack-start-core::server-fn:ssr] /home/ubuntu/dioris-audit-repo/src/core/cicd/cicd.functions.ts?tss-serverfn-split:144:38 createServerFn().inputValidator() is deprecated. Use createServerFn().validator() instead.
[plugin tanstack-start-core::server-fn:ssr] /home/ubuntu/dioris-audit-repo/src/core/cicd/cicd.functions.ts?tss-serverfn-split:200:35 createServerFn().inputValidator() is deprecated. Use createServerFn().validator() instead.
[plugin tanstack-start-core::server-fn:ssr] /home/ubuntu/dioris-audit-repo/src/core/cicd/cicd.functions.ts?tss-serverfn-split:233:35 createServerFn().inputValidator() is deprecated. Use createServerFn().validator() instead.
[plugin tanstack-start-core::server-fn:ssr] /home/ubuntu/dioris-audit-repo/src/core/cicd/cicd.functions.ts?tss-serverfn-split:262:32 createServerFn().inputValidator() is deprecated. Use createServerFn().validator() instead.
[plugin tanstack-start-core::server-fn:ssr] /home/ubuntu/dioris-audit-repo/src/core/cicd/cicd.functions.ts?tss-serverfn-split:304:33 createServerFn().inputValidator() is deprecated. Use createServerFn().validator() instead.
[plugin tanstack-start-core::server-fn:ssr] /home/ubuntu/dioris-audit-repo/src/core/cicd/cicd.functions.ts?tss-serverfn-split:331:35 createServerFn().inputValidator() is deprecated. Use createServerFn().validator() instead.
[plugin tanstack-start-core::server-fn:ssr] /home/ubuntu/dioris-audit-repo/src/core/cicd/cicd.functions.ts?tss-serverfn-split:349:34 createServerFn().inputValidator() is deprecated. Use createServerFn().validator() instead.
[plugin tanstack-start-core::server-fn:ssr] /home/ubuntu/dioris-audit-repo/src/core/cicd/cicd.functions.ts?tss-serverfn-split:381:34 createServerFn().inputValidator() is deprecated. Use createServerFn().validator() instead.
[plugin tanstack-start-core::server-fn:ssr] /home/ubuntu/dioris-audit-repo/src/core/cicd/cicd.functions.ts?tss-serverfn-split:404:35 createServerFn().inputValidator() is deprecated. Use createServerFn().validator() instead.
[plugin tanstack-start-core::server-fn:ssr] /home/ubuntu/dioris-audit-repo/src/core/cicd/cicd.functions.ts?tss-serverfn-split:433:35 createServerFn().inputValidator() is deprecated. Use createServerFn().validator() instead.
[plugin tanstack-start-core::server-fn:ssr] /home/ubuntu/dioris-audit-repo/src/lib/planner-render.functions.ts?tss-serverfn-split:77:31 createServerFn().inputValidator() is deprecated. Use createServerFn().validator() instead.
[plugin tanstack-start-core::server-fn:ssr] /home/ubuntu/dioris-audit-repo/src/lib/planner-render.functions.ts?tss-serverfn-split:99:29 createServerFn().inputValidator() is deprecated. Use createServerFn().validator() instead.
[plugin tanstack-start-core::server-fn:ssr] /home/ubuntu/dioris-audit-repo/src/lib/planner-render.functions.ts?tss-serverfn-split:165:33 createServerFn().inputValidator() is deprecated. Use createServerFn().validator() instead.
[plugin tanstack-start-core::server-fn:ssr] /home/ubuntu/dioris-audit-repo/src/lib/planner-render.functions.ts?tss-serverfn-split:248:32 createServerFn().inputValidator() is deprecated. Use createServerFn().validator() instead.
[plugin tanstack-start-core::server-fn:ssr] /home/ubuntu/dioris-audit-repo/src/lib/planner-render.functions.ts?tss-serverfn-split:264:32 createServerFn().inputValidator() is deprecated. Use createServerFn().validator() instead.
[plugin tanstack-start-core::server-fn:ssr] /home/ubuntu/dioris-audit-repo/src/lib/planner-render.functions.ts?tss-serverfn-split:279:34 createServerFn().inputValidator() is deprecated. Use createServerFn().validator() instead.
[plugin tanstack-start-core::server-fn:ssr] /home/ubuntu/dioris-audit-repo/src/lib/planner-render.functions.ts?tss-serverfn-split:341:37 createServerFn().inputValidator() is deprecated. Use createServerFn().validator() instead.
[plugin tanstack-start-core::server-fn:ssr] /home/ubuntu/dioris-audit-repo/src/core/api-gateway/api-gateway.functions.ts?tss-serverfn-split:166:29 createServerFn().inputValidator() is deprecated. Use createServerFn().validator() instead.
[plugin tanstack-start-core::server-fn:ssr] /home/ubuntu/dioris-audit-repo/src/core/api-gateway/api-gateway.functions.ts?tss-serverfn-split:192:29 createServerFn().inputValidator() is deprecated. Use createServerFn().validator() instead.
[plugin tanstack-start-core::server-fn:ssr] /home/ubuntu/dioris-audit-repo/src/core/api-gateway/api-gateway.functions.ts?tss-serverfn-split:204:29 createServerFn().inputValidator() is deprecated. Use createServerFn().validator() instead.
[plugin tanstack-start-core::server-fn:ssr] /home/ubuntu/dioris-audit-repo/src/core/api-gateway/api-gateway.functions.ts?tss-serverfn-split:230:35 createServerFn().inputValidator() is deprecated. Use createServerFn().validator() instead.
[plugin tanstack-start-core::server-fn:ssr] /home/ubuntu/dioris-audit-repo/src/core/api-gateway/api-gateway.functions.ts?tss-serverfn-split:257:31 createServerFn().inputValidator() is deprecated. Use createServerFn().validator() instead.
[plugin tanstack-start-core::server-fn:ssr] /home/ubuntu/dioris-audit-repo/src/core/api-gateway/api-gateway.functions.ts?tss-serverfn-split:297:36 createServerFn().inputValidator() is deprecated. Use createServerFn().validator() instead.
[plugin tanstack-start-core::server-fn:ssr] /home/ubuntu/dioris-audit-repo/src/core/api-gateway/api-gateway.functions.ts?tss-serverfn-split:330:33 createServerFn().inputValidator() is deprecated. Use createServerFn().validator() instead.
[plugin tanstack-start-core::server-fn:ssr] /home/ubuntu/dioris-audit-repo/src/core/api-gateway/api-gateway.functions.ts?tss-serverfn-split:361:33 createServerFn().inputValidator() is deprecated. Use createServerFn().validator() instead.
[plugin tanstack-start-core::server-fn:ssr] /home/ubuntu/dioris-audit-repo/src/core/api-gateway/api-gateway.functions.ts?tss-serverfn-split:373:33 createServerFn().inputValidator() is deprecated. Use createServerFn().validator() instead.
[plugin tanstack-start-core::server-fn:ssr] /home/ubuntu/dioris-audit-repo/src/lib/planner-catalog.functions.ts?tss-serverfn-split:60:37 createServerFn().inputValidator() is deprecated. Use createServerFn().validator() instead.
[plugin tanstack-start-core::server-fn:ssr] /home/ubuntu/dioris-audit-repo/src/lib/planner-catalog.functions.ts?tss-serverfn-split:116:36 createServerFn().inputValidator() is deprecated. Use createServerFn().validator() instead.
[plugin tanstack-start-core::server-fn:ssr] /home/ubuntu/dioris-audit-repo/src/core/billing/billing.functions.ts:149:31 createServerFn().inputValidator() is deprecated. Use createServerFn().validator() instead.
[plugin tanstack-start-core::server-fn:ssr] /home/ubuntu/dioris-audit-repo/src/lib/public-blog.functions.ts:80:34 createServerFn().inputValidator() is deprecated. Use createServerFn().validator() instead.
[plugin tanstack-start-core::server-fn:ssr] /home/ubuntu/dioris-audit-repo/src/lib/planner-projects.functions.ts:63:27 createServerFn().inputValidator() is deprecated. Use createServerFn().validator() instead.
[plugin tanstack-start-core::server-fn:ssr] /home/ubuntu/dioris-audit-repo/src/lib/planner-projects.functions.ts:77:33 createServerFn().inputValidator() is deprecated. Use createServerFn().validator() instead.
[plugin tanstack-start-core::server-fn:ssr] /home/ubuntu/dioris-audit-repo/src/lib/planner-projects.functions.ts:106:30 createServerFn().inputValidator() is deprecated. Use createServerFn().validator() instead.
[plugin tanstack-start-core::server-fn:ssr] /home/ubuntu/dioris-audit-repo/src/lib/planner-projects.functions.ts:131:33 createServerFn().inputValidator() is deprecated. Use createServerFn().validator() instead.
[plugin tanstack-start-core::server-fn:ssr] /home/ubuntu/dioris-audit-repo/src/lib/planner-projects.functions.ts:153:30 createServerFn().inputValidator() is deprecated. Use createServerFn().validator() instead.
[plugin tanstack-start-core::server-fn:ssr] /home/ubuntu/dioris-audit-repo/src/lib/checkout.functions.ts:86:34 createServerFn().inputValidator() is deprecated. Use createServerFn().validator() instead.
[plugin tanstack-start-core::server-fn:ssr] /home/ubuntu/dioris-audit-repo/src/lib/checkout.functions.ts:159:33 createServerFn().inputValidator() is deprecated. Use createServerFn().validator() instead.
[plugin tanstack-start-core::server-fn:ssr] /home/ubuntu/dioris-audit-repo/src/modules/planner/domains/catalog/library.admin.functions.ts:35:35 createServerFn().inputValidator() is deprecated. Use createServerFn().validator() instead.
[plugin tanstack-start-core::server-fn:ssr] /home/ubuntu/dioris-audit-repo/src/modules/planner/domains/catalog/library.admin.functions.ts:61:34 createServerFn().inputValidator() is deprecated. Use createServerFn().validator() instead.
[plugin tanstack-start-core::server-fn:ssr] /home/ubuntu/dioris-audit-repo/src/modules/planner/domains/catalog/library.admin.functions.ts:140:37 createServerFn().inputValidator() is deprecated. Use createServerFn().validator() instead.
[plugin tanstack-start-core::server-fn:ssr] /home/ubuntu/dioris-audit-repo/src/modules/planner/domains/catalog/library.admin.functions.ts:162:36 createServerFn().inputValidator() is deprecated. Use createServerFn().validator() instead.
[plugin tanstack-start-core::server-fn:ssr] /home/ubuntu/dioris-audit-repo/src/modules/planner/domains/catalog/library.admin.functions.ts:184:36 createServerFn().inputValidator() is deprecated. Use createServerFn().validator() instead.
[plugin tanstack-start-core::server-fn:ssr] /home/ubuntu/dioris-audit-repo/src/modules/planner/domains/catalog/library.admin.functions.ts:208:36 createServerFn().inputValidator() is deprecated. Use createServerFn().validator() instead.
[plugin tanstack-start-core::server-fn:ssr] /home/ubuntu/dioris-audit-repo/src/modules/planner/domains/catalog/library.admin.functions.ts:232:36 createServerFn().inputValidator() is deprecated. Use createServerFn().validator() instead.
[plugin tanstack-start-core::server-fn:ssr] /home/ubuntu/dioris-audit-repo/src/modules/planner/domains/catalog/library.admin.functions.ts:251:36 createServerFn().inputValidator() is deprecated. Use createServerFn().validator() instead.
[plugin tanstack-start-core::server-fn:ssr] /home/ubuntu/dioris-audit-repo/src/modules/planner/domains/catalog/library.admin.functions.ts:301:37 createServerFn().inputValidator() is deprecated. Use createServerFn().validator() instead.
[plugin tanstack-start-core::server-fn:ssr] /home/ubuntu/dioris-audit-repo/src/modules/planner/domains/catalog/library.admin.functions.ts:427:39 createServerFn().inputValidator() is deprecated. Use createServerFn().validator() instead.
[plugin tanstack-start-core::server-fn:ssr] /home/ubuntu/dioris-audit-repo/src/lib/planner-render.functions.ts:77:31 createServerFn().inputValidator() is deprecated. Use createServerFn().validator() instead.
[plugin tanstack-start-core::server-fn:ssr] /home/ubuntu/dioris-audit-repo/src/lib/planner-render.functions.ts:99:29 createServerFn().inputValidator() is deprecated. Use createServerFn().validator() instead.
[plugin tanstack-start-core::server-fn:ssr] /home/ubuntu/dioris-audit-repo/src/lib/planner-render.functions.ts:165:33 createServerFn().inputValidator() is deprecated. Use createServerFn().validator() instead.
[plugin tanstack-start-core::server-fn:ssr] /home/ubuntu/dioris-audit-repo/src/lib/planner-render.functions.ts:248:32 createServerFn().inputValidator() is deprecated. Use createServerFn().validator() instead.
[plugin tanstack-start-core::server-fn:ssr] /home/ubuntu/dioris-audit-repo/src/lib/planner-render.functions.ts:264:32 createServerFn().inputValidator() is deprecated. Use createServerFn().validator() instead.
[plugin tanstack-start-core::server-fn:ssr] /home/ubuntu/dioris-audit-repo/src/lib/planner-render.functions.ts:279:34 createServerFn().inputValidator() is deprecated. Use createServerFn().validator() instead.
[plugin tanstack-start-core::server-fn:ssr] /home/ubuntu/dioris-audit-repo/src/lib/planner-render.functions.ts:341:37 createServerFn().inputValidator() is deprecated. Use createServerFn().validator() instead.
[plugin tanstack-start-core::server-fn:ssr] /home/ubuntu/dioris-audit-repo/src/lib/admin-billing.functions.ts:86:38 createServerFn().inputValidator() is deprecated. Use createServerFn().validator() instead.
[plugin tanstack-start-core::server-fn:ssr] /home/ubuntu/dioris-audit-repo/src/lib/planner-quotes.functions.ts:87:27 createServerFn().inputValidator() is deprecated. Use createServerFn().validator() instead.
[plugin tanstack-start-core::server-fn:ssr] /home/ubuntu/dioris-audit-repo/src/lib/planner-quotes.functions.ts:112:25 createServerFn().inputValidator() is deprecated. Use createServerFn().validator() instead.
[plugin tanstack-start-core::server-fn:ssr] /home/ubuntu/dioris-audit-repo/src/lib/planner-quotes.functions.ts:206:28 createServerFn().inputValidator() is deprecated. Use createServerFn().validator() instead.
[plugin tanstack-start-core::server-fn:ssr] /home/ubuntu/dioris-audit-repo/src/lib/planner-quotes.functions.ts:276:28 createServerFn().inputValidator() is deprecated. Use createServerFn().validator() instead.
[plugin tanstack-start-core::server-fn:ssr] /home/ubuntu/dioris-audit-repo/src/lib/planner-quotes.functions.ts:353:31 createServerFn().inputValidator() is deprecated. Use createServerFn().validator() instead.
[plugin tanstack-start-core::server-fn:ssr] /home/ubuntu/dioris-audit-repo/src/lib/planner-quotes.functions.ts:376:28 createServerFn().inputValidator() is deprecated. Use createServerFn().validator() instead.
[plugin tanstack-start-core::server-fn:ssr] /home/ubuntu/dioris-audit-repo/src/lib/planner-quotes.functions.ts:391:38 createServerFn().inputValidator() is deprecated. Use createServerFn().validator() instead.
[plugin tanstack-start-core::server-fn:ssr] /home/ubuntu/dioris-audit-repo/src/core/ai/ai.functions.ts:62:31 createServerFn().inputValidator() is deprecated. Use createServerFn().validator() instead.
[plugin tanstack-start-core::server-fn:ssr] /home/ubuntu/dioris-audit-repo/src/core/ai/ai.functions.ts:89:31 createServerFn().inputValidator() is deprecated. Use createServerFn().validator() instead.
[plugin tanstack-start-core::server-fn:ssr] /home/ubuntu/dioris-audit-repo/src/core/ai/ai.functions.ts:116:36 createServerFn().inputValidator() is deprecated. Use createServerFn().validator() instead.
[plugin tanstack-start-core::server-fn:ssr] /home/ubuntu/dioris-audit-repo/src/lib/admin-blog.functions.ts:100:36 createServerFn().inputValidator() is deprecated. Use createServerFn().validator() instead.
[plugin tanstack-start-core::server-fn:ssr] /home/ubuntu/dioris-audit-repo/src/lib/admin-blog.functions.ts:158:36 createServerFn().inputValidator() is deprecated. Use createServerFn().validator() instead.
[plugin tanstack-start-core::server-fn:ssr] /home/ubuntu/dioris-audit-repo/src/lib/planner-materials.functions.ts:53:37 createServerFn().inputValidator() is deprecated. Use createServerFn().validator() instead.
[plugin tanstack-start-core::server-fn:ssr] /home/ubuntu/dioris-audit-repo/src/lib/planner-materials.functions.ts:115:43 createServerFn().inputValidator() is deprecated. Use createServerFn().validator() instead.
[plugin tanstack-start-core::server-fn:ssr] /home/ubuntu/dioris-audit-repo/src/lib/planner-materials.functions.ts:146:43 createServerFn().inputValidator() is deprecated. Use createServerFn().validator() instead.
[plugin tanstack-start-core::server-fn:ssr] /home/ubuntu/dioris-audit-repo/src/lib/planner-ai.functions.ts:74:31 createServerFn().inputValidator() is deprecated. Use createServerFn().validator() instead.
[plugin tanstack-start-core::server-fn:ssr] /home/ubuntu/dioris-audit-repo/src/lib/planner-ai.functions.ts:99:32 createServerFn().inputValidator() is deprecated. Use createServerFn().validator() instead.
[plugin tanstack-start-core::server-fn:ssr] /home/ubuntu/dioris-audit-repo/src/lib/planner-ai.functions.ts:152:29 createServerFn().inputValidator() is deprecated. Use createServerFn().validator() instead.
[plugin tanstack-start-core::server-fn:ssr] /home/ubuntu/dioris-audit-repo/src/lib/planner-ai.functions.ts:220:32 createServerFn().inputValidator() is deprecated. Use createServerFn().validator() instead.
[plugin tanstack-start-core::server-fn:ssr] /home/ubuntu/dioris-audit-repo/src/lib/planner-ai.functions.ts:238:32 createServerFn().inputValidator() is deprecated. Use createServerFn().validator() instead.
[plugin tanstack-start-core::server-fn:ssr] /home/ubuntu/dioris-audit-repo/src/lib/planner-ai.functions.ts:266:32 createServerFn().inputValidator() is deprecated. Use createServerFn().validator() instead.
[plugin tanstack-start-core::server-fn:ssr] /home/ubuntu/dioris-audit-repo/src/lib/planner-ai.functions.ts:368:33 createServerFn().inputValidator() is deprecated. Use createServerFn().validator() instead.
[plugin tanstack-start-core::server-fn:ssr] /home/ubuntu/dioris-audit-repo/src/lib/planner-ai.functions.ts:430:29 createServerFn().inputValidator() is deprecated. Use createServerFn().validator() instead.
[plugin tanstack-start-core::server-fn:ssr] /home/ubuntu/dioris-audit-repo/src/lib/planner-ai.functions.ts:454:31 createServerFn().inputValidator() is deprecated. Use createServerFn().validator() instead.
[plugin tanstack-start-core::server-fn:ssr] /home/ubuntu/dioris-audit-repo/src/lib/planner-ai.functions.ts:478:31 createServerFn().inputValidator() is deprecated. Use createServerFn().validator() instead.
[plugin tanstack-start-core::server-fn:ssr] /home/ubuntu/dioris-audit-repo/src/lib/planner-ai.functions.ts:493:29 createServerFn().inputValidator() is deprecated. Use createServerFn().validator() instead.
[plugin tanstack-start-core::server-fn:ssr] /home/ubuntu/dioris-audit-repo/src/lib/planner-assets.functions.ts:28:33 createServerFn().inputValidator() is deprecated. Use createServerFn().validator() instead.
[plugin tanstack-start-core::server-fn:ssr] /home/ubuntu/dioris-audit-repo/src/lib/planner-assets.functions.ts:45:34 createServerFn().inputValidator() is deprecated. Use createServerFn().validator() instead.
[plugin tanstack-start-core::server-fn:ssr] /home/ubuntu/dioris-audit-repo/src/lib/planner-assets.functions.ts:96:27 createServerFn().inputValidator() is deprecated. Use createServerFn().validator() instead.
[plugin tanstack-start-core::server-fn:ssr] /home/ubuntu/dioris-audit-repo/src/lib/planner-assets.functions.ts:120:25 createServerFn().inputValidator() is deprecated. Use createServerFn().validator() instead.
[plugin tanstack-start-core::server-fn:ssr] /home/ubuntu/dioris-audit-repo/src/lib/planner-assets.functions.ts:174:33 createServerFn().inputValidator() is deprecated. Use createServerFn().validator() instead.
[plugin tanstack-start-core::server-fn:ssr] /home/ubuntu/dioris-audit-repo/src/lib/planner-assets.functions.ts:243:36 createServerFn().inputValidator() is deprecated. Use createServerFn().validator() instead.
[plugin tanstack-start-core::server-fn:ssr] /home/ubuntu/dioris-audit-repo/src/lib/planner-assets.functions.ts:302:32 createServerFn().inputValidator() is deprecated. Use createServerFn().validator() instead.
[plugin tanstack-start-core::server-fn:ssr] /home/ubuntu/dioris-audit-repo/src/lib/planner-assets.functions.ts:335:34 createServerFn().inputValidator() is deprecated. Use createServerFn().validator() instead.
[plugin tanstack-start-core::server-fn:ssr] /home/ubuntu/dioris-audit-repo/src/lib/planner-assets.functions.ts:391:35 createServerFn().inputValidator() is deprecated. Use createServerFn().validator() instead.
[plugin tanstack-start-core::server-fn:ssr] /home/ubuntu/dioris-audit-repo/src/lib/planner-assets.functions.ts:425:32 createServerFn().inputValidator() is deprecated. Use createServerFn().validator() instead.
[plugin tanstack-start-core::server-fn:ssr] /home/ubuntu/dioris-audit-repo/src/lib/planner-assets.functions.ts:445:29 createServerFn().inputValidator() is deprecated. Use createServerFn().validator() instead.
[plugin tanstack-start-core::server-fn:ssr] /home/ubuntu/dioris-audit-repo/src/lib/planner-assets.functions.ts:491:34 createServerFn().inputValidator() is deprecated. Use createServerFn().validator() instead.
[plugin tanstack-start-core::server-fn:ssr] /home/ubuntu/dioris-audit-repo/src/lib/planner-production.functions.ts:71:37 createServerFn().inputValidator() is deprecated. Use createServerFn().validator() instead.
[plugin tanstack-start-core::server-fn:ssr] /home/ubuntu/dioris-audit-repo/src/lib/planner-production.functions.ts:97:35 createServerFn().inputValidator() is deprecated. Use createServerFn().validator() instead.
[plugin tanstack-start-core::server-fn:ssr] /home/ubuntu/dioris-audit-repo/src/lib/planner-production.functions.ts:185:38 createServerFn().inputValidator() is deprecated. Use createServerFn().validator() instead.
[plugin tanstack-start-core::server-fn:ssr] /home/ubuntu/dioris-audit-repo/src/lib/planner-production.functions.ts:273:41 createServerFn().inputValidator() is deprecated. Use createServerFn().validator() instead.
[plugin tanstack-start-core::server-fn:ssr] /home/ubuntu/dioris-audit-repo/src/lib/planner-production.functions.ts:306:43 createServerFn().inputValidator() is deprecated. Use createServerFn().validator() instead.
[plugin tanstack-start-core::server-fn:ssr] /home/ubuntu/dioris-audit-repo/src/lib/planner-production.functions.ts:327:31 createServerFn().inputValidator() is deprecated. Use createServerFn().validator() instead.
[plugin tanstack-start-core::server-fn:ssr] /home/ubuntu/dioris-audit-repo/src/lib/planner-production.functions.ts:378:38 createServerFn().inputValidator() is deprecated. Use createServerFn().validator() instead.
[plugin tanstack-start-core::server-fn:ssr] /home/ubuntu/dioris-audit-repo/src/lib/planner-production.functions.ts:420:28 createServerFn().inputValidator() is deprecated. Use createServerFn().validator() instead.
[plugin tanstack-start-core::server-fn:ssr] /home/ubuntu/dioris-audit-repo/src/core/cache/cache.functions.ts:176:37 createServerFn().inputValidator() is deprecated. Use createServerFn().validator() instead.
[plugin tanstack-start-core::server-fn:ssr] /home/ubuntu/dioris-audit-repo/src/core/cache/cache.functions.ts:209:37 createServerFn().inputValidator() is deprecated. Use createServerFn().validator() instead.
[plugin tanstack-start-core::server-fn:ssr] /home/ubuntu/dioris-audit-repo/src/core/cache/cache.functions.ts:234:30 createServerFn().inputValidator() is deprecated. Use createServerFn().validator() instead.
[plugin tanstack-start-core::server-fn:ssr] /home/ubuntu/dioris-audit-repo/src/core/cache/cache.functions.ts:255:33 createServerFn().inputValidator() is deprecated. Use createServerFn().validator() instead.
[plugin tanstack-start-core::server-fn:ssr] /home/ubuntu/dioris-audit-repo/src/core/cache/cache.functions.ts:274:32 createServerFn().inputValidator() is deprecated. Use createServerFn().validator() instead.
[plugin tanstack-start-core::server-fn:ssr] /home/ubuntu/dioris-audit-repo/src/core/cache/cache.functions.ts:319:28 createServerFn().inputValidator() is deprecated. Use createServerFn().validator() instead.
[plugin tanstack-start-core::server-fn:ssr] /home/ubuntu/dioris-audit-repo/src/core/integrations/integrations.functions.ts:125:34 createServerFn().inputValidator() is deprecated. Use createServerFn().validator() instead.
[plugin tanstack-start-core::server-fn:ssr] /home/ubuntu/dioris-audit-repo/src/core/integrations/integrations.functions.ts:151:34 createServerFn().inputValidator() is deprecated. Use createServerFn().validator() instead.
[plugin tanstack-start-core::server-fn:ssr] /home/ubuntu/dioris-audit-repo/src/core/integrations/integrations.functions.ts:261:32 createServerFn().inputValidator() is deprecated. Use createServerFn().validator() instead.
[plugin tanstack-start-core::server-fn:ssr] /home/ubuntu/dioris-audit-repo/src/core/integrations/integrations.functions.ts:291:32 createServerFn().inputValidator() is deprecated. Use createServerFn().validator() instead.
[plugin tanstack-start-core::server-fn:ssr] /home/ubuntu/dioris-audit-repo/src/core/integrations/integrations.functions.ts:311:30 createServerFn().inputValidator() is deprecated. Use createServerFn().validator() instead.
[plugin tanstack-start-core::server-fn:ssr] /home/ubuntu/dioris-audit-repo/src/core/integrations/integrations.functions.ts:324:35 createServerFn().inputValidator() is deprecated. Use createServerFn().validator() instead.
[plugin tanstack-start-core::server-fn:ssr] /home/ubuntu/dioris-audit-repo/src/core/notifications/notifications.functions.ts:70:38 createServerFn().inputValidator() is deprecated. Use createServerFn().validator() instead.
[plugin tanstack-start-core::server-fn:ssr] /home/ubuntu/dioris-audit-repo/src/core/notifications/notifications.functions.ts:87:37 createServerFn().inputValidator() is deprecated. Use createServerFn().validator() instead.
[plugin tanstack-start-core::server-fn:ssr] /home/ubuntu/dioris-audit-repo/src/core/notifications/notifications.functions.ts:96:40 createServerFn().inputValidator() is deprecated. Use createServerFn().validator() instead.
[plugin tanstack-start-core::server-fn:ssr] /home/ubuntu/dioris-audit-repo/src/core/jobs/job.functions.ts:282:27 createServerFn().inputValidator() is deprecated. Use createServerFn().validator() instead.
[plugin tanstack-start-core::server-fn:ssr] /home/ubuntu/dioris-audit-repo/src/core/jobs/job.functions.ts:292:26 createServerFn().inputValidator() is deprecated. Use createServerFn().validator() instead.
[plugin tanstack-start-core::server-fn:ssr] /home/ubuntu/dioris-audit-repo/src/core/jobs/job.functions.ts:300:25 createServerFn().inputValidator() is deprecated. Use createServerFn().validator() instead.
[plugin tanstack-start-core::server-fn:ssr] /home/ubuntu/dioris-audit-repo/src/core/jobs/job.functions.ts:308:26 createServerFn().inputValidator() is deprecated. Use createServerFn().validator() instead.
[plugin tanstack-start-core::server-fn:ssr] /home/ubuntu/dioris-audit-repo/src/core/jobs/job.functions.ts:323:28 createServerFn().inputValidator() is deprecated. Use createServerFn().validator() instead.
[plugin tanstack-start-core::server-fn:ssr] /home/ubuntu/dioris-audit-repo/src/core/jobs/job.functions.ts:355:27 createServerFn().inputValidator() is deprecated. Use createServerFn().validator() instead.
[plugin tanstack-start-core::server-fn:ssr] /home/ubuntu/dioris-audit-repo/src/core/jobs/job.functions.ts:382:27 createServerFn().inputValidator() is deprecated. Use createServerFn().validator() instead.
[plugin tanstack-start-core::server-fn:ssr] /home/ubuntu/dioris-audit-repo/src/core/jobs/job.functions.ts:401:34 createServerFn().inputValidator() is deprecated. Use createServerFn().validator() instead.
[plugin tanstack-start-core::server-fn:ssr] /home/ubuntu/dioris-audit-repo/src/core/jobs/job.functions.ts:409:27 createServerFn().inputValidator() is deprecated. Use createServerFn().validator() instead.
[plugin tanstack-start-core::server-fn:ssr] /home/ubuntu/dioris-audit-repo/src/core/events/events.functions.ts:24:30 createServerFn().inputValidator() is deprecated. Use createServerFn().validator() instead.
[plugin tanstack-start-core::server-fn:ssr] /home/ubuntu/dioris-audit-repo/src/core/events/events.functions.ts:49:27 createServerFn().inputValidator() is deprecated. Use createServerFn().validator() instead.
[plugin tanstack-start-core::server-fn:ssr] /home/ubuntu/dioris-audit-repo/src/core/events/events.functions.ts:112:37 createServerFn().inputValidator() is deprecated. Use createServerFn().validator() instead.
[plugin tanstack-start-core::server-fn:ssr] /home/ubuntu/dioris-audit-repo/src/core/recovery/recovery.functions.ts:119:37 createServerFn().inputValidator() is deprecated. Use createServerFn().validator() instead.
[plugin tanstack-start-core::server-fn:ssr] /home/ubuntu/dioris-audit-repo/src/core/recovery/recovery.functions.ts:153:37 createServerFn().inputValidator() is deprecated. Use createServerFn().validator() instead.
[plugin tanstack-start-core::server-fn:ssr] /home/ubuntu/dioris-audit-repo/src/core/recovery/recovery.functions.ts:175:39 createServerFn().inputValidator() is deprecated. Use createServerFn().validator() instead.
[plugin tanstack-start-core::server-fn:ssr] /home/ubuntu/dioris-audit-repo/src/core/recovery/recovery.functions.ts:202:39 createServerFn().inputValidator() is deprecated. Use createServerFn().validator() instead.
[plugin tanstack-start-core::server-fn:ssr] /home/ubuntu/dioris-audit-repo/src/core/recovery/recovery.functions.ts:244:37 createServerFn().inputValidator() is deprecated. Use createServerFn().validator() instead.
[plugin tanstack-start-core::server-fn:ssr] /home/ubuntu/dioris-audit-repo/src/core/recovery/recovery.functions.ts:291:39 createServerFn().inputValidator() is deprecated. Use createServerFn().validator() instead.
[plugin tanstack-start-core::server-fn:ssr] /home/ubuntu/dioris-audit-repo/src/core/recovery/recovery.functions.ts:324:35 createServerFn().inputValidator() is deprecated. Use createServerFn().validator() instead.
[plugin tanstack-start-core::server-fn:ssr] /home/ubuntu/dioris-audit-repo/src/core/recovery/recovery.functions.ts:342:40 createServerFn().inputValidator() is deprecated. Use createServerFn().validator() instead.
[plugin tanstack-start-core::server-fn:ssr] /home/ubuntu/dioris-audit-repo/src/core/recovery/recovery.functions.ts:391:35 createServerFn().inputValidator() is deprecated. Use createServerFn().validator() instead.
[plugin tanstack-start-core::server-fn:ssr] /home/ubuntu/dioris-audit-repo/src/core/recovery/recovery.functions.ts:425:35 createServerFn().inputValidator() is deprecated. Use createServerFn().validator() instead.
[plugin tanstack-start-core::server-fn:ssr] /home/ubuntu/dioris-audit-repo/src/core/recovery/recovery.functions.ts:438:34 createServerFn().inputValidator() is deprecated. Use createServerFn().validator() instead.
[plugin tanstack-start-core::server-fn:ssr] /home/ubuntu/dioris-audit-repo/src/core/sdk/plugin-functions.ts:181:30 createServerFn().inputValidator() is deprecated. Use createServerFn().validator() instead.
[plugin tanstack-start-core::server-fn:ssr] /home/ubuntu/dioris-audit-repo/src/core/sdk/plugin-functions.ts:212:29 createServerFn().inputValidator() is deprecated. Use createServerFn().validator() instead.
[plugin tanstack-start-core::server-fn:ssr] /home/ubuntu/dioris-audit-repo/src/core/sdk/plugin-functions.ts:220:30 createServerFn().inputValidator() is deprecated. Use createServerFn().validator() instead.
[plugin tanstack-start-core::server-fn:ssr] /home/ubuntu/dioris-audit-repo/src/core/sdk/plugin-functions.ts:228:32 createServerFn().inputValidator() is deprecated. Use createServerFn().validator() instead.
[plugin tanstack-start-core::server-fn:ssr] /home/ubuntu/dioris-audit-repo/src/core/sdk/plugin-functions.ts:243:35 createServerFn().inputValidator() is deprecated. Use createServerFn().validator() instead.
[plugin tanstack-start-core::server-fn:ssr] /home/ubuntu/dioris-audit-repo/src/core/sdk/plugin-functions.ts:293:26 createServerFn().inputValidator() is deprecated. Use createServerFn().validator() instead.
[plugin tanstack-start-core::server-fn:ssr] /home/ubuntu/dioris-audit-repo/src/core/assets/assets.functions.ts:25:35 createServerFn().inputValidator() is deprecated. Use createServerFn().validator() instead.
[plugin tanstack-start-core::server-fn:ssr] /home/ubuntu/dioris-audit-repo/src/core/assets/assets.functions.ts:38:37 createServerFn().inputValidator() is deprecated. Use createServerFn().validator() instead.
[plugin tanstack-start-core::server-fn:ssr] /home/ubuntu/dioris-audit-repo/src/core/assets/assets.functions.ts:46:35 createServerFn().inputValidator() is deprecated. Use createServerFn().validator() instead.
[plugin tanstack-start-core::server-fn:ssr] /home/ubuntu/dioris-audit-repo/src/core/assets/assets.functions.ts:70:33 createServerFn().inputValidator() is deprecated. Use createServerFn().validator() instead.
[plugin tanstack-start-core::server-fn:ssr] /home/ubuntu/dioris-audit-repo/src/core/assets/assets.functions.ts:79:30 createServerFn().inputValidator() is deprecated. Use createServerFn().validator() instead.
[plugin tanstack-start-core::server-fn:ssr] /home/ubuntu/dioris-audit-repo/src/core/assets/assets.functions.ts:88:33 createServerFn().inputValidator() is deprecated. Use createServerFn().validator() instead.
[plugin tanstack-start-core::server-fn:ssr] /home/ubuntu/dioris-audit-repo/src/core/assets/assets.functions.ts:103:27 createServerFn().inputValidator() is deprecated. Use createServerFn().validator() instead.
[plugin tanstack-start-core::server-fn:ssr] /home/ubuntu/dioris-audit-repo/src/core/quality/quality.functions.ts:104:35 createServerFn().inputValidator() is deprecated. Use createServerFn().validator() instead.
[plugin tanstack-start-core::server-fn:ssr] /home/ubuntu/dioris-audit-repo/src/core/quality/quality.functions.ts:140:35 createServerFn().inputValidator() is deprecated. Use createServerFn().validator() instead.
[plugin tanstack-start-core::server-fn:ssr] /home/ubuntu/dioris-audit-repo/src/core/quality/quality.functions.ts:174:33 createServerFn().inputValidator() is deprecated. Use createServerFn().validator() instead.
[plugin tanstack-start-core::server-fn:ssr] /home/ubuntu/dioris-audit-repo/src/core/quality/quality.functions.ts:201:38 createServerFn().inputValidator() is deprecated. Use createServerFn().validator() instead.
[plugin tanstack-start-core::server-fn:ssr] /home/ubuntu/dioris-audit-repo/src/core/quality/quality.functions.ts:250:34 createServerFn().inputValidator() is deprecated. Use createServerFn().validator() instead.
[plugin tanstack-start-core::server-fn:ssr] /home/ubuntu/dioris-audit-repo/src/core/quality/quality.functions.ts:284:34 createServerFn().inputValidator() is deprecated. Use createServerFn().validator() instead.
[plugin tanstack-start-core::server-fn:ssr] /home/ubuntu/dioris-audit-repo/src/core/security/security.functions.ts:111:37 createServerFn().inputValidator() is deprecated. Use createServerFn().validator() instead.
[plugin tanstack-start-core::server-fn:ssr] /home/ubuntu/dioris-audit-repo/src/core/security/security.functions.ts:153:38 createServerFn().inputValidator() is deprecated. Use createServerFn().validator() instead.
[plugin tanstack-start-core::server-fn:ssr] /home/ubuntu/dioris-audit-repo/src/core/security/security.functions.ts:175:37 createServerFn().inputValidator() is deprecated. Use createServerFn().validator() instead.
[plugin tanstack-start-core::server-fn:ssr] /home/ubuntu/dioris-audit-repo/src/core/security/security.functions.ts:199:39 createServerFn().inputValidator() is deprecated. Use createServerFn().validator() instead.
[plugin tanstack-start-core::server-fn:ssr] /home/ubuntu/dioris-audit-repo/src/core/security/security.functions.ts:224:34 createServerFn().inputValidator() is deprecated. Use createServerFn().validator() instead.
[plugin tanstack-start-core::server-fn:ssr] /home/ubuntu/dioris-audit-repo/src/core/security/security.functions.ts:260:34 createServerFn().inputValidator() is deprecated. Use createServerFn().validator() instead.
[plugin tanstack-start-core::server-fn:ssr] /home/ubuntu/dioris-audit-repo/src/core/security/security.functions.ts:286:34 createServerFn().inputValidator() is deprecated. Use createServerFn().validator() instead.
[plugin tanstack-start-core::server-fn:ssr] /home/ubuntu/dioris-audit-repo/src/core/security/security.functions.ts:314:39 createServerFn().inputValidator() is deprecated. Use createServerFn().validator() instead.
[plugin tanstack-start-core::server-fn:ssr] /home/ubuntu/dioris-audit-repo/src/core/security/security.functions.ts:341:39 createServerFn().inputValidator() is deprecated. Use createServerFn().validator() instead.
[plugin tanstack-start-core::server-fn:ssr] /home/ubuntu/dioris-audit-repo/src/core/api-gateway/api-gateway.functions.ts:166:29 createServerFn().inputValidator() is deprecated. Use createServerFn().validator() instead.
[plugin tanstack-start-core::server-fn:ssr] /home/ubuntu/dioris-audit-repo/src/core/api-gateway/api-gateway.functions.ts:192:29 createServerFn().inputValidator() is deprecated. Use createServerFn().validator() instead.
[plugin tanstack-start-core::server-fn:ssr] /home/ubuntu/dioris-audit-repo/src/core/api-gateway/api-gateway.functions.ts:204:29 createServerFn().inputValidator() is deprecated. Use createServerFn().validator() instead.
[plugin tanstack-start-core::server-fn:ssr] /home/ubuntu/dioris-audit-repo/src/core/api-gateway/api-gateway.functions.ts:230:35 createServerFn().inputValidator() is deprecated. Use createServerFn().validator() instead.
[plugin tanstack-start-core::server-fn:ssr] /home/ubuntu/dioris-audit-repo/src/core/api-gateway/api-gateway.functions.ts:257:31 createServerFn().inputValidator() is deprecated. Use createServerFn().validator() instead.
[plugin tanstack-start-core::server-fn:ssr] /home/ubuntu/dioris-audit-repo/src/core/api-gateway/api-gateway.functions.ts:297:36 createServerFn().inputValidator() is deprecated. Use createServerFn().validator() instead.
[plugin tanstack-start-core::server-fn:ssr] /home/ubuntu/dioris-audit-repo/src/core/api-gateway/api-gateway.functions.ts:330:33 createServerFn().inputValidator() is deprecated. Use createServerFn().validator() instead.
[plugin tanstack-start-core::server-fn:ssr] /home/ubuntu/dioris-audit-repo/src/core/api-gateway/api-gateway.functions.ts:361:33 createServerFn().inputValidator() is deprecated. Use createServerFn().validator() instead.
[plugin tanstack-start-core::server-fn:ssr] /home/ubuntu/dioris-audit-repo/src/core/api-gateway/api-gateway.functions.ts:373:33 createServerFn().inputValidator() is deprecated. Use createServerFn().validator() instead.
[plugin tanstack-start-core::server-fn:ssr] /home/ubuntu/dioris-audit-repo/src/lib/planner-snapshots.functions.ts:47:36 createServerFn().inputValidator() is deprecated. Use createServerFn().validator() instead.
[plugin tanstack-start-core::server-fn:ssr] /home/ubuntu/dioris-audit-repo/src/lib/planner-snapshots.functions.ts:75:36 createServerFn().inputValidator() is deprecated. Use createServerFn().validator() instead.
[plugin tanstack-start-core::server-fn:ssr] /home/ubuntu/dioris-audit-repo/src/lib/planner-snapshots.functions.ts:132:36 createServerFn().inputValidator() is deprecated. Use createServerFn().validator() instead.
[plugin tanstack-start-core::server-fn:ssr] /home/ubuntu/dioris-audit-repo/src/lib/planner-snapshots.functions.ts:162:37 createServerFn().inputValidator() is deprecated. Use createServerFn().validator() instead.
[plugin tanstack-start-core::server-fn:ssr] /home/ubuntu/dioris-audit-repo/src/lib/planner-snapshots.functions.ts:210:35 createServerFn().inputValidator() is deprecated. Use createServerFn().validator() instead.
[plugin tanstack-start-core::server-fn:ssr] /home/ubuntu/dioris-audit-repo/src/core/observability/observability.functions.ts:18:25 createServerFn().inputValidator() is deprecated. Use createServerFn().validator() instead.
[plugin tanstack-start-core::server-fn:ssr] /home/ubuntu/dioris-audit-repo/src/core/observability/observability.functions.ts:46:27 createServerFn().inputValidator() is deprecated. Use createServerFn().validator() instead.
[plugin tanstack-start-core::server-fn:ssr] /home/ubuntu/dioris-audit-repo/src/core/observability/observability.functions.ts:70:26 createServerFn().inputValidator() is deprecated. Use createServerFn().validator() instead.
[plugin tanstack-start-core::server-fn:ssr] /home/ubuntu/dioris-audit-repo/src/core/observability/observability.functions.ts:181:29 createServerFn().inputValidator() is deprecated. Use createServerFn().validator() instead.
[plugin tanstack-start-core::server-fn:ssr] /home/ubuntu/dioris-audit-repo/src/core/observability/observability.functions.ts:221:36 createServerFn().inputValidator() is deprecated. Use createServerFn().validator() instead.
[plugin tanstack-start-core::server-fn:ssr] /home/ubuntu/dioris-audit-repo/src/core/configuration/configuration.functions.ts:43:38 createServerFn().inputValidator() is deprecated. Use createServerFn().validator() instead.
[plugin tanstack-start-core::server-fn:ssr] /home/ubuntu/dioris-audit-repo/src/core/configuration/configuration.functions.ts:97:27 createServerFn().inputValidator() is deprecated. Use createServerFn().validator() instead.
[plugin tanstack-start-core::server-fn:ssr] /home/ubuntu/dioris-audit-repo/src/core/configuration/configuration.functions.ts:128:27 createServerFn().inputValidator() is deprecated. Use createServerFn().validator() instead.
[plugin tanstack-start-core::server-fn:ssr] /home/ubuntu/dioris-audit-repo/src/core/configuration/configuration.functions.ts:161:34 createServerFn().inputValidator() is deprecated. Use createServerFn().validator() instead.
[plugin tanstack-start-core::server-fn:ssr] /home/ubuntu/dioris-audit-repo/src/core/configuration/configuration.functions.ts:187:32 createServerFn().inputValidator() is deprecated. Use createServerFn().validator() instead.
[plugin tanstack-start-core::server-fn:ssr] /home/ubuntu/dioris-audit-repo/src/core/configuration/configuration.functions.ts:215:31 createServerFn().inputValidator() is deprecated. Use createServerFn().validator() instead.
[plugin tanstack-start-core::server-fn:ssr] /home/ubuntu/dioris-audit-repo/src/core/configuration/configuration.functions.ts:258:35 createServerFn().inputValidator() is deprecated. Use createServerFn().validator() instead.
[plugin tanstack-start-core::server-fn:ssr] /home/ubuntu/dioris-audit-repo/src/core/configuration/configuration.functions.ts:297:31 createServerFn().inputValidator() is deprecated. Use createServerFn().validator() instead.
[plugin tanstack-start-core::server-fn:ssr] /home/ubuntu/dioris-audit-repo/src/core/configuration/configuration.functions.ts:346:29 createServerFn().inputValidator() is deprecated. Use createServerFn().validator() instead.
[plugin tanstack-start-core::server-fn:ssr] /home/ubuntu/dioris-audit-repo/src/core/configuration/configuration.functions.ts:387:29 createServerFn().inputValidator() is deprecated. Use createServerFn().validator() instead.
[plugin tanstack-start-core::server-fn:ssr] /home/ubuntu/dioris-audit-repo/src/core/configuration/configuration.functions.ts:424:29 createServerFn().inputValidator() is deprecated. Use createServerFn().validator() instead.
[plugin tanstack-start-core::server-fn:ssr] /home/ubuntu/dioris-audit-repo/src/core/configuration/configuration.functions.ts:489:36 createServerFn().inputValidator() is deprecated. Use createServerFn().validator() instead.
[plugin tanstack-start-core::server-fn:ssr] /home/ubuntu/dioris-audit-repo/src/core/cicd/cicd.functions.ts:112:38 createServerFn().inputValidator() is deprecated. Use createServerFn().validator() instead.
[plugin tanstack-start-core::server-fn:ssr] /home/ubuntu/dioris-audit-repo/src/core/cicd/cicd.functions.ts:144:38 createServerFn().inputValidator() is deprecated. Use createServerFn().validator() instead.
[plugin tanstack-start-core::server-fn:ssr] /home/ubuntu/dioris-audit-repo/src/core/cicd/cicd.functions.ts:200:35 createServerFn().inputValidator() is deprecated. Use createServerFn().validator() instead.
[plugin tanstack-start-core::server-fn:ssr] /home/ubuntu/dioris-audit-repo/src/core/cicd/cicd.functions.ts:233:35 createServerFn().inputValidator() is deprecated. Use createServerFn().validator() instead.
[plugin tanstack-start-core::server-fn:ssr] /home/ubuntu/dioris-audit-repo/src/core/cicd/cicd.functions.ts:262:32 createServerFn().inputValidator() is deprecated. Use createServerFn().validator() instead.
[plugin tanstack-start-core::server-fn:ssr] /home/ubuntu/dioris-audit-repo/src/core/cicd/cicd.functions.ts:304:33 createServerFn().inputValidator() is deprecated. Use createServerFn().validator() instead.
[plugin tanstack-start-core::server-fn:ssr] /home/ubuntu/dioris-audit-repo/src/core/cicd/cicd.functions.ts:331:35 createServerFn().inputValidator() is deprecated. Use createServerFn().validator() instead.
[plugin tanstack-start-core::server-fn:ssr] /home/ubuntu/dioris-audit-repo/src/core/cicd/cicd.functions.ts:349:34 createServerFn().inputValidator() is deprecated. Use createServerFn().validator() instead.
[plugin tanstack-start-core::server-fn:ssr] /home/ubuntu/dioris-audit-repo/src/core/cicd/cicd.functions.ts:381:34 createServerFn().inputValidator() is deprecated. Use createServerFn().validator() instead.
[plugin tanstack-start-core::server-fn:ssr] /home/ubuntu/dioris-audit-repo/src/core/cicd/cicd.functions.ts:404:35 createServerFn().inputValidator() is deprecated. Use createServerFn().validator() instead.
[plugin tanstack-start-core::server-fn:ssr] /home/ubuntu/dioris-audit-repo/src/core/cicd/cicd.functions.ts:433:35 createServerFn().inputValidator() is deprecated. Use createServerFn().validator() instead.
[plugin tanstack-start-core::server-fn:ssr] /home/ubuntu/dioris-audit-repo/src/lib/planner-catalog.functions.ts:60:37 createServerFn().inputValidator() is deprecated. Use createServerFn().validator() instead.
[plugin tanstack-start-core::server-fn:ssr] /home/ubuntu/dioris-audit-repo/src/lib/planner-catalog.functions.ts:116:36 createServerFn().inputValidator() is deprecated. Use createServerFn().validator() instead.
[32m✓[0m 1023 modules transformed.
rendering chunks...
computing gzip size...
[2mnode_modules/.nitro/vite/services/ssr/[0m[2massets/[0m[32mdioris-logo-BTtMxKTr.png                                [0m[1;2m424.41 kB[0m
[2mnode_modules/.nitro/vite/services/ssr/[0m[2massets/[0m[35mplanner-v2-CL_hYbha.css                                 [0m[1;2m126.10 kB[0m[2m │ gzip:  20.79 kB[0m
[2mnode_modules/.nitro/vite/services/ssr/[0m[2massets/[0m[35mstyles-V3PZK8uP.css                                     [0m[1;2m196.64 kB[0m[2m │ gzip:  27.52 kB[0m
[2mnode_modules/.nitro/vite/services/ssr/[0m[2massets/[0m[36mdioris-logo-DHVLVWFd.js                                 [0m[1;2m  0.14 kB[0m[2m │ gzip:   0.11 kB[0m
[2mnode_modules/.nitro/vite/services/ssr/[0m[2massets/[0m[36mutils-C_uf36nf.js                                       [0m[1;2m  0.18 kB[0m[2m │ gzip:   0.15 kB[0m
[2mnode_modules/.nitro/vite/services/ssr/[0m[2massets/[0m[36m_public-BX0fQMTi.js                                     [0m[1;2m  0.20 kB[0m[2m │ gzip:   0.15 kB[0m
[2mnode_modules/.nitro/vite/services/ssr/[0m[2massets/[0m[36m_authenticated.planner.projetos-DXScuHel.js             [0m[1;2m  0.30 kB[0m[2m │ gzip:   0.22 kB[0m
[2mnode_modules/.nitro/vite/services/ssr/[0m[2massets/[0m[36mempty-plugin-adapters-wYPk3NfP.js                       [0m[1;2m  0.31 kB[0m[2m │ gzip:   0.20 kB[0m
[2mnode_modules/.nitro/vite/services/ssr/[0m[2massets/[0m[36mskeleton-D9W9wFsj.js                                    [0m[1;2m  0.33 kB[0m[2m │ gzip:   0.25 kB[0m
[2mnode_modules/.nitro/vite/services/ssr/[0m[2massets/[0m[36mrolldown-runtime-D7D4PA-g.js                            [0m[1;2m  0.36 kB[0m[2m │ gzip:   0.25 kB[0m
[2mnode_modules/.nitro/vite/services/ssr/[0m[2massets/[0m[36m_authenticated.planner.projetos.novo-D8GdgSME.js        [0m[1;2m  0.38 kB[0m[2m │ gzip:   0.28 kB[0m
[2mnode_modules/.nitro/vite/services/ssr/[0m[36mindex.js                                                       [0m[1;2m  0.41 kB[0m[2m │ gzip:   0.24 kB[0m
[2mnode_modules/.nitro/vite/services/ssr/[0m[2massets/[0m[36m_authenticated.planner.index-Cw0DW35W.js                [0m[1;2m  0.44 kB[0m[2m │ gzip:   0.32 kB[0m
[2mnode_modules/.nitro/vite/services/ssr/[0m[2massets/[0m[36mcreateServerRpc-DLOq-FMJ.js                             [0m[1;2m  0.47 kB[0m[2m │ gzip:   0.31 kB[0m
[2mnode_modules/.nitro/vite/services/ssr/[0m[2massets/[0m[36mpage-container-DTgtvWbf.js                              [0m[1;2m  0.52 kB[0m[2m │ gzip:   0.35 kB[0m
[2mnode_modules/.nitro/vite/services/ssr/[0m[2massets/[0m[36maudit.server-B5B2lunP.js                                [0m[1;2m  0.54 kB[0m[2m │ gzip:   0.26 kB[0m
[2mnode_modules/.nitro/vite/services/ssr/[0m[2massets/[0m[36msnapshot-D9AZtAyw.js                                    [0m[1;2m  0.57 kB[0m[2m │ gzip:   0.35 kB[0m
[2mnode_modules/.nitro/vite/services/ssr/[0m[2massets/[0m[36muse-permissions-YhfJhjCQ.js                             [0m[1;2m  0.57 kB[0m[2m │ gzip:   0.37 kB[0m
[2mnode_modules/.nitro/vite/services/ssr/[0m[2massets/[0m[36mcreateSsrRpc-Ks6yhDX_.js                                [0m[1;2m  0.61 kB[0m[2m │ gzip:   0.38 kB[0m
[2mnode_modules/.nitro/vite/services/ssr/[0m[2massets/[0m[36mlabel-DBD1bRRP.js                                       [0m[1;2m  0.64 kB[0m[2m │ gzip:   0.38 kB[0m
[2mnode_modules/.nitro/vite/services/ssr/[0m[2massets/[0m[36mtextarea-kko37XEX.js                                    [0m[1;2m  0.66 kB[0m[2m │ gzip:   0.42 kB[0m
[2mnode_modules/.nitro/vite/services/ssr/[0m[2massets/[0m[36mserver-user.server-yt9fLx6w.js                          [0m[1;2m  0.68 kB[0m[2m │ gzip:   0.44 kB[0m
[2mnode_modules/.nitro/vite/services/ssr/[0m[2massets/[0m[36mkey-hash.server-ClCvntBD.js                             [0m[1;2m  0.74 kB[0m[2m │ gzip:   0.44 kB[0m
[2mnode_modules/.nitro/vite/services/ssr/[0m[2massets/[0m[36minput-B8Q2ztVi.js                                       [0m[1;2m  0.75 kB[0m[2m │ gzip:   0.45 kB[0m
[2mnode_modules/.nitro/vite/services/ssr/[0m[2massets/[0m[36museServerFn-v-4HvCR4.js                                 [0m[1;2m  0.77 kB[0m[2m │ gzip:   0.45 kB[0m
[2mnode_modules/.nitro/vite/services/ssr/[0m[2massets/[0m[36msearch-input-yYk8iQa5.js                                [0m[1;2m  0.89 kB[0m[2m │ gzip:   0.50 kB[0m
[2mnode_modules/.nitro/vite/services/ssr/[0m[2massets/[0m[36mpublic-blog.functions-4nmB2kgP.js                       [0m[1;2m  0.89 kB[0m[2m │ gzip:   0.56 kB[0m
[2mnode_modules/.nitro/vite/services/ssr/[0m[2massets/[0m[36mform-section-3RgWcqG4.js                                [0m[1;2m  0.98 kB[0m[2m │ gzip:   0.46 kB[0m
[2mnode_modules/.nitro/vite/services/ssr/[0m[2massets/[0m[36mrequire-auth-B_iDLSsZ.js                                [0m[1;2m  1.04 kB[0m[2m │ gzip:   0.56 kB[0m
[2mnode_modules/.nitro/vite/services/ssr/[0m[2massets/[0m[36m_authenticated.crm-D-XoDHbc.js                          [0m[1;2m  1.05 kB[0m[2m │ gzip:   0.56 kB[0m
[2mnode_modules/.nitro/vite/services/ssr/[0m[2massets/[0m[36m_authenticated.sistemas-BdSerHwQ.js                     [0m[1;2m  1.07 kB[0m[2m │ gzip:   0.56 kB[0m
[2mnode_modules/.nitro/vite/services/ssr/[0m[2massets/[0m[36m_authenticated.sites-CopdGkk9.js                        [0m[1;2m  1.07 kB[0m[2m │ gzip:   0.56 kB[0m
[2mnode_modules/.nitro/vite/services/ssr/[0m[2massets/[0m[36m_authenticated.financeiro-CJhtpe2_.js                   [0m[1;2m  1.07 kB[0m[2m │ gzip:   0.56 kB[0m
[2mnode_modules/.nitro/vite/services/ssr/[0m[2massets/[0m[36m_authenticated.automacao-BaNmSZuA.js                    [0m[1;2m  1.09 kB[0m[2m │ gzip:   0.57 kB[0m
[2mnode_modules/.nitro/vite/services/ssr/[0m[2massets/[0m[36mplanner-render-worker.functions-wAHgZW9_.js             [0m[1;2m  1.09 kB[0m[2m │ gzip:   0.60 kB[0m
[2mnode_modules/.nitro/vite/services/ssr/[0m[2massets/[0m[36m_authenticated.marketplace-CxV8DLnN.js                  [0m[1;2m  1.09 kB[0m[2m │ gzip:   0.57 kB[0m
[2mnode_modules/.nitro/vite/services/ssr/[0m[2massets/[0m[36mswitch-Cn1w-cIH.js                                      [0m[1;2m  1.10 kB[0m[2m │ gzip:   0.56 kB[0m
[2mnode_modules/.nitro/vite/services/ssr/[0m[2massets/[0m[36muse-ai-mGpOoQOl.js                                      [0m[1;2m  1.11 kB[0m[2m │ gzip:   0.44 kB[0m
[2mnode_modules/.nitro/vite/services/ssr/[0m[2massets/[0m[36mempty-state-BUI2e7PD.js                                 [0m[1;2m  1.14 kB[0m[2m │ gzip:   0.52 kB[0m
[2mnode_modules/.nitro/vite/services/ssr/[0m[2massets/[0m[36mstatus-badge-CNE0XIpC.js                                [0m[1;2m  1.14 kB[0m[2m │ gzip:   0.56 kB[0m
[2mnode_modules/.nitro/vite/services/ssr/[0m[2massets/[0m[36mpage-header-CbWqIXik.js                                 [0m[1;2m  1.15 kB[0m[2m │ gzip:   0.53 kB[0m
[2mnode_modules/.nitro/vite/services/ssr/[0m[2massets/[0m[36mclient-BrBeECP-.js                                      [0m[1;2m  1.22 kB[0m[2m │ gzip:   0.62 kB[0m
[2mnode_modules/.nitro/vite/services/ssr/[0m[2massets/[0m[36m_public.blog._slug-C6yCypeb.js                          [0m[1;2m  1.23 kB[0m[2m │ gzip:   0.63 kB[0m
[2mnode_modules/.nitro/vite/services/ssr/[0m[2massets/[0m[36madmin.server-CdAb5cU8.js                                [0m[1;2m  1.33 kB[0m[2m │ gzip:   0.74 kB[0m
[2mnode_modules/.nitro/vite/services/ssr/[0m[2massets/[0m[36mroom-ops-DY-mjfH3.js                                    [0m[1;2m  1.39 kB[0m[2m │ gzip:   0.60 kB[0m
[2mnode_modules/.nitro/vite/services/ssr/[0m[2massets/[0m[36mlogger.server-D4ip8hZS.js                               [0m[1;2m  1.41 kB[0m[2m │ gzip:   0.61 kB[0m
[2mnode_modules/.nitro/vite/services/ssr/[0m[2massets/[0m[36mmetric-card-B4QxsncX.js                                 [0m[1;2m  1.44 kB[0m[2m │ gzip:   0.61 kB[0m
[2mnode_modules/.nitro/vite/services/ssr/[0m[2massets/[0m[36m_authenticated.workspace.historico-C9rWpl2g.js          [0m[1;2m  1.48 kB[0m[2m │ gzip:   0.74 kB[0m
[2mnode_modules/.nitro/vite/services/ssr/[0m[2massets/[0m[36m_authenticated.workspace.atividades-Dr6al7hn.js         [0m[1;2m  1.52 kB[0m[2m │ gzip:   0.72 kB[0m
[2mnode_modules/.nitro/vite/services/ssr/[0m[2massets/[0m[36mmetrics.server-DGepYLsA.js                              [0m[1;2m  1.52 kB[0m[2m │ gzip:   0.50 kB[0m
[2mnode_modules/.nitro/vite/services/ssr/[0m[2massets/[0m[36mdashboard.functions-dOkByUHp.js                         [0m[1;2m  1.55 kB[0m[2m │ gzip:   0.71 kB[0m
[2mnode_modules/.nitro/vite/services/ssr/[0m[2massets/[0m[36mcard-CtX3ithx.js                                        [0m[1;2m  1.57 kB[0m[2m │ gzip:   0.48 kB[0m
[2mnode_modules/.nitro/vite/services/ssr/[0m[2massets/[0m[36mtabs-CCJRliUM.js                                        [0m[1;2m  1.63 kB[0m[2m │ gzip:   0.60 kB[0m
[2mnode_modules/.nitro/vite/services/ssr/[0m[2massets/[0m[36mbutton-Bq5vK6RO.js                                      [0m[1;2m  1.65 kB[0m[2m │ gzip:   0.77 kB[0m
[2mnode_modules/.nitro/vite/services/ssr/[0m[2massets/[0m[36m_authenticated.workspace.integracoes-CaIVs1ss.js        [0m[1;2m  1.67 kB[0m[2m │ gzip:   0.77 kB[0m
[2mnode_modules/.nitro/vite/services/ssr/[0m[2massets/[0m[36muse-dashboard-Cv79ka6_.js                               [0m[1;2m  1.71 kB[0m[2m │ gzip:   0.82 kB[0m
[2mnode_modules/.nitro/vite/services/ssr/[0m[2massets/[0m[36m_public.faq-DS5wOoQX.js                                 [0m[1;2m  1.72 kB[0m[2m │ gzip:   0.80 kB[0m
[2mnode_modules/.nitro/vite/services/ssr/[0m[2massets/[0m[36mmodules-Bc6n8Qjp.js                                     [0m[1;2m  1.75 kB[0m[2m │ gzip:   0.67 kB[0m
[2mnode_modules/.nitro/vite/services/ssr/[0m[2massets/[0m[36muse-api-gateway-D3_3Qlyu.js                             [0m[1;2m  1.76 kB[0m[2m │ gzip:   0.54 kB[0m
[2mnode_modules/.nitro/vite/services/ssr/[0m[2massets/[0m[36m_authenticated-CNN98p0z.js                              [0m[1;2m  1.89 kB[0m[2m │ gzip:   0.82 kB[0m
[2mnode_modules/.nitro/vite/services/ssr/[0m[2massets/[0m[36mdata-table-D8OLiqv-.js                                  [0m[1;2m  1.92 kB[0m[2m │ gzip:   0.82 kB[0m
[2mnode_modules/.nitro/vite/services/ssr/[0m[2massets/[0m[36muse-billing-BfRlYUO6.js                                 [0m[1;2m  1.98 kB[0m[2m │ gzip:   0.67 kB[0m
[2mnode_modules/.nitro/vite/services/ssr/[0m[2massets/[0m[36mrequire-tenant-BPM6tUjE.js                              [0m[1;2m  1.98 kB[0m[2m │ gzip:   0.93 kB[0m
[2mnode_modules/.nitro/vite/services/ssr/[0m[2massets/[0m[36muse-jobs-_1QFp2tT.js                                    [0m[1;2m  2.02 kB[0m[2m │ gzip:   0.57 kB[0m
[2mnode_modules/.nitro/vite/services/ssr/[0m[2massets/[0m[36m_public.privacidade-Dd29vX5f.js                         [0m[1;2m  2.05 kB[0m[2m │ gzip:   1.01 kB[0m
[2mnode_modules/.nitro/vite/services/ssr/[0m[2massets/[0m[36mstart-BbCkkweu.js                                       [0m[1;2m  2.07 kB[0m[2m │ gzip:   0.89 kB[0m
[2mnode_modules/.nitro/vite/services/ssr/[0m[2massets/[0m[36mmodule-card-DThTCkqg.js                                 [0m[1;2m  2.11 kB[0m[2m │ gzip:   0.90 kB[0m
[2mnode_modules/.nitro/vite/services/ssr/[0m[2massets/[0m[36m_authenticated.workspace.assets-lBd8z64d.js             [0m[1;2m  2.17 kB[0m[2m │ gzip:   0.91 kB[0m
[2mnode_modules/.nitro/vite/services/ssr/[0m[2massets/[0m[36mreset-password-BtNx9QuB.js                              [0m[1;2m  2.18 kB[0m[2m │ gzip:   0.95 kB[0m
[2mnode_modules/.nitro/vite/services/ssr/[0m[2massets/[0m[36mplanner-projects.functions-BBlzVg7k.js                  [0m[1;2m  2.18 kB[0m[2m │ gzip:   0.89 kB[0m
[2mnode_modules/.nitro/vite/services/ssr/[0m[2massets/[0m[36mmercadopago.server-Cy431U6C.js                          [0m[1;2m  2.19 kB[0m[2m │ gzip:   1.03 kB[0m
[2mnode_modules/.nitro/vite/services/ssr/[0m[2massets/[0m[36mconfig.functions-BAO0Eeia.js                            [0m[1;2m  2.20 kB[0m[2m │ gzip:   1.05 kB[0m
[2mnode_modules/.nitro/vite/services/ssr/[0m[2massets/[0m[36m_public.termos-cq11vzEC.js                              [0m[1;2m  2.22 kB[0m[2m │ gzip:   1.10 kB[0m
[2mnode_modules/.nitro/vite/services/ssr/[0m[2massets/[0m[36mnotify.server-DtlyzPta.js                               [0m[1;2m  2.31 kB[0m[2m │ gzip:   1.06 kB[0m
[2mnode_modules/.nitro/vite/services/ssr/[0m[2massets/[0m[36mai.functions-DQHOHBgD.js                                [0m[1;2m  2.40 kB[0m[2m │ gzip:   0.97 kB[0m
[2mnode_modules/.nitro/vite/services/ssr/[0m[2massets/[0m[36mbus.server-DFjAXqnB.js                                  [0m[1;2m  2.45 kB[0m[2m │ gzip:   1.02 kB[0m
[2mnode_modules/.nitro/vite/services/ssr/[0m[2massets/[0m[36m_public.blog._slug-GVwyAKDG.js                          [0m[1;2m  2.47 kB[0m[2m │ gzip:   0.99 kB[0m
[2mnode_modules/.nitro/vite/services/ssr/[0m[2massets/[0m[36mpublic-catalog.functions-DogBu1fY.js                    [0m[1;2m  2.52 kB[0m[2m │ gzip:   1.05 kB[0m
[2mnode_modules/.nitro/vite/services/ssr/[0m[2massets/[0m[36mbadge-WgRir4L7.js                                       [0m[1;2m  2.70 kB[0m[2m │ gzip:   1.03 kB[0m
[2mnode_modules/.nitro/vite/services/ssr/[0m[2massets/[0m[36mpublic-blog.functions-Ymk9UOyf.js                       [0m[1;2m  2.83 kB[0m[2m │ gzip:   1.20 kB[0m
[2mnode_modules/.nitro/vite/services/ssr/[0m[2massets/[0m[36mrender-worker.server-BV5gDcWR.js                        [0m[1;2m  2.88 kB[0m[2m │ gzip:   1.38 kB[0m
[2mnode_modules/.nitro/vite/services/ssr/[0m[2massets/[0m[36muse-security-BCqdJuUk.js                                [0m[1;2m  2.88 kB[0m[2m │ gzip:   0.62 kB[0m
[2mnode_modules/.nitro/vite/services/ssr/[0m[2massets/[0m[36mpricing-LCBr8I1b.js                                     [0m[1;2m  2.90 kB[0m[2m │ gzip:   1.19 kB[0m
[2mnode_modules/.nitro/vite/services/ssr/[0m[2massets/[0m[36m_public.reembolso-DJXlh_JX.js                           [0m[1;2m  2.99 kB[0m[2m │ gzip:   1.46 kB[0m
[2mnode_modules/.nitro/vite/services/ssr/[0m[2massets/[0m[36m_public.integracoes-DmMRv_C1.js                         [0m[1;2m  3.01 kB[0m[2m │ gzip:   1.21 kB[0m
[2mnode_modules/.nitro/vite/services/ssr/[0m[2massets/[0m[36muse-events-B-aJyr6T.js                                  [0m[1;2m  3.10 kB[0m[2m │ gzip:   1.16 kB[0m
[2mnode_modules/.nitro/vite/services/ssr/[0m[2massets/[0m[36mdialog-DIo89e4g.js                                      [0m[1;2m  3.11 kB[0m[2m │ gzip:   1.00 kB[0m
[2mnode_modules/.nitro/vite/services/ssr/[0m[2massets/[0m[36mregistry-data.server-D-ucEzdy.js                        [0m[1;2m  3.21 kB[0m[2m │ gzip:   1.22 kB[0m
[2mnode_modules/.nitro/vite/services/ssr/[0m[2massets/[0m[36m_authenticated.configuracoes.empresa-DlMj0bL8.js        [0m[1;2m  3.40 kB[0m[2m │ gzip:   1.40 kB[0m
[2mnode_modules/.nitro/vite/services/ssr/[0m[2massets/[0m[36m_public.docs-DIUYooVo.js                                [0m[1;2m  3.47 kB[0m[2m │ gzip:   1.42 kB[0m
[2mnode_modules/.nitro/vite/services/ssr/[0m[2massets/[0m[36msheet-C1vjnj_d.js                                       [0m[1;2m  3.54 kB[0m[2m │ gzip:   1.14 kB[0m
[2mnode_modules/.nitro/vite/services/ssr/[0m[2massets/[0m[36m_authenticated.ia-B1HPtEld.js                           [0m[1;2m  3.60 kB[0m[2m │ gzip:   1.25 kB[0m
[2mnode_modules/.nitro/vite/services/ssr/[0m[2massets/[0m[36m_public.status-BvJGTDhx.js                              [0m[1;2m  3.61 kB[0m[2m │ gzip:   1.38 kB[0m
[2mnode_modules/.nitro/vite/services/ssr/[0m[2massets/[0m[36madmin-billing.functions-DVbJHhtG.js                     [0m[1;2m  3.67 kB[0m[2m │ gzip:   1.39 kB[0m
[2mnode_modules/.nitro/vite/services/ssr/[0m[2massets/[0m[36m_public.recursos-GHyKhmzn.js                            [0m[1;2m  3.76 kB[0m[2m │ gzip:   1.53 kB[0m
[2mnode_modules/.nitro/vite/services/ssr/[0m[2massets/[0m[36mbilling.functions-DUW-Yv6N.js                           [0m[1;2m  3.99 kB[0m[2m │ gzip:   1.58 kB[0m
[2mnode_modules/.nitro/vite/services/ssr/[0m[2massets/[0m[36m_public.cookies-DLL1ZWUv.js                             [0m[1;2m  4.09 kB[0m[2m │ gzip:   1.86 kB[0m
[2mnode_modules/.nitro/vite/services/ssr/[0m[2massets/[0m[36madmin-observability.functions-By_oay4h.js               [0m[1;2m  4.25 kB[0m[2m │ gzip:   1.47 kB[0m
[2mnode_modules/.nitro/vite/services/ssr/[0m[2massets/[0m[36mconfiguration.server-D-Dv-gmD.js                        [0m[1;2m  4.34 kB[0m[2m │ gzip:   1.40 kB[0m
[2mnode_modules/.nitro/vite/services/ssr/[0m[2massets/[0m[36m_public.produtos-DAd9FD8z.js                            [0m[1;2m  4.45 kB[0m[2m │ gzip:   1.68 kB[0m
[2mnode_modules/.nitro/vite/services/ssr/[0m[2massets/[0m[36m_authenticated.planner.projetos.index-Dp0trIK9.js       [0m[1;2m  4.48 kB[0m[2m │ gzip:   1.72 kB[0m
[2mnode_modules/.nitro/vite/services/ssr/[0m[2massets/[0m[36mlibrary-supabase-DNYKRCsE.js                            [0m[1;2m  4.63 kB[0m[2m │ gzip:   1.78 kB[0m
[2mnode_modules/.nitro/vite/services/ssr/[0m[2massets/[0m[36m_public.contato-ZJW0Zw2M.js                             [0m[1;2m  4.64 kB[0m[2m │ gzip:   1.52 kB[0m
[2mnode_modules/.nitro/vite/services/ssr/[0m[2massets/[0m[36mselect-Dg1urBTx.js                                      [0m[1;2m  4.67 kB[0m[2m │ gzip:   1.34 kB[0m
[2mnode_modules/.nitro/vite/services/ssr/[0m[2massets/[0m[36muse-assets-09Qd1897.js                                  [0m[1;2m  4.69 kB[0m[2m │ gzip:   1.55 kB[0m
[2mnode_modules/.nitro/vite/services/ssr/[0m[2massets/[0m[36m_public.sobre-BRa9Dors.js                               [0m[1;2m  4.71 kB[0m[2m │ gzip:   1.65 kB[0m
[2mnode_modules/.nitro/vite/services/ssr/[0m[2massets/[0m[36m_authenticated.workspace.ajuda-rAewEd0B.js              [0m[1;2m  4.80 kB[0m[2m │ gzip:   1.79 kB[0m
[2mnode_modules/.nitro/vite/services/ssr/[0m[2massets/[0m[36mserialization-B-ZWySRo.js                               [0m[1;2m  4.95 kB[0m[2m │ gzip:   1.37 kB[0m
[2mnode_modules/.nitro/vite/services/ssr/[0m[2massets/[0m[36m_public.produtos.criador-CR2sCO4C.js                    [0m[1;2m  5.04 kB[0m[2m │ gzip:   1.69 kB[0m
[2mnode_modules/.nitro/vite/services/ssr/[0m[2massets/[0m[36m_public.blog-BdgHVGKu.js                                [0m[1;2m  5.07 kB[0m[2m │ gzip:   1.81 kB[0m
[2mnode_modules/.nitro/vite/services/ssr/[0m[2massets/[0m[36m_authenticated.storage-DxuCRHwW.js                      [0m[1;2m  5.18 kB[0m[2m │ gzip:   1.67 kB[0m
[2mnode_modules/.nitro/vite/services/ssr/[0m[2massets/[0m[36madmin-blog.functions-BRE8VQsz.js                        [0m[1;2m  5.27 kB[0m[2m │ gzip:   1.78 kB[0m
[2mnode_modules/.nitro/vite/services/ssr/[0m[2massets/[0m[36mevents.functions-DgjT5t2y.js                            [0m[1;2m  5.60 kB[0m[2m │ gzip:   1.72 kB[0m
[2mnode_modules/.nitro/vite/services/ssr/[0m[2massets/[0m[36muse-observability-DCAY7swR.js                           [0m[1;2m  5.68 kB[0m[2m │ gzip:   1.75 kB[0m
[2mnode_modules/.nitro/vite/services/ssr/[0m[2massets/[0m[36mdropdown-menu-BtjXROHi.js                               [0m[1;2m  5.83 kB[0m[2m │ gzip:   1.28 kB[0m
[2mnode_modules/.nitro/vite/services/ssr/[0m[2massets/[0m[36mplanner-catalog.functions-BlfAZyXq.js                   [0m[1;2m  5.93 kB[0m[2m │ gzip:   2.05 kB[0m
[2mnode_modules/.nitro/vite/services/ssr/[0m[2massets/[0m[36m_authenticated.workspace.api-keys-DvEnYdYR.js           [0m[1;2m  6.11 kB[0m[2m │ gzip:   2.04 kB[0m
[2mnode_modules/.nitro/vite/services/ssr/[0m[2massets/[0m[36m_public.produtos.planner-DpBtyl7V.js                    [0m[1;2m  6.11 kB[0m[2m │ gzip:   2.04 kB[0m
[2mnode_modules/.nitro/vite/services/ssr/[0m[2massets/[0m[36m_authenticated.admin.observabilidade-BLlPDML4.js        [0m[1;2m  6.11 kB[0m[2m │ gzip:   2.00 kB[0m
[2mnode_modules/.nitro/vite/services/ssr/[0m[2massets/[0m[36mplanner-projects.functions-DjHfGUQ2.js                  [0m[1;2m  6.19 kB[0m[2m │ gzip:   1.58 kB[0m
[2mnode_modules/.nitro/vite/services/ssr/[0m[2massets/[0m[36mplanner-ai.functions-Bh0J1opM.js                        [0m[1;2m  6.55 kB[0m[2m │ gzip:   2.33 kB[0m
[2mnode_modules/.nitro/vite/services/ssr/[0m[2massets/[0m[36m_public.seguranca-DpATPA4T.js                           [0m[1;2m  6.66 kB[0m[2m │ gzip:   2.55 kB[0m
[2mnode_modules/.nitro/vite/services/ssr/[0m[2massets/[0m[36mbilling.functions-DoRk5iiZ.js                           [0m[1;2m  6.81 kB[0m[2m │ gzip:   2.06 kB[0m
[2mnode_modules/.nitro/vite/services/ssr/[0m[2massets/[0m[36muse-notifications-BMaofMme.js                           [0m[1;2m  6.83 kB[0m[2m │ gzip:   1.76 kB[0m
[2mnode_modules/.nitro/vite/services/ssr/[0m[2massets/[0m[36mmanager.server-Cb04vqCJ.js                              [0m[1;2m  6.99 kB[0m[2m │ gzip:   2.11 kB[0m
[2mnode_modules/.nitro/vite/services/ssr/[0m[2massets/[0m[36mcheckout.functions-vq-OC0gg.js                          [0m[1;2m  7.38 kB[0m[2m │ gzip:   2.44 kB[0m
[2mnode_modules/.nitro/vite/services/ssr/[0m[2massets/[0m[36mplanner-materials.functions-DigauZ4t.js                 [0m[1;2m  7.47 kB[0m[2m │ gzip:   2.36 kB[0m
[2mnode_modules/.nitro/vite/services/ssr/[0m[2massets/[0m[36muse-platform-admin-CNgaj9D2.js                          [0m[1;2m  7.67 kB[0m[2m │ gzip:   2.56 kB[0m
[2mnode_modules/.nitro/vite/services/ssr/[0m[2massets/[0m[36m_authenticated.workspace-DmtDhZH3.js                    [0m[1;2m  7.71 kB[0m[2m │ gzip:   2.35 kB[0m
[2mnode_modules/.nitro/vite/services/ssr/[0m[2massets/[0m[36m_public.changelog-B8b5tchp.js                           [0m[1;2m  7.99 kB[0m[2m │ gzip:   2.86 kB[0m
[2mnode_modules/.nitro/vite/services/ssr/[0m[2massets/[0m[36mplanner-snapshots.functions-DBC6Tjo2.js                 [0m[1;2m  8.32 kB[0m[2m │ gzip:   2.36 kB[0m
[2mnode_modules/.nitro/vite/services/ssr/[0m[2massets/[0m[36m_authenticated.planner-4C3unSlv.js                      [0m[1;2m  8.92 kB[0m[2m │ gzip:   2.99 kB[0m
[2mnode_modules/.nitro/vite/services/ssr/[0m[2massets/[0m[36m_public.planos-De93CRj7.js                              [0m[1;2m  9.31 kB[0m[2m │ gzip:   2.93 kB[0m
[2mnode_modules/.nitro/vite/services/ssr/[0m[2massets/[0m[36mai.functions-ClMLzWuc.js                                [0m[1;2m  9.35 kB[0m[2m │ gzip:   2.52 kB[0m
[2mnode_modules/.nitro/vite/services/ssr/[0m[2massets/[0m[36m_authenticated.observabilidade-tyUpHRdM.js              [0m[1;2m  9.62 kB[0m[2m │ gzip:   2.46 kB[0m
[2mnode_modules/.nitro/vite/services/ssr/[0m[2massets/[0m[36mdecompose-CLlk6gxI.js                                   [0m[1;2m  9.79 kB[0m[2m │ gzip:   3.34 kB[0m
[2mnode_modules/.nitro/vite/services/ssr/[0m[2massets/[0m[36muse-command-palette-fTAYAJhC.js                         [0m[1;2m 10.36 kB[0m[2m │ gzip:   3.18 kB[0m
[2mnode_modules/.nitro/vite/services/ssr/[0m[2massets/[0m[36m_authenticated.notificacoes-CtAzxWeF.js                 [0m[1;2m 10.62 kB[0m[2m │ gzip:   2.29 kB[0m
[2mnode_modules/.nitro/vite/services/ssr/[0m[2massets/[0m[36mnotifications.functions-DXpe-T6g.js                     [0m[1;2m 10.76 kB[0m[2m │ gzip:   2.30 kB[0m
[2mnode_modules/.nitro/vite/services/ssr/[0m[2massets/[0m[36mauth-BA8nICFZ.js                                        [0m[1;2m 10.94 kB[0m[2m │ gzip:   2.89 kB[0m
[2mnode_modules/.nitro/vite/services/ssr/[0m[2massets/[0m[36mobservability.functions-BvEWSWu8.js                     [0m[1;2m 11.04 kB[0m[2m │ gzip:   2.71 kB[0m
[2mnode_modules/.nitro/vite/services/ssr/[0m[2massets/[0m[36muse-configuration-CUX0pbvE.js                           [0m[1;2m 11.91 kB[0m[2m │ gzip:   2.90 kB[0m
[2mnode_modules/.nitro/vite/services/ssr/[0m[2massets/[0m[36m_authenticated.api-gateway-CDbTGgYq.js                  [0m[1;2m 12.28 kB[0m[2m │ gzip:   3.11 kB[0m
[2mnode_modules/.nitro/vite/services/ssr/[0m[2massets/[0m[36m_authenticated.jobs-DoCN9A_h.js                         [0m[1;2m 12.50 kB[0m[2m │ gzip:   3.03 kB[0m
[2mnode_modules/.nitro/vite/services/ssr/[0m[2massets/[0m[36m_authenticated.admin-DwhBWSpE.js                        [0m[1;2m 12.66 kB[0m[2m │ gzip:   4.10 kB[0m
[2mnode_modules/.nitro/vite/services/ssr/[0m[2massets/[0m[36mTenantProvider-VPgvHSs8.js                              [0m[1;2m 12.81 kB[0m[2m │ gzip:   4.25 kB[0m
[2mnode_modules/.nitro/vite/services/ssr/[0m[2massets/[0m[36massets.functions-DO119VNl.js                            [0m[1;2m 13.16 kB[0m[2m │ gzip:   3.30 kB[0m
[2mnode_modules/.nitro/vite/services/ssr/[0m[2massets/[0m[36mplanner-render.functions-CfGuy6fR.js                    [0m[1;2m 13.18 kB[0m[2m │ gzip:   3.60 kB[0m
[2mnode_modules/.nitro/vite/services/ssr/[0m[2massets/[0m[36mplugin-functions-Ce7eFO9O.js                            [0m[1;2m 13.21 kB[0m[2m │ gzip:   3.12 kB[0m
[2mnode_modules/.nitro/vite/services/ssr/[0m[2massets/[0m[36m_authenticated.cache-Cdm4qqkc.js                        [0m[1;2m 13.28 kB[0m[2m │ gzip:   3.13 kB[0m
[2mnode_modules/.nitro/vite/services/ssr/[0m[2massets/[0m[36mmanager.server-DFTGr36o.js                              [0m[1;2m 13.71 kB[0m[2m │ gzip:   3.63 kB[0m
[2mnode_modules/.nitro/vite/services/ssr/[0m[2massets/[0m[36m_authenticated.quality-CH2KLKQ6.js                      [0m[1;2m 13.95 kB[0m[2m │ gzip:   3.28 kB[0m
[2mnode_modules/.nitro/vite/services/ssr/[0m[2massets/[0m[36mpbr-catalog-IyT8uT6o.js                                 [0m[1;2m 14.25 kB[0m[2m │ gzip:   2.95 kB[0m
[2mnode_modules/.nitro/vite/services/ssr/[0m[2massets/[0m[36m_authenticated.planner.biblioteca-CKltdenp.js           [0m[1;2m 14.43 kB[0m[2m │ gzip:   4.01 kB[0m
[2mnode_modules/.nitro/vite/services/ssr/[0m[2massets/[0m[36m_authenticated.cicd-ozUi7osf.js                         [0m[1;2m 14.88 kB[0m[2m │ gzip:   3.15 kB[0m
[2mnode_modules/.nitro/vite/services/ssr/[0m[2massets/[0m[36m_authenticated.sdk-I2Grsoic.js                          [0m[1;2m 14.91 kB[0m[2m │ gzip:   4.01 kB[0m
[2mnode_modules/.nitro/vite/services/ssr/[0m[2massets/[0m[36mmanager.server-CzZkP9ve.js                              [0m[1;2m 14.97 kB[0m[2m │ gzip:   4.54 kB[0m
[2mnode_modules/.nitro/vite/services/ssr/[0m[2massets/[0m[36mapi-gateway.functions-pOGIySyb.js                       [0m[1;2m 14.98 kB[0m[2m │ gzip:   3.88 kB[0m
[2mnode_modules/.nitro/vite/services/ssr/[0m[2massets/[0m[36mquality.functions-COZWK4qN.js                           [0m[1;2m 14.99 kB[0m[2m │ gzip:   3.85 kB[0m
[2mnode_modules/.nitro/vite/services/ssr/[0m[2massets/[0m[36mtenant.functions-DOLbKUKp.js                            [0m[1;2m 15.19 kB[0m[2m │ gzip:   3.65 kB[0m
[2mnode_modules/.nitro/vite/services/ssr/[0m[2massets/[0m[36m_authenticated.recovery-BSgtNnYJ.js                     [0m[1;2m 15.47 kB[0m[2m │ gzip:   3.42 kB[0m
[2mnode_modules/.nitro/vite/services/ssr/[0m[2massets/[0m[36m_authenticated.admin.billing-DeqWAk8_.js                [0m[1;2m 15.74 kB[0m[2m │ gzip:   4.51 kB[0m
[2mnode_modules/.nitro/vite/services/ssr/[0m[2massets/[0m[36m_authenticated.planner.engenharia-DoQT_9lz.js           [0m[1;2m 16.32 kB[0m[2m │ gzip:   4.05 kB[0m
[2mnode_modules/.nitro/vite/services/ssr/[0m[2massets/[0m[36mcache.functions-f3OYYu8u.js                             [0m[1;2m 16.69 kB[0m[2m │ gzip:   3.97 kB[0m
[2mnode_modules/.nitro/vite/services/ssr/[0m[2massets/[0m[36mplanner-quotes.functions-BD__6Fc4.js                    [0m[1;2m 16.73 kB[0m[2m │ gzip:   4.14 kB[0m
[2mnode_modules/.nitro/vite/services/ssr/[0m[2massets/[0m[36mplanner-production.functions-CgsH4BrR.js                [0m[1;2m 17.05 kB[0m[2m │ gzip:   4.01 kB[0m
[2mnode_modules/.nitro/vite/services/ssr/[0m[2massets/[0m[36m_authenticated.planner.materiais-Doocee2L.js            [0m[1;2m 17.53 kB[0m[2m │ gzip:   4.60 kB[0m
[2mnode_modules/.nitro/vite/services/ssr/[0m[2massets/[0m[36mintegrations.functions-CglSLBPd.js                      [0m[1;2m 17.56 kB[0m[2m │ gzip:   3.96 kB[0m
[2mnode_modules/.nitro/vite/services/ssr/[0m[2massets/[0m[36m_authenticated.planner.orcamentos-BY4FDD3O.js           [0m[1;2m 17.66 kB[0m[2m │ gzip:   4.91 kB[0m
[2mnode_modules/.nitro/vite/services/ssr/[0m[2massets/[0m[36mlibrary.admin.functions-DN6Cr0Qm.js                     [0m[1;2m 17.89 kB[0m[2m │ gzip:   3.91 kB[0m
[2mnode_modules/.nitro/vite/services/ssr/[0m[2massets/[0m[36m_authenticated.admin.blog-CKvx-tBc.js                   [0m[1;2m 17.95 kB[0m[2m │ gzip:   4.47 kB[0m
[2mnode_modules/.nitro/vite/services/ssr/[0m[2massets/[0m[36m_authenticated.planner.ia-studio-BGrmaAWe.js            [0m[1;2m 17.98 kB[0m[2m │ gzip:   4.61 kB[0m
[2mnode_modules/.nitro/vite/services/ssr/[0m[2massets/[0m[36m_authenticated.planner.assets-DoFHnMWa.js               [0m[1;2m 18.32 kB[0m[2m │ gzip:   5.77 kB[0m
[2mnode_modules/.nitro/vite/services/ssr/[0m[2massets/[0m[36m_authenticated.workspace.assinatura-DKRjEiyg.js         [0m[1;2m 19.68 kB[0m[2m │ gzip:   4.35 kB[0m
[2mnode_modules/.nitro/vite/services/ssr/[0m[2massets/[0m[36mplanner-assets.functions-C7qQbsoC.js                    [0m[1;2m 19.79 kB[0m[2m │ gzip:   4.66 kB[0m
[2mnode_modules/.nitro/vite/services/ssr/[0m[2massets/[0m[36m_authenticated.workspace.equipe-CabaPsYR.js             [0m[1;2m 20.09 kB[0m[2m │ gzip:   5.05 kB[0m
[2mnode_modules/.nitro/vite/services/ssr/[0m[2massets/[0m[36msecurity.functions-DlF9gMZI.js                          [0m[1;2m 20.19 kB[0m[2m │ gzip:   4.59 kB[0m
[2mnode_modules/.nitro/vite/services/ssr/[0m[2massets/[0m[36m_authenticated.security-CLYx4StQ.js                     [0m[1;2m 20.55 kB[0m[2m │ gzip:   4.57 kB[0m
[2mnode_modules/.nitro/vite/services/ssr/[0m[2massets/[0m[36mPublicLayout-6tuH7QRN.js                                [0m[1;2m 20.66 kB[0m[2m │ gzip:   5.08 kB[0m
[2mnode_modules/.nitro/vite/services/ssr/[0m[2massets/[0m[36mplanner-ai.functions-7VIASfHI.js                        [0m[1;2m 21.00 kB[0m[2m │ gzip:   5.41 kB[0m
[2mnode_modules/.nitro/vite/services/ssr/[0m[2massets/[0m[36mcicd.functions-B9dzLEbF.js                              [0m[1;2m 21.64 kB[0m[2m │ gzip:   4.83 kB[0m
[2mnode_modules/.nitro/vite/services/ssr/[0m[2massets/[0m[36mconfiguration.functions-DSs9gstq.js                     [0m[1;2m 22.21 kB[0m[2m │ gzip:   4.51 kB[0m
[2mnode_modules/.nitro/vite/services/ssr/[0m[2massets/[0m[36mrecovery.functions-Be-gE19A.js                          [0m[1;2m 22.31 kB[0m[2m │ gzip:   4.81 kB[0m
[2mnode_modules/.nitro/vite/services/ssr/[0m[2massets/[0m[36m_authenticated.configuracoes.index-DpItBFVi.js          [0m[1;2m 22.32 kB[0m[2m │ gzip:   4.75 kB[0m
[2mnode_modules/.nitro/vite/services/ssr/[0m[2massets/[0m[36mjob.functions-BfCAyMyY.js                               [0m[1;2m 23.09 kB[0m[2m │ gzip:   5.43 kB[0m
[2mnode_modules/.nitro/vite/services/ssr/[0m[2massets/[0m[36m_authenticated.workspace.notificacoes-BP7uNBfm.js       [0m[1;2m 23.28 kB[0m[2m │ gzip:   4.98 kB[0m
[2mnode_modules/.nitro/vite/services/ssr/[0m[2massets/[0m[36m_public.index-LqxDuANh.js                               [0m[1;2m 25.22 kB[0m[2m │ gzip:   5.90 kB[0m
[2mnode_modules/.nitro/vite/services/ssr/[0m[2massets/[0m[36m_authenticated.planner.render-BWzyHga5.js               [0m[1;2m 25.27 kB[0m[2m │ gzip:   6.43 kB[0m
[2mnode_modules/.nitro/vite/services/ssr/[0m[2massets/[0m[36m_authenticated.workspace.ia-CPnqi63B.js                 [0m[1;2m 25.59 kB[0m[2m │ gzip:   6.51 kB[0m
[2mnode_modules/.nitro/vite/services/ssr/[0m[2massets/[0m[36m_authenticated.workspace.perfil-D4hQvXic.js             [0m[1;2m 26.82 kB[0m[2m │ gzip:   5.81 kB[0m
[2mnode_modules/.nitro/vite/services/ssr/[0m[2massets/[0m[36m_authenticated.planner.producao-CFIGnSNL.js             [0m[1;2m 27.16 kB[0m[2m │ gzip:   6.36 kB[0m
[2mnode_modules/.nitro/vite/services/ssr/[0m[2massets/[0m[36m_authenticated.workspace.empresa-CfJOuJLG.js            [0m[1;2m 28.31 kB[0m[2m │ gzip:   6.02 kB[0m
[2mnode_modules/.nitro/vite/services/ssr/[0m[2massets/[0m[36m_authenticated.workspace.modulos-D7_F_d7V.js            [0m[1;2m 29.71 kB[0m[2m │ gzip:   6.69 kB[0m
[2mnode_modules/.nitro/vite/services/ssr/[0m[2massets/[0m[36meditor-context-zrva62hM.js                              [0m[1;2m 31.41 kB[0m[2m │ gzip:   8.46 kB[0m
[2mnode_modules/.nitro/vite/services/ssr/[0m[2massets/[0m[36m_authenticated-CvEQzCZ2.js                              [0m[1;2m 31.99 kB[0m[2m │ gzip:   7.92 kB[0m
[2mnode_modules/.nitro/vite/services/ssr/[0m[2massets/[0m[36m_authenticated.admin.biblioteca-DO0Doj31.js             [0m[1;2m 33.57 kB[0m[2m │ gzip:   6.51 kB[0m
[2mnode_modules/.nitro/vite/services/ssr/[0m[2massets/[0m[36m_authenticated.workspace.creditos-BrLqStry.js           [0m[1;2m 33.74 kB[0m[2m │ gzip:   7.02 kB[0m
[2mnode_modules/.nitro/vite/services/ssr/[0m[2massets/[0m[36mLibraryPanel-BHyaysaL.js                                [0m[1;2m 37.13 kB[0m[2m │ gzip:   8.86 kB[0m
[2mnode_modules/.nitro/vite/services/ssr/[0m[2massets/[0m[36m_authenticated.planner.visao-1mRafpmS.js                [0m[1;2m 44.90 kB[0m[2m │ gzip:  11.35 kB[0m
[2mnode_modules/.nitro/vite/services/ssr/[0m[2massets/[0m[36m_authenticated.workspace.index-DxMc9Ch1.js              [0m[1;2m 46.64 kB[0m[2m │ gzip:  11.36 kB[0m
[2mnode_modules/.nitro/vite/services/ssr/[0m[2massets/[0m[36m_authenticated.workspace.configuracoes-DJoRLugU.js      [0m[1;2m 48.17 kB[0m[2m │ gzip:   8.51 kB[0m
[2mnode_modules/.nitro/vite/services/ssr/[0m[2massets/[0m[36m_tanstack-start-manifest_v-D9p53o-Y.js                  [0m[1;2m 51.68 kB[0m[2m │ gzip:   6.62 kB[0m
[2mnode_modules/.nitro/vite/services/ssr/[0m[2massets/[0m[36m_authenticated.planner.configurador-CF4ukg2h.js         [0m[1;2m 52.48 kB[0m[2m │ gzip:  13.10 kB[0m
[2mnode_modules/.nitro/vite/services/ssr/[0m[2massets/[0m[36mInspector-DGn5jflH.js                                   [0m[1;2m 55.10 kB[0m[2m │ gzip:  12.13 kB[0m
[2mnode_modules/.nitro/vite/services/ssr/[0m[2massets/[0m[36m_authenticated.planner.decoradora-BkQZFhGw.js           [0m[1;2m 56.54 kB[0m[2m │ gzip:  14.36 kB[0m
[2mnode_modules/.nitro/vite/services/ssr/[0m[2massets/[0m[36m_authenticated.planner.orcamento-projeto-DS6rbA2Y.js    [0m[1;2m 59.13 kB[0m[2m │ gzip:  16.25 kB[0m
[2mnode_modules/.nitro/vite/services/ssr/[0m[2massets/[0m[36m_authenticated.planner.marketplace-IIEdh8Ej.js          [0m[1;2m 66.94 kB[0m[2m │ gzip:  15.43 kB[0m
[2mnode_modules/.nitro/vite/services/ssr/[0m[2massets/[0m[36minsert-Dh6FTrZL.js                                      [0m[1;2m 70.10 kB[0m[2m │ gzip:  17.01 kB[0m
[2mnode_modules/.nitro/vite/services/ssr/[0m[2massets/[0m[36m_authenticated.planner.projetos._projectId-DsuU_RhC.js  [0m[1;2m 82.32 kB[0m[2m │ gzip:  19.08 kB[0m
[2mnode_modules/.nitro/vite/services/ssr/[0m[2massets/[0m[36mrouter-BzZU50tv.js                                      [0m[1;2m129.06 kB[0m[2m │ gzip:  24.89 kB[0m
[2mnode_modules/.nitro/vite/services/ssr/[0m[2massets/[0m[36m_authenticated.planner.video-giY2fflm.js                [0m[1;2m137.47 kB[0m[2m │ gzip:  30.72 kB[0m
[2mnode_modules/.nitro/vite/services/ssr/[0m[2massets/[0m[36mserver-IZJ6wSkE.js                                      [0m[1;2m275.61 kB[0m[2m │ gzip:  65.53 kB[0m
[2mnode_modules/.nitro/vite/services/ssr/[0m[2massets/[0m[36mPlannerAIPanel-BQ-VwqDO.js                              [0m[1;2m307.95 kB[0m[2m │ gzip:  84.46 kB[0m
[2mnode_modules/.nitro/vite/services/ssr/[0m[2massets/[0m[36mplanner-v2-BshgVn8b.js                                  [0m[1;2m402.06 kB[0m[2m │ gzip:  87.36 kB[0m
[2mnode_modules/.nitro/vite/services/ssr/[0m[2massets/[0m[36m_authenticated.planner.ia-DFyCn3UR.js                   [0m[1;2m459.25 kB[0m[2m │ gzip: 106.00 kB[0m

✓ built in 7.78s
[33m[PLUGIN_TIMINGS] [0mYour build spent 95% of 7.8s inside plugin hooks (7.4s).
Measured inside the callback, so queue time is excluded and time the callback itself awaited is not:
  - tanstack-router:code-splitter:compile-reference-file transform (32%, 2.5s, 89 calls)
  - tanstack-router:code-splitter:compile-virtual-file transform (18%, 1.4s, 90 calls)
Those rows are 50% of the build; the rest of the 95% is below.
Not measurable — 3 hooks whose calls overlap, so elapsed time covers work other calls were doing. Profile with `node --cpu-prof`:
  - tanstack-start-core:import-protection resolveId (3367 calls)
  - tanstack-start-core::server-fn:ssr transform (89 calls)
  - @tailwindcss/vite:generate:build transform (2 calls)
See https://rolldown.rs/reference/InputOptions.checks#plugintimings for more details.


[nitro] ◐ Building [Nitro] (preset: cloudflare-module, compatibility: 2026-08-19)
[nitro] ✔ Generated public .output/public
vite v8.2.1 building nitro environment for production...

 WARN  inlineDynamicImports option is ignored because the codeSplitting option is specified.

[2Ktransforming...[32m✓[0m 3235 modules transformed.
rendering chunks...
computing gzip size...
[2m.output/server/[0m[36m_libs/srvx.mjs                                           [0m[1;2m    0.16 kB[0m[2m │ gzip:   0.13 kB[0m
[2m.output/server/[0m[36m_ssr/dioris-logo-DHVLVWFd.mjs                            [0m[1;2m    0.19 kB[0m[2m │ gzip:   0.15 kB[0m
[2m.output/server/[0m[36m_ssr/empty-plugin-adapters-wYPk3NfP.mjs                  [0m[1;2m    0.23 kB[0m[2m │ gzip:   0.16 kB[0m
[2m.output/server/[0m[36m_public-BX0fQMTi.mjs                                     [0m[1;2m    0.23 kB[0m[2m │ gzip:   0.18 kB[0m
[2m.output/server/[0m[36m_ssr/utils-C_uf36nf.mjs                                  [0m[1;2m    0.29 kB[0m[2m │ gzip:   0.21 kB[0m
[2m.output/server/[0m[36m_libs/radix-ui__number.mjs                               [0m[1;2m    0.37 kB[0m[2m │ gzip:   0.26 kB[0m
[2m.output/server/[0m[36m_ssr/createServerRpc-DLOq-FMJ.mjs                        [0m[1;2m    0.39 kB[0m[2m │ gzip:   0.27 kB[0m
[2m.output/server/[0m[36m_authenticated.planner.projetos.novo-D8GdgSME.mjs        [0m[1;2m    0.40 kB[0m[2m │ gzip:   0.30 kB[0m
[2m.output/server/[0m[36m_libs/babel__runtime.mjs                                 [0m[1;2m    0.43 kB[0m[2m │ gzip:   0.28 kB[0m
[2m.output/server/[0m[36m_ssr/ssr.mjs                                             [0m[1;2m    0.44 kB[0m[2m │ gzip:   0.26 kB[0m
[2m.output/server/[0m[36m_authenticated.planner.projetos-DXScuHel.mjs             [0m[1;2m    0.46 kB[0m[2m │ gzip:   0.29 kB[0m
[2m.output/server/[0m[36m_authenticated.planner.index-Cw0DW35W.mjs                [0m[1;2m    0.47 kB[0m[2m │ gzip:   0.34 kB[0m
[2m.output/server/[0m[36m_ssr/skeleton-D9W9wFsj.mjs                               [0m[1;2m    0.49 kB[0m[2m │ gzip:   0.33 kB[0m
[2m.output/server/[0m[36m_ssr/server-IZJ6wSkE.mjs                                 [0m[1;2m    0.49 kB[0m[2m │ gzip:   0.33 kB[0m
[2m.output/server/[0m[36m_ssr/createSsrRpc-Ks6yhDX_.mjs                           [0m[1;2m    0.53 kB[0m[2m │ gzip:   0.34 kB[0m
[2m.output/server/[0m[36m_ssr/audit.server-B5B2lunP.mjs                           [0m[1;2m    0.57 kB[0m[2m │ gzip:   0.29 kB[0m
[2m.output/server/[0m[36m_ssr/snapshot-D9AZtAyw.mjs                               [0m[1;2m    0.61 kB[0m[2m │ gzip:   0.38 kB[0m
[2m.output/server/[0m[36m_ssr/page-container-DTgtvWbf.mjs                         [0m[1;2m    0.69 kB[0m[2m │ gzip:   0.39 kB[0m
[2m.output/server/[0m[36m_ssr/server-user.server-yt9fLx6w.mjs                     [0m[1;2m    0.78 kB[0m[2m │ gzip:   0.50 kB[0m
[2m.output/server/[0m[36m_ssr/use-permissions-YhfJhjCQ.mjs                        [0m[1;2m    0.79 kB[0m[2m │ gzip:   0.48 kB[0m
[2m.output/server/[0m[36m_ssr/key-hash.server-ClCvntBD.mjs                        [0m[1;2m    0.82 kB[0m[2m │ gzip:   0.49 kB[0m
[2m.output/server/[0m[36m_ssr/useServerFn-v-4HvCR4.mjs                            [0m[1;2m    0.83 kB[0m[2m │ gzip:   0.45 kB[0m
[2m.output/server/[0m[36m_chunks/ssr-renderer.mjs                                 [0m[1;2m    0.85 kB[0m[2m │ gzip:   0.44 kB[0m
[2m.output/server/[0m[36m_ssr/label-DBD1bRRP.mjs                                  [0m[1;2m    0.96 kB[0m[2m │ gzip:   0.48 kB[0m
[2m.output/server/[0m[36m_ssr/textarea-kko37XEX.mjs                               [0m[1;2m    0.98 kB[0m[2m │ gzip:   0.53 kB[0m
[2m.output/server/[0m[36m_ssr/input-B8Q2ztVi.mjs                                  [0m[1;2m    1.07 kB[0m[2m │ gzip:   0.57 kB[0m
[2m.output/server/[0m[36m_ssr/require-auth-B_iDLSsZ.mjs                           [0m[1;2m    1.08 kB[0m[2m │ gzip:   0.59 kB[0m
[2m.output/server/[0m[36m_ssr/planner-render-worker.functions-wAHgZW9_.mjs        [0m[1;2m    1.12 kB[0m[2m │ gzip:   0.63 kB[0m
[2m.output/server/[0m[36m_ssr/use-ai-mGpOoQOl.mjs                                 [0m[1;2m    1.13 kB[0m[2m │ gzip:   0.47 kB[0m
[2m.output/server/[0m[36m_libs/radix-ui__react-label.mjs                          [0m[1;2m    1.14 kB[0m[2m │ gzip:   0.59 kB[0m
[2m.output/server/[0m[36m_libs/hookable.mjs                                       [0m[1;2m    1.19 kB[0m[2m │ gzip:   0.53 kB[0m
[2m.output/server/[0m[36m_ssr/search-input-yYk8iQa5.mjs                           [0m[1;2m    1.26 kB[0m[2m │ gzip:   0.61 kB[0m
[2m.output/server/[0m[36m_ssr/form-section-3RgWcqG4.mjs                           [0m[1;2m    1.27 kB[0m[2m │ gzip:   0.51 kB[0m
[2m.output/server/[0m[36m_ssr/status-badge-CNE0XIpC.mjs                           [0m[1;2m    1.33 kB[0m[2m │ gzip:   0.59 kB[0m
[2m.output/server/[0m[36m_authenticated.crm-D-XoDHbc.mjs                          [0m[1;2m    1.34 kB[0m[2m │ gzip:   0.64 kB[0m
[2m.output/server/[0m[36m_authenticated.sistemas-BdSerHwQ.mjs                     [0m[1;2m    1.37 kB[0m[2m │ gzip:   0.63 kB[0m
[2m.output/server/[0m[36m_authenticated.sites-CopdGkk9.mjs                        [0m[1;2m    1.37 kB[0m[2m │ gzip:   0.64 kB[0m
[2m.output/server/[0m[36m_authenticated.financeiro-CJhtpe2_.mjs                   [0m[1;2m    1.37 kB[0m[2m │ gzip:   0.63 kB[0m
[2m.output/server/[0m[36m_authenticated.automacao-BaNmSZuA.mjs                    [0m[1;2m    1.38 kB[0m[2m │ gzip:   0.65 kB[0m
[2m.output/server/[0m[36m_authenticated.marketplace-CxV8DLnN.mjs                  [0m[1;2m    1.39 kB[0m[2m │ gzip:   0.64 kB[0m
[2m.output/server/[0m[36m_ssr/room-ops-DY-mjfH3.mjs                               [0m[1;2m    1.41 kB[0m[2m │ gzip:   0.62 kB[0m
[2m.output/server/[0m[36m_ssr/empty-state-BUI2e7PD.mjs                            [0m[1;2m    1.43 kB[0m[2m │ gzip:   0.56 kB[0m
[2m.output/server/[0m[36m_ssr/switch-Cn1w-cIH.mjs                                 [0m[1;2m    1.43 kB[0m[2m │ gzip:   0.66 kB[0m
[2m.output/server/[0m[36m_ssr/page-header-CbWqIXik.mjs                            [0m[1;2m    1.43 kB[0m[2m │ gzip:   0.57 kB[0m
[2m.output/server/[0m[36m_ssr/logger.server-D4ip8hZS.mjs                          [0m[1;2m    1.44 kB[0m[2m │ gzip:   0.64 kB[0m
[2m.output/server/[0m[36m_ssr/client-BrBeECP-.mjs                                 [0m[1;2m    1.48 kB[0m[2m │ gzip:   0.69 kB[0m
[2m.output/server/[0m[36m_public.blog._slug-C6yCypeb.mjs                          [0m[1;2m    1.55 kB[0m[2m │ gzip:   0.70 kB[0m
[2m.output/server/[0m[36m_ssr/metrics.server-DGepYLsA.mjs                         [0m[1;2m    1.55 kB[0m[2m │ gzip:   0.52 kB[0m
[2m.output/server/[0m[36m_ssr/dashboard.functions-dOkByUHp.mjs                    [0m[1;2m    1.57 kB[0m[2m │ gzip:   0.75 kB[0m
[2m.output/server/[0m[36m_libs/radix-ui__react-separator.mjs                      [0m[1;2m    1.60 kB[0m[2m │ gzip:   0.72 kB[0m
[2m.output/server/[0m[36m_ssr/admin.server-CdAb5cU8.mjs                           [0m[1;2m    1.62 kB[0m[2m │ gzip:   0.82 kB[0m
[2m.output/server/[0m[36m_ssr/use-dashboard-Cv79ka6_.mjs                          [0m[1;2m    1.66 kB[0m[2m │ gzip:   0.84 kB[0m
[2m.output/server/[0m[36m_ssr/metric-card-B4QxsncX.mjs                            [0m[1;2m    1.78 kB[0m[2m │ gzip:   0.66 kB[0m
[2m.output/server/[0m[36m_runtime.mjs                                             [0m[1;2m    1.79 kB[0m[2m │ gzip:   0.80 kB[0m
[2m.output/server/[0m[36m_ssr/use-api-gateway-D3_3Qlyu.mjs                        [0m[1;2m    1.82 kB[0m[2m │ gzip:   0.58 kB[0m
[2m.output/server/[0m[36m_ssr/modules-Bc6n8Qjp.mjs                                [0m[1;2m    1.84 kB[0m[2m │ gzip:   0.73 kB[0m
[2m.output/server/[0m[36m_authenticated.workspace.historico-C9rWpl2g.mjs          [0m[1;2m    1.85 kB[0m[2m │ gzip:   0.82 kB[0m
[2m.output/server/[0m[36m_libs/radix-ui__primitive.mjs                            [0m[1;2m    1.87 kB[0m[2m │ gzip:   0.74 kB[0m
[2m.output/server/[0m[36m_authenticated.workspace.atividades-Dr6al7hn.mjs         [0m[1;2m    1.89 kB[0m[2m │ gzip:   0.81 kB[0m
[2m.output/server/[0m[36m_ssr/button-Bq5vK6RO.mjs                                 [0m[1;2m    1.96 kB[0m[2m │ gzip:   0.88 kB[0m
[2m.output/server/[0m[36m_ssr/tabs-CCJRliUM.mjs                                   [0m[1;2m    1.97 kB[0m[2m │ gzip:   0.71 kB[0m
[2m.output/server/[0m[36m_ssr/use-billing-BfRlYUO6.mjs                            [0m[1;2m    1.99 kB[0m[2m │ gzip:   0.70 kB[0m
[2m.output/server/[0m[36m_ssr/start-BbCkkweu.mjs                                  [0m[1;2m    1.99 kB[0m[2m │ gzip:   0.87 kB[0m
[2m.output/server/[0m[36m_authenticated.workspace.integracoes-CaIVs1ss.mjs        [0m[1;2m    2.00 kB[0m[2m │ gzip:   0.85 kB[0m
[2m.output/server/[0m[36m_ssr/require-tenant-BPM6tUjE.mjs                         [0m[1;2m    2.05 kB[0m[2m │ gzip:   0.97 kB[0m
[2m.output/server/[0m[36m_ssr/card-CtX3ithx.mjs                                   [0m[1;2m    2.05 kB[0m[2m │ gzip:   0.60 kB[0m
[2m.output/server/[0m[36m_libs/zustand.mjs                                        [0m[1;2m    2.07 kB[0m[2m │ gzip:   0.78 kB[0m
[2m.output/server/[0m[36m_ssr/use-jobs-_1QFp2tT.mjs                               [0m[1;2m    2.09 kB[0m[2m │ gzip:   0.61 kB[0m
[2m.output/server/[0m[36m_authenticated-CNN98p0z.mjs                              [0m[1;2m    2.21 kB[0m[2m │ gzip:   0.90 kB[0m
[2m.output/server/[0m[36m_ssr/config.functions-BAO0Eeia.mjs                       [0m[1;2m    2.27 kB[0m[2m │ gzip:   1.09 kB[0m
[2m.output/server/[0m[36m_ssr/mercadopago.server-Cy431U6C.mjs                     [0m[1;2m    2.28 kB[0m[2m │ gzip:   1.07 kB[0m
[2m.output/server/[0m[36m_public.faq-DS5wOoQX.mjs                                 [0m[1;2m    2.32 kB[0m[2m │ gzip:   0.93 kB[0m
[2m.output/server/[0m[36m_ssr/planner-projects.functions-BBlzVg7k.mjs             [0m[1;2m    2.32 kB[0m[2m │ gzip:   0.95 kB[0m
[2m.output/server/[0m[36m_ssr/data-table-D8OLiqv-.mjs                             [0m[1;2m    2.34 kB[0m[2m │ gzip:   0.87 kB[0m
[2m.output/server/[0m[36m_ssr/notify.server-DtlyzPta.mjs                          [0m[1;2m    2.34 kB[0m[2m │ gzip:   1.09 kB[0m
[2m.output/server/[0m[36m_public.privacidade-Dd29vX5f.mjs                         [0m[1;2m    2.41 kB[0m[2m │ gzip:   1.09 kB[0m
[2m.output/server/[0m[36m_ssr/bus.server-DFjAXqnB.mjs                             [0m[1;2m    2.48 kB[0m[2m │ gzip:   1.05 kB[0m
[2m.output/server/[0m[36m_ssr/module-card-DThTCkqg.mjs                            [0m[1;2m    2.49 kB[0m[2m │ gzip:   0.95 kB[0m
[2m.output/server/[0m[36m_public.termos-cq11vzEC.mjs                              [0m[1;2m    2.58 kB[0m[2m │ gzip:   1.17 kB[0m
[2m.output/server/[0m[36m_authenticated.workspace.assets-lBd8z64d.mjs             [0m[1;2m    2.60 kB[0m[2m │ gzip:   0.99 kB[0m
[2m.output/server/[0m[36m_ssr/ai.functions-DQHOHBgD.mjs                           [0m[1;2m    2.61 kB[0m[2m │ gzip:   1.05 kB[0m
[2m.output/server/[0m[36m_ssr/public-catalog.functions-DogBu1fY.mjs               [0m[1;2m    2.62 kB[0m[2m │ gzip:   1.10 kB[0m
[2m.output/server/[0m[36m_ssr/reset-password-BtNx9QuB.mjs                         [0m[1;2m    2.74 kB[0m[2m │ gzip:   1.08 kB[0m
[2m.output/server/[0m[36m_ssr/badge-WgRir4L7.mjs                                  [0m[1;2m    2.84 kB[0m[2m │ gzip:   1.05 kB[0m
[2m.output/server/[0m[36m_ssr/pricing-LCBr8I1b.mjs                                [0m[1;2m    2.88 kB[0m[2m │ gzip:   1.20 kB[0m
[2m.output/server/[0m[36m_ssr/render-worker.server-BV5gDcWR.mjs                   [0m[1;2m    2.92 kB[0m[2m │ gzip:   1.41 kB[0m
[2m.output/server/[0m[36m_ssr/public-blog.functions-Ymk9UOyf.mjs                  [0m[1;2m    2.93 kB[0m[2m │ gzip:   1.25 kB[0m
[2m.output/server/[0m[36m_ssr/use-security-BCqdJuUk.mjs                           [0m[1;2m    2.95 kB[0m[2m │ gzip:   0.65 kB[0m
[2m.output/server/[0m[36m_public.blog._slug-GVwyAKDG.mjs                          [0m[1;2m    3.05 kB[0m[2m │ gzip:   1.08 kB[0m
[2m.output/server/[0m[36m_ssr/use-events-B-aJyr6T.mjs                             [0m[1;2m    3.20 kB[0m[2m │ gzip:   1.20 kB[0m
[2m.output/server/[0m[36m_ssr/registry-data.server-D-ucEzdy.mjs                   [0m[1;2m    3.24 kB[0m[2m │ gzip:   1.25 kB[0m
[2m.output/server/[0m[36m_libs/class-variance-authority+clsx.mjs                  [0m[1;2m    3.25 kB[0m[2m │ gzip:   1.27 kB[0m
[2m.output/server/[0m[36m_public.reembolso-DJXlh_JX.mjs                           [0m[1;2m    3.35 kB[0m[2m │ gzip:   1.54 kB[0m
[2m.output/server/[0m[36m_public.integracoes-DmMRv_C1.mjs                         [0m[1;2m    3.55 kB[0m[2m │ gzip:   1.31 kB[0m
[2m.output/server/[0m[36m_ssr/dialog-DIo89e4g.mjs                                 [0m[1;2m    3.77 kB[0m[2m │ gzip:   1.15 kB[0m
[2m.output/server/[0m[36m_ssr/admin-billing.functions-DVbJHhtG.mjs                [0m[1;2m    3.79 kB[0m[2m │ gzip:   1.45 kB[0m
[2m.output/server/[0m[36m_authenticated.configuracoes.empresa-DlMj0bL8.mjs        [0m[1;2m    3.92 kB[0m[2m │ gzip:   1.42 kB[0m
[2m.output/server/[0m[36m_ssr/billing.functions-DUW-Yv6N.mjs                      [0m[1;2m    4.10 kB[0m[2m │ gzip:   1.64 kB[0m
[2m.output/server/[0m[36m_authenticated.ia-B1HPtEld.mjs                           [0m[1;2m    4.13 kB[0m[2m │ gzip:   1.32 kB[0m
[2m.output/server/[0m[36m_ssr/sheet-C1vjnj_d.mjs                                  [0m[1;2m    4.20 kB[0m[2m │ gzip:   1.28 kB[0m
[2m.output/server/[0m[36m_public.docs-DIUYooVo.mjs                                [0m[1;2m    4.21 kB[0m[2m │ gzip:   1.57 kB[0m
[2m.output/server/[0m[36m_libs/radix-ui__react-progress.mjs                       [0m[1;2m    4.25 kB[0m[2m │ gzip:   1.44 kB[0m
[2m.output/server/[0m[36m_ssr/admin-observability.functions-By_oay4h.mjs          [0m[1;2m    4.29 kB[0m[2m │ gzip:   1.50 kB[0m
[2m.output/server/[0m[36m_public.recursos-GHyKhmzn.mjs                            [0m[1;2m    4.33 kB[0m[2m │ gzip:   1.65 kB[0m
[2m.output/server/[0m[36m_ssr/configuration.server-D-Dv-gmD.mjs                   [0m[1;2m    4.37 kB[0m[2m │ gzip:   1.43 kB[0m
[2m.output/server/[0m[36m_public.status-BvJGTDhx.mjs                              [0m[1;2m    4.38 kB[0m[2m │ gzip:   1.47 kB[0m
[2m.output/server/[0m[36m_public.cookies-DLL1ZWUv.mjs                             [0m[1;2m    4.47 kB[0m[2m │ gzip:   1.94 kB[0m
[2m.output/server/[0m[36m_ssr/library-supabase-DNYKRCsE.mjs                       [0m[1;2m    4.64 kB[0m[2m │ gzip:   1.80 kB[0m
[2m.output/server/[0m[36m_ssr/use-assets-09Qd1897.mjs                             [0m[1;2m    4.78 kB[0m[2m │ gzip:   1.60 kB[0m
[2m.output/server/[0m[36m_ssr/serialization-B-ZWySRo.mjs                          [0m[1;2m    4.96 kB[0m[2m │ gzip:   1.38 kB[0m
[2m.output/server/[0m[36m_public.produtos-DAd9FD8z.mjs                            [0m[1;2m    5.09 kB[0m[2m │ gzip:   1.79 kB[0m
[2m.output/server/[0m[36m_ssr/admin-blog.functions-BRE8VQsz.mjs                   [0m[1;2m    5.41 kB[0m[2m │ gzip:   1.84 kB[0m
[2m.output/server/[0m[36m_authenticated.planner.projetos.index-Dp0trIK9.mjs       [0m[1;2m    5.42 kB[0m[2m │ gzip:   1.87 kB[0m
[2m.output/server/[0m[36m_authenticated.workspace.ajuda-rAewEd0B.mjs              [0m[1;2m    5.54 kB[0m[2m │ gzip:   1.90 kB[0m
[2m.output/server/[0m[36m_public.sobre-BRa9Dors.mjs                               [0m[1;2m    5.59 kB[0m[2m │ gzip:   1.75 kB[0m
[2m.output/server/[0m[36m_public.contato-ZJW0Zw2M.mjs                             [0m[1;2m    5.60 kB[0m[2m │ gzip:   1.66 kB[0m
[2m.output/server/[0m[36m_ssr/select-Dg1urBTx.mjs                                 [0m[1;2m    5.61 kB[0m[2m │ gzip:   1.53 kB[0m
[2m.output/server/[0m[36m_libs/@radix-ui/react-avatar+[...].mjs                   [0m[1;2m    5.66 kB[0m[2m │ gzip:   1.66 kB[0m
[2m.output/server/[0m[36m_ssr/events.functions-DgjT5t2y.mjs                       [0m[1;2m    5.77 kB[0m[2m │ gzip:   1.79 kB[0m
[2m.output/server/[0m[36m_ssr/use-observability-DCAY7swR.mjs                      [0m[1;2m    5.78 kB[0m[2m │ gzip:   1.80 kB[0m
[2m.output/server/[0m[36m_authenticated.storage-DxuCRHwW.mjs                      [0m[1;2m    5.81 kB[0m[2m │ gzip:   1.75 kB[0m
[2m.output/server/[0m[36m_public.produtos.criador-CR2sCO4C.mjs                    [0m[1;2m    5.96 kB[0m[2m │ gzip:   1.81 kB[0m
[2m.output/server/[0m[36m_ssr/planner-catalog.functions-BlfAZyXq.mjs              [0m[1;2m    6.06 kB[0m[2m │ gzip:   2.10 kB[0m
[2m.output/server/[0m[36m_public.blog-BdgHVGKu.mjs                                [0m[1;2m    6.09 kB[0m[2m │ gzip:   1.95 kB[0m
[2m.output/server/[0m[36m_libs/radix-ui__react-tabs.mjs                           [0m[1;2m    6.17 kB[0m[2m │ gzip:   1.84 kB[0m
[2m.output/server/[0m[36m_ssr/planner-projects.functions-DjHfGUQ2.mjs             [0m[1;2m    6.31 kB[0m[2m │ gzip:   1.64 kB[0m
[2m.output/server/[0m[36m_ssr/dropdown-menu-BtjXROHi.mjs                          [0m[1;2m    6.35 kB[0m[2m │ gzip:   1.45 kB[0m
[2m.output/server/[0m[36m_ssr/use-notifications-BMaofMme.mjs                      [0m[1;2m    6.88 kB[0m[2m │ gzip:   1.81 kB[0m
[2m.output/server/[0m[36m_ssr/planner-ai.functions-Bh0J1opM.mjs                   [0m[1;2m    6.89 kB[0m[2m │ gzip:   2.42 kB[0m
[2m.output/server/[0m[36m_ssr/billing.functions-DoRk5iiZ.mjs                      [0m[1;2m    6.90 kB[0m[2m │ gzip:   2.11 kB[0m
[2m.output/server/[0m[36m_ssr/manager.server-Cb04vqCJ.mjs                         [0m[1;2m    6.96 kB[0m[2m │ gzip:   2.13 kB[0m
[2m.output/server/[0m[36m_public.produtos.planner-DpBtyl7V.mjs                    [0m[1;2m    7.16 kB[0m[2m │ gzip:   2.15 kB[0m
[2m.output/server/[0m[36m_authenticated.admin.observabilidade-BLlPDML4.mjs        [0m[1;2m    7.22 kB[0m[2m │ gzip:   2.09 kB[0m
[2m.output/server/[0m[36m_authenticated.workspace.api-keys-DvEnYdYR.mjs           [0m[1;2m    7.44 kB[0m[2m │ gzip:   2.21 kB[0m
[2m.output/server/[0m[36m_ssr/checkout.functions-vq-OC0gg.mjs                     [0m[1;2m    7.55 kB[0m[2m │ gzip:   2.51 kB[0m
[2m.output/server/[0m[36m_public.seguranca-DpATPA4T.mjs                           [0m[1;2m    7.60 kB[0m[2m │ gzip:   2.67 kB[0m
[2m.output/server/[0m[36m_ssr/planner-materials.functions-DigauZ4t.mjs            [0m[1;2m    7.62 kB[0m[2m │ gzip:   2.42 kB[0m
[2m.output/server/[0m[36m_libs/radix-ui__react-switch.mjs                         [0m[1;2m    7.87 kB[0m[2m │ gzip:   2.30 kB[0m
[2m.output/server/[0m[36m_ssr/use-platform-admin-CNgaj9D2.mjs                     [0m[1;2m    8.09 kB[0m[2m │ gzip:   2.68 kB[0m
[2m.output/server/[0m[36m_ssr/planner-snapshots.functions-DBC6Tjo2.mjs            [0m[1;2m    8.46 kB[0m[2m │ gzip:   2.42 kB[0m
[2m.output/server/[0m[36m_libs/tanstack__react-query.mjs                          [0m[1;2m    8.54 kB[0m[2m │ gzip:   2.09 kB[0m
[2m.output/server/[0m[36m_public.changelog-B8b5tchp.mjs                           [0m[1;2m    8.78 kB[0m[2m │ gzip:   2.95 kB[0m
[2m.output/server/[0m[36m_authenticated.workspace-DmtDhZH3.mjs                    [0m[1;2m    9.03 kB[0m[2m │ gzip:   2.53 kB[0m
[2m.output/server/[0m[36m_ssr/ai.functions-ClMLzWuc.mjs                           [0m[1;2m    9.21 kB[0m[2m │ gzip:   2.54 kB[0m
[2m.output/server/[0m[36m_ssr/decompose-CLlk6gxI.mjs                              [0m[1;2m    9.57 kB[0m[2m │ gzip:   3.34 kB[0m
[2m.output/server/[0m[36m_authenticated.planner-4C3unSlv.mjs                      [0m[1;2m   10.25 kB[0m[2m │ gzip:   3.15 kB[0m
[2m.output/server/[0m[36m_libs/tanstack__history.mjs                              [0m[1;2m   10.67 kB[0m[2m │ gzip:   3.12 kB[0m
[2m.output/server/[0m[36m_authenticated.observabilidade-tyUpHRdM.mjs              [0m[1;2m   10.68 kB[0m[2m │ gzip:   2.54 kB[0m
[2m.output/server/[0m[36m_public.planos-De93CRj7.mjs                              [0m[1;2m   10.85 kB[0m[2m │ gzip:   3.06 kB[0m
[2m.output/server/[0m[36m_ssr/notifications.functions-DXpe-T6g.mjs                [0m[1;2m   10.89 kB[0m[2m │ gzip:   2.36 kB[0m
[2m.output/server/[0m[36m_ssr/observability.functions-BvEWSWu8.mjs                [0m[1;2m   11.22 kB[0m[2m │ gzip:   2.78 kB[0m
[2m.output/server/[0m[36m_ssr/use-command-palette-fTAYAJhC.mjs                    [0m[1;2m   11.49 kB[0m[2m │ gzip:   3.32 kB[0m
[2m.output/server/[0m[36m_authenticated.notificacoes-CtAzxWeF.mjs                 [0m[1;2m   11.73 kB[0m[2m │ gzip:   2.38 kB[0m
[2m.output/server/[0m[36m_ssr/use-configuration-CUX0pbvE.mjs                      [0m[1;2m   12.11 kB[0m[2m │ gzip:   2.96 kB[0m
[2m.output/server/[0m[36m_ssr/auth-BA8nICFZ.mjs                                   [0m[1;2m   12.47 kB[0m[2m │ gzip:   3.05 kB[0m
[2m.output/server/[0m[36m_libs/supabase__functions-js.mjs                         [0m[1;2m   12.69 kB[0m[2m │ gzip:   3.50 kB[0m
[2m.output/server/[0m[36m_ssr/assets.functions-DO119VNl.mjs                       [0m[1;2m   12.83 kB[0m[2m │ gzip:   3.30 kB[0m
[2m.output/server/[0m[36m_ssr/TenantProvider-VPgvHSs8.mjs                         [0m[1;2m   13.28 kB[0m[2m │ gzip:   4.35 kB[0m
[2m.output/server/[0m[36m_ssr/plugin-functions-Ce7eFO9O.mjs                       [0m[1;2m   13.30 kB[0m[2m │ gzip:   3.18 kB[0m
[2m.output/server/[0m[36m_ssr/manager.server-DFTGr36o.mjs                         [0m[1;2m   13.39 kB[0m[2m │ gzip:   3.61 kB[0m
[2m.output/server/[0m[36m_ssr/planner-render.functions-CfGuy6fR.mjs               [0m[1;2m   13.42 kB[0m[2m │ gzip:   3.67 kB[0m
[2m.output/server/[0m[36m_authenticated.admin-DwhBWSpE.mjs                        [0m[1;2m   13.79 kB[0m[2m │ gzip:   4.25 kB[0m
[2m.output/server/[0m[36m_authenticated.api-gateway-CDbTGgYq.mjs                  [0m[1;2m   14.00 kB[0m[2m │ gzip:   3.26 kB[0m
[2m.output/server/[0m[36m_authenticated.jobs-DoCN9A_h.mjs                         [0m[1;2m   14.15 kB[0m[2m │ gzip:   3.17 kB[0m
[2m.output/server/[0m[36m_ssr/pbr-catalog-IyT8uT6o.mjs                            [0m[1;2m   14.26 kB[0m[2m │ gzip:   2.97 kB[0m
[2m.output/server/[0m[36m_ssr/manager.server-CzZkP9ve.mjs                         [0m[1;2m   14.80 kB[0m[2m │ gzip:   4.55 kB[0m
[2m.output/server/[0m[36m_authenticated.cache-Cdm4qqkc.mjs                        [0m[1;2m   14.95 kB[0m[2m │ gzip:   3.26 kB[0m
[2m.output/server/[0m[36m_ssr/api-gateway.functions-pOGIySyb.mjs                  [0m[1;2m   15.12 kB[0m[2m │ gzip:   3.94 kB[0m
[2m.output/server/[0m[36m_ssr/quality.functions-COZWK4qN.mjs                      [0m[1;2m   15.17 kB[0m[2m │ gzip:   3.91 kB[0m
[2m.output/server/[0m[36m_ssr/tenant.functions-DOLbKUKp.mjs                       [0m[1;2m   15.44 kB[0m[2m │ gzip:   3.73 kB[0m
[2m.output/server/[0m[36m_authenticated.quality-CH2KLKQ6.mjs                      [0m[1;2m   15.63 kB[0m[2m │ gzip:   3.41 kB[0m
[2m.output/server/[0m[36m_authenticated.sdk-I2Grsoic.mjs                          [0m[1;2m   16.24 kB[0m[2m │ gzip:   4.14 kB[0m
[2m.output/server/[0m[36m_authenticated.planner.biblioteca-CKltdenp.mjs           [0m[1;2m   16.37 kB[0m[2m │ gzip:   4.16 kB[0m
[2m.output/server/[0m[36m_libs/h3+rou3+srvx.mjs                                   [0m[1;2m   16.71 kB[0m[2m │ gzip:   4.86 kB[0m
[2m.output/server/[0m[36m_authenticated.cicd-ozUi7osf.mjs                         [0m[1;2m   16.72 kB[0m[2m │ gzip:   3.28 kB[0m
[2m.output/server/[0m[36m_ssr/cache.functions-f3OYYu8u.mjs                        [0m[1;2m   16.77 kB[0m[2m │ gzip:   4.02 kB[0m
[2m.output/server/[0m[36m_ssr/planner-quotes.functions-BD__6Fc4.mjs               [0m[1;2m   16.95 kB[0m[2m │ gzip:   4.21 kB[0m
[2m.output/server/[0m[36m_libs/cmdk.mjs                                           [0m[1;2m   17.01 kB[0m[2m │ gzip:   5.58 kB[0m
[2m.output/server/[0m[36m_ssr/planner-production.functions-CgsH4BrR.mjs           [0m[1;2m   17.31 kB[0m[2m │ gzip:   4.08 kB[0m
[2m.output/server/[0m[36m_authenticated.recovery-BSgtNnYJ.mjs                     [0m[1;2m   17.39 kB[0m[2m │ gzip:   3.54 kB[0m
[2m.output/server/[0m[36m_ssr/integrations.functions-CglSLBPd.mjs                 [0m[1;2m   17.60 kB[0m[2m │ gzip:   4.00 kB[0m
[2m.output/server/[0m[36m_ssr/library.admin.functions-DN6Cr0Qm.mjs                [0m[1;2m   18.23 kB[0m[2m │ gzip:   4.00 kB[0m
[2m.output/server/[0m[36m_authenticated.admin.billing-DeqWAk8_.mjs                [0m[1;2m   18.26 kB[0m[2m │ gzip:   4.73 kB[0m
[2m.output/server/[0m[36m_authenticated.planner.engenharia-DoQT_9lz.mjs           [0m[1;2m   18.72 kB[0m[2m │ gzip:   4.19 kB[0m
[2m.output/server/[0m[36m_libs/radix-ui__react-tooltip.mjs                        [0m[1;2m   19.07 kB[0m[2m │ gzip:   4.39 kB[0m
[2m.output/server/[0m[36m_authenticated.planner.orcamentos-BY4FDD3O.mjs           [0m[1;2m   20.03 kB[0m[2m │ gzip:   5.12 kB[0m
[2m.output/server/[0m[36m_ssr/planner-assets.functions-C7qQbsoC.mjs               [0m[1;2m   20.05 kB[0m[2m │ gzip:   4.73 kB[0m
[2m.output/server/[0m[36m_authenticated.planner.materiais-Doocee2L.mjs            [0m[1;2m   20.15 kB[0m[2m │ gzip:   4.79 kB[0m
[2m.output/server/[0m[36m_authenticated.planner.assets-DoFHnMWa.mjs               [0m[1;2m   20.31 kB[0m[2m │ gzip:   6.01 kB[0m
[2m.output/server/[0m[36m_ssr/security.functions-DlF9gMZI.mjs                     [0m[1;2m   20.38 kB[0m[2m │ gzip:   4.65 kB[0m
[2m.output/server/[0m[36m_authenticated.planner.ia-studio-BGrmaAWe.mjs            [0m[1;2m   20.75 kB[0m[2m │ gzip:   4.82 kB[0m
[2m.output/server/[0m[36m_authenticated.admin.blog-CKvx-tBc.mjs                   [0m[1;2m   20.76 kB[0m[2m │ gzip:   4.68 kB[0m
[2m.output/server/[0m[36m_ssr/planner-ai.functions-7VIASfHI.mjs                   [0m[1;2m   21.33 kB[0m[2m │ gzip:   5.50 kB[0m
[2m.output/server/[0m[36m_ssr/cicd.functions-B9dzLEbF.mjs                         [0m[1;2m   21.85 kB[0m[2m │ gzip:   4.88 kB[0m
[2m.output/server/[0m[36m_libs/radix-ui__react-slider.mjs                         [0m[1;2m   22.43 kB[0m[2m │ gzip:   5.47 kB[0m
[2m.output/server/[0m[36m_ssr/configuration.functions-DSs9gstq.mjs                [0m[1;2m   22.50 kB[0m[2m │ gzip:   4.60 kB[0m
[2m.output/server/[0m[36m_ssr/recovery.functions-Be-gE19A.mjs                     [0m[1;2m   22.55 kB[0m[2m │ gzip:   4.87 kB[0m
[2m.output/server/[0m[36m_ssr/job.functions-BfCAyMyY.mjs                          [0m[1;2m   23.03 kB[0m[2m │ gzip:   5.48 kB[0m
[2m.output/server/[0m[36m_ssr/PublicLayout-6tuH7QRN.mjs                           [0m[1;2m   23.21 kB[0m[2m │ gzip:   5.28 kB[0m
[2m.output/server/[0m[36m_authenticated.security-CLYx4StQ.mjs                     [0m[1;2m   23.25 kB[0m[2m │ gzip:   4.73 kB[0m
[2m.output/server/[0m[36m_authenticated.workspace.equipe-CabaPsYR.mjs             [0m[1;2m   23.36 kB[0m[2m │ gzip:   5.24 kB[0m
[2m.output/server/[0m[36m_authenticated.workspace.assinatura-DKRjEiyg.mjs         [0m[1;2m   23.44 kB[0m[2m │ gzip:   4.55 kB[0m
[2m.output/server/[0m[36m_libs/@floating-ui/dom+[...].mjs                         [0m[1;2m   25.47 kB[0m[2m │ gzip:   6.61 kB[0m
[2m.output/server/[0m[36m_authenticated.configuracoes.index-DpItBFVi.mjs          [0m[1;2m   25.50 kB[0m[2m │ gzip:   4.91 kB[0m
[2m.output/server/[0m[36m_libs/@floating-ui/core+[...].mjs                        [0m[1;2m   25.65 kB[0m[2m │ gzip:   6.36 kB[0m
[2m.output/server/[0m[36m_authenticated.workspace.notificacoes-BP7uNBfm.mjs       [0m[1;2m   27.97 kB[0m[2m │ gzip:   5.22 kB[0m
[2m.output/server/[0m[36m_authenticated.planner.render-BWzyHga5.mjs               [0m[1;2m   28.52 kB[0m[2m │ gzip:   6.64 kB[0m
[2m.output/server/[0m[36m_public.index-LqxDuANh.mjs                               [0m[1;2m   29.11 kB[0m[2m │ gzip:   6.06 kB[0m
[2m.output/server/[0m[36m_authenticated.workspace.ia-CPnqi63B.mjs                 [0m[1;2m   30.09 kB[0m[2m │ gzip:   6.72 kB[0m
[2m.output/server/[0m[36m_libs/radix-ui__react-scroll-area.mjs                    [0m[1;2m   30.44 kB[0m[2m │ gzip:   6.07 kB[0m
[2m.output/server/[0m[36m_authenticated.planner.producao-CFIGnSNL.mjs             [0m[1;2m   31.07 kB[0m[2m │ gzip:   6.59 kB[0m
[2m.output/server/[0m[36m_authenticated.workspace.perfil-D4hQvXic.mjs             [0m[1;2m   31.55 kB[0m[2m │ gzip:   6.02 kB[0m
[2m.output/server/[0m[36m_libs/@floating-ui/react-dom+[...].mjs                   [0m[1;2m   31.56 kB[0m[2m │ gzip:   8.02 kB[0m
[2m.output/server/[0m[36m_ssr/editor-context-zrva62hM.mjs                         [0m[1;2m   32.14 kB[0m[2m │ gzip:   8.53 kB[0m
[2m.output/server/[0m[36m_authenticated.workspace.empresa-CfJOuJLG.mjs            [0m[1;2m   32.32 kB[0m[2m │ gzip:   6.18 kB[0m
[2m.output/server/[0m[36m_authenticated-CvEQzCZ2.mjs                              [0m[1;2m   34.68 kB[0m[2m │ gzip:   8.06 kB[0m
[2m.output/server/[0m[36m_authenticated.workspace.modulos-D7_F_d7V.mjs            [0m[1;2m   35.20 kB[0m[2m │ gzip:   6.93 kB[0m
[2m.output/server/[0m[36m_libs/supabase__supabase-js.mjs                          [0m[1;2m   36.50 kB[0m[2m │ gzip:  10.71 kB[0m
[2m.output/server/[0m[36m_authenticated.admin.biblioteca-DO0Doj31.mjs             [0m[1;2m   39.09 kB[0m[2m │ gzip:   6.75 kB[0m
[2m.output/server/[0m[36m_authenticated.workspace.creditos-BrLqStry.mjs           [0m[1;2m   39.56 kB[0m[2m │ gzip:   7.25 kB[0m
[2m.output/server/[0m[36m_ssr/LibraryPanel-BHyaysaL.mjs                           [0m[1;2m   40.88 kB[0m[2m │ gzip:   9.05 kB[0m
[2m.output/server/[0m[36m_libs/@radix-ui/react-select+[...].mjs                   [0m[1;2m   46.75 kB[0m[2m │ gzip:   9.93 kB[0m
[2m.output/server/[0m[36m_authenticated.planner.visao-1mRafpmS.mjs                [0m[1;2m   48.43 kB[0m[2m │ gzip:  11.47 kB[0m
[2m.output/server/[0m[36m_libs/supabase__phoenix.mjs                              [0m[1;2m   50.58 kB[0m[2m │ gzip:  12.78 kB[0m
[2m.output/server/[0m[36m_authenticated.workspace.index-DxMc9Ch1.mjs              [0m[1;2m   51.26 kB[0m[2m │ gzip:  11.43 kB[0m
[2m.output/server/[0m[36m_tanstack-start-manifest_v-D9p53o-Y.mjs                  [0m[1;2m   51.73 kB[0m[2m │ gzip:   6.65 kB[0m
[2m.output/server/[0m[36m_libs/sonner.mjs                                         [0m[1;2m   53.72 kB[0m[2m │ gzip:  12.15 kB[0m
[2m.output/server/[0m[36m_authenticated.planner.configurador-CF4ukg2h.mjs         [0m[1;2m   55.80 kB[0m[2m │ gzip:  13.18 kB[0m
[2m.output/server/[0m[36m_authenticated.workspace.configuracoes-DJoRLugU.mjs      [0m[1;2m   57.79 kB[0m[2m │ gzip:   8.86 kB[0m
[2m.output/server/[0m[36m_libs/@radix-ui/react-accordion+[...].mjs                [0m[1;2m   58.06 kB[0m[2m │ gzip:  12.21 kB[0m
[2m.output/server/[0m[36m_authenticated.planner.decoradora-BkQZFhGw.mjs           [0m[1;2m   58.91 kB[0m[2m │ gzip:  14.44 kB[0m
[2m.output/server/[0m[36m_libs/@radix-ui/react-dropdown-menu+[...].mjs            [0m[1;2m   60.02 kB[0m[2m │ gzip:  11.95 kB[0m
[2m.output/server/[0m[36m_ssr/Inspector-DGn5jflH.mjs                              [0m[1;2m   60.19 kB[0m[2m │ gzip:  12.38 kB[0m
[2m.output/server/[0m[36m_authenticated.planner.orcamento-projeto-DS6rbA2Y.mjs    [0m[1;2m   61.25 kB[0m[2m │ gzip:  16.27 kB[0m
[2m.output/server/[0m[36m_libs/@radix-ui/react-dialog+[...].mjs                   [0m[1;2m   66.82 kB[0m[2m │ gzip:  15.77 kB[0m
[2m.output/server/[0m[36m_libs/tanstack__query-core.mjs                           [0m[1;2m   66.90 kB[0m[2m │ gzip:  13.98 kB[0m
[2m.output/server/[0m[36m_authenticated.planner.marketplace-IIEdh8Ej.mjs          [0m[1;2m   69.80 kB[0m[2m │ gzip:  15.44 kB[0m
[2m.output/server/[0m[36m_ssr/insert-Dh6FTrZL.mjs                                 [0m[1;2m   69.90 kB[0m[2m │ gzip:  16.95 kB[0m
[2m.output/server/[0m[36m_libs/supabase__realtime-js+unenv.mjs                    [0m[1;2m   81.17 kB[0m[2m │ gzip:  20.57 kB[0m
[2m.output/server/[0m[36mindex.mjs                                                [0m[1;2m   82.65 kB[0m[2m │ gzip:  17.86 kB[0m
[2m.output/server/[0m[36m_libs/tailwind-merge.mjs                                 [0m[1;2m   88.17 kB[0m[2m │ gzip:  15.68 kB[0m
[2m.output/server/[0m[36m_authenticated.planner.projetos._projectId-DsuU_RhC.mjs  [0m[1;2m   92.05 kB[0m[2m │ gzip:  19.49 kB[0m
[2m.output/server/[0m[36m_libs/zod.mjs                                            [0m[1;2m  100.45 kB[0m[2m │ gzip:  17.37 kB[0m
[2m.output/server/[0m[36m_libs/lucide-react.mjs                                   [0m[1;2m  104.71 kB[0m[2m │ gzip:  18.66 kB[0m
[2m.output/server/[0m[36m_libs/supabase__postgrest-js.mjs                         [0m[1;2m  105.59 kB[0m[2m │ gzip:  21.70 kB[0m
[2m.output/server/[0m[36m_libs/@supabase/storage-js+[...].mjs                     [0m[1;2m  119.70 kB[0m[2m │ gzip:  22.40 kB[0m
[2m.output/server/[0m[36m_ssr/router-BzZU50tv.mjs                                 [0m[1;2m  125.08 kB[0m[2m │ gzip:  24.67 kB[0m
[2m.output/server/[0m[36m_authenticated.planner.video-giY2fflm.mjs                [0m[1;2m  145.12 kB[0m[2m │ gzip:  30.86 kB[0m
[2m.output/server/[0m[36m_ssr/server-IZJ6wSkE2.mjs                                [0m[1;2m  268.76 kB[0m[2m │ gzip:  64.29 kB[0m
[2m.output/server/[0m[36m_ssr/PlannerAIPanel-BQ-VwqDO.mjs                         [0m[1;2m  308.09 kB[0m[2m │ gzip:  84.33 kB[0m
[2m.output/server/[0m[36m_libs/supabase__auth-js.mjs                              [0m[1;2m  313.15 kB[0m[2m │ gzip:  63.79 kB[0m
[2m.output/server/[0m[36m_libs/framer-motion.mjs                                  [0m[1;2m  364.06 kB[0m[2m │ gzip:  92.51 kB[0m
[2m.output/server/[0m[36m_ssr/planner-v2-BshgVn8b.mjs                             [0m[1;2m  411.34 kB[0m[2m │ gzip:  87.44 kB[0m
[2m.output/server/[0m[36m_libs/@react-three/postprocessing+[...].mjs              [0m[1;2m  452.24 kB[0m[2m │ gzip: 178.00 kB[0m
[2m.output/server/[0m[36m_authenticated.planner.ia-DFyCn3UR.mjs                   [0m[1;2m  471.12 kB[0m[2m │ gzip: 105.95 kB[0m
[2m.output/server/[0m[36m_libs/@react-three/drei+[...].mjs                        [0m[33;1m  508.74 kB[0m[2m │ gzip: 117.42 kB[0m
[2m.output/server/[0m[36m_libs/@tanstack/react-router+[...].mjs                   [0m[33;1m  642.56 kB[0m[2m │ gzip: 134.86 kB[0m
[2m.output/server/[0m[36m_libs/@monogrid/gainmap-js+[...].mjs                     [0m[33;1m1,912.51 kB[0m[2m │ gzip: 377.65 kB[0m

✓ built in 1.90s
[nitro] ℹ Using auto generated worker name: diegocesarpadilha2316-ai-friendly-hello
ℹ Generated .output/server/wrangler.json
ℹ Generated .wrangler/deploy/config.json
ℹ Generated .output/public/_headers
ℹ Generated .output/nitro.json

[nitro] ✔ You can preview this build using npx vite preview
[nitro] ✔ You can deploy this build using npx nitro deploy --prebuilt
ssr_output=local
ssr_chunks_discovered=258
patched_ssr_chunks=5
